timestamp;activity;cocina_acs712_airfryer_current_last;cocina_acs712_airfryer_current_max;cocina_acs712_cafetera_current_last;cocina_acs712_cafetera_current_max;cocina_dht11_cocina_humidity_mean;cocina_dht11_cocina_humidity_min;cocina_dht11_cocina_humidity_max;cocina_dht11_cocina_humidity_std;cocina_dht11_cocina_temperature_mean;cocina_dht11_cocina_temperature_min;cocina_dht11_cocina_temperature_max;cocina_dht11_cocina_temperature_std;cocina_hc_sr04_cocina_distance_last;cocina_hc_sr04_cocina_distance_min;cocina_hc_sr04_cocina_distance_max;cocina_pir_cocina_movement_last;cocina_pir_cocina_movement_sum;cocina_pir_cocina_movement_max;cocina_yf_s201_cocina_flow_state_last;cocina_yf_s201_cocina_flow_state_sum;cocina_yf_s201_cocina_flow_state_max;comedor_pir_comedor_movement_last;comedor_pir_comedor_movement_sum;comedor_pir_comedor_movement_max
2026-04-25 01:54:00;sin_act_cocina_comedor;0;0.265;0;0.185;44;44;44;0;26.566667;26;27;0.504007;78.187;16.395;78.187;0;0;0;0;0;0;1;15;1
2026-04-25 01:54:30;sin_act_cocina_comedor;0;0.284;0;0.195;44;44;44;0;27;27;27;0;23.255;16.876;78.187;1;6;1;0;0;0;1;25;1
2026-04-25 01:55:00;sin_act_cocina_comedor;0.306;0.306;0;0.193;44;44;44;0;27;27;27;0;23.255;23.255;23.255;1;30;1;0;2;1;1;30;1
2026-04-25 01:55:30;sin_act_cocina_comedor;0.286;0.306;0;0.193;44;44;44;0;27;27;27;0;3.224;3.224;75.426;1;30;1;0;0;0;1;25;1
2026-04-25 01:56:00;sin_act_cocina_comedor;0;0.286;0.191;0.215;43.833333;43;44;0.379049;27;27;27;0;9.467;4.082;93.176;1;30;1;0;0;0;1;30;1
2026-04-25 01:56:30;sin_act_cocina_comedor;0;0.271;0;0.201;43;43;43;0;27;27;27;0;122.76;9.467;154.196;1;30;1;0;0;0;1;25;1
2026-04-25 01:57:00;uso_lavaplatos;0;0.309;0;0.205;43;43;43;0;27;27;27;0;152.772;122.76;153.527;1;30;1;1;13;1;1;25;1
2026-04-25 01:57:30;sin_act_cocina_comedor;0;0.267;0;0.193;43;43;43;0;27;27;27;0;56.801;6.62;153.115;1;30;1;0;0;0;1;10;1
2026-04-25 01:58:00;sin_act_cocina_comedor;0;0.288;0;0.178;43;43;43;0;27;27;27;0;24.387;21.506;56.801;1;30;1;0;0;0;1;0;0
2026-04-25 01:58:30;sin_act_cocina_comedor;0.262;0.285;0.179;0.2;43;43;43;0;27;27;27;0;55.737;54.88;55.737;0;24;1;0;0;0;0;25;1
2026-04-25 01:59:00;sin_act_cocina_comedor;0;0.271;0.18;0.183;43;43;43;0;27;27;27;0;37.61;36.701;55.737;1;21;1;0;0;0;1;30;1
2026-04-25 01:59:30;sin_act_cocina_comedor;0;0.281;0.187;0.21;43;43;43;0;26.866667;26;27;0.345746;36.135;36.135;41.554;1;30;1;0;0;0;1;30;1
2026-04-25 02:00:00;sin_act_cocina_comedor;0;0.272;0.192;0.192;43;43;43;0;26;26;26;0;70.778;19.705;70.778;1;30;1;0;0;0;0;20;1
2026-04-25 02:00:30;sin_act_cocina_comedor;0;0.276;0.176;0.197;43;43;43;0;26.433333;26;27;0.504007;41.829;41.332;68.274;1;30;1;0;0;0;1;25;1
2026-04-25 02:01:00;sin_act_cocina_comedor;0;0.287;0;0.199;43;43;43;0;27;27;27;0;150.749;3.207;150.749;1;30;1;0;0;0;1;26;1
2026-04-25 02:01:30;sin_act_cocina_comedor;0;0.271;0;0.205;43;43;43;0;27;27;27;0;15.126;15.126;150.749;1;30;1;0;0;0;1;30;1
2026-04-25 02:02:00;sin_act_cocina_comedor;0.262;0.35;0;0.205;43;43;43;0;27;27;27;0;50.438;50.438;158.535;1;30;1;0;0;0;1;26;1
2026-04-25 02:02:30;sin_act_cocina_comedor;0.267;0.341;0;0.197;43;43;43;0;27;27;27;0;16.121;8.078;158.02;1;30;1;0;0;0;1;30;1
2026-04-25 02:03:00;sin_act_cocina_comedor;0;0.277;0;0.191;43;43;43;0;27;27;27;0;99.659;16.121;99.95;1;30;1;0;0;0;1;26;1
2026-04-25 02:03:30;sin_act_cocina_comedor;0;0.269;0;0.194;43;43;43;0;27;27;27;0;71.43;63.661;99.659;1;30;1;0;0;0;1;25;1
2026-04-25 02:04:00;sin_act_cocina_comedor;0;0.282;0;0.191;43;43;43;0;27;27;27;0;151.898;71.43;157.797;1;30;1;0;0;0;1;30;1
2026-04-25 02:04:30;sin_act_cocina_comedor;0.262;0.307;0;0.184;43;43;43;0;27;27;27;0;151.023;140.75;152.395;0;26;1;0;0;0;1;25;1
2026-04-25 02:05:00;sin_act_cocina_comedor;0;0.274;0;0.19;43;43;43;0;27;27;27;0;150.869;64.312;151.915;1;24;1;0;0;0;1;25;1
2026-04-25 02:05:30;sin_act_cocina_comedor;0;0.298;0.185;0.189;43;43;43;0;26.333333;26;27;0.479463;151.297;63.455;173.747;1;30;1;0;0;0;1;30;1
2026-04-25 02:06:00;sin_act_cocina_comedor;0;0.279;0;0.197;43;43;43;0;27;27;27;0;156.785;134.319;156.785;0;6;1;0;0;0;1;30;1
2026-04-25 02:06:30;sin_act_cocina_comedor;0;0.275;0;0.197;43;43;43;0;27;27;27;0;151.332;150.903;156.785;0;0;0;0;0;0;1;24;1
2026-04-25 02:07:00;sin_act_cocina_comedor;0;0.284;0;0.196;43;43;43;0;27;27;27;0;151.28;150.817;151.812;0;0;0;0;0;0;0;25;1
2026-04-25 02:07:30;sin_act_cocina_comedor;0;0;0;0.181;43;43;43;0;27;27;27;0;151.212;150.371;151.623;0;0;0;0;0;0;1;25;1
2026-04-25 02:08:00;sin_act_cocina_comedor;0;0;0;0.178;43;43;43;0;27;27;27;0;151.297;64.175;151.623;0;0;0;0;0;0;0;20;1
2026-04-25 02:08:30;sin_act_cocina_comedor;0;0.299;0;0.174;43;43;43;0;27;27;27;0;151.229;150.834;152.103;0;0;0;0;0;0;1;30;1
2026-04-25 02:09:00;sin_act_cocina_comedor;0;0.269;0;0.18;43;43;43;0;27;27;27;0;150.766;150.388;151.297;0;0;0;0;0;0;1;30;1
2026-04-25 02:09:30;sin_act_cocina_comedor;0;0.28;0;0.183;43;43;43;0;27;27;27;0;151.212;67.657;151.28;0;0;0;0;0;0;1;25;1
2026-04-25 02:10:00;sin_act_cocina_comedor;0;0;0.178;0.206;43;43;43;0;27;27;27;0;151.143;62.872;151.623;0;0;0;0;0;0;1;30;1
2026-04-25 02:10:30;sin_act_cocina_comedor;0;0.284;0;0.204;43;43;43;0;27;27;27;0;150.714;150.646;173.078;0;0;0;0;0;0;0;19;1
2026-04-25 02:11:00;sin_act_cocina_comedor;0;0.28;0;0.199;42.3;42;43;0.466092;27;27;27;0;150.663;63.832;174.415;0;0;0;0;0;0;1;30;1
2026-04-25 02:11:30;sin_act_cocina_comedor;0;0.317;0;0.192;42;42;42;0;27;27;27;0;151.52;150.32;151.572;0;0;0;0;0;0;1;25;1
2026-04-25 02:12:00;sin_act_cocina_comedor;0;0.311;0.208;0.208;42;42;42;0;27;27;27;0;128.162;63.729;151.623;0;0;0;0;0;0;1;24;1
2026-04-25 02:12:30;sin_act_cocina_comedor;0;0.297;0;0.201;42;42;42;0;27;27;27;0;151.452;62.94;194.721;0;0;0;0;0;0;1;19;1
2026-04-25 02:13:00;sin_act_cocina_comedor;0;0.291;0.199;0.211;42;42;42;0;27;27;27;0;138.349;137.269;152.035;0;0;0;0;0;0;0;27;1
2026-04-25 02:13:30;sin_act_cocina_comedor;0;0.292;0.18;0.201;42;42;42;0;27;27;27;0;151.126;150.594;151.126;0;0;0;0;0;0;1;23;1
2026-04-25 02:14:00;sin_act_cocina_comedor;0;0.317;0.175;0.216;42;42;42;0;27;27;27;0;151.023;148.33;151.486;0;0;0;0;0;0;1;25;1
2026-04-25 02:14:30;sin_act_cocina_comedor;0;0.298;0.179;0.199;42;42;42;0;27;27;27;0;150.165;62.923;151.452;0;0;0;0;0;0;1;25;1
2026-04-25 02:15:00;sin_act_cocina_comedor;0;0.283;0.205;0.205;42;42;42;0;27;27;27;0;64.57;64.57;151.452;0;0;0;0;0;0;1;25;1
2026-04-25 02:15:30;sin_act_cocina_comedor;0;0.273;0.182;0.198;42;42;42;0;27;27;27;0;146.993;63.352;151.469;0;0;0;0;0;0;0;22;1
2026-04-25 02:16:00;sin_act_cocina_comedor;0;0.299;0.188;0.197;42;42;42;0;27;27;27;0;150.646;64.69;151.829;0;0;0;0;0;0;1;22;1
2026-04-25 02:16:30;sin_act_cocina_comedor;0.262;0.286;0;0.211;42;42;42;0;27.166667;27;28;0.379049;150.543;63.781;151.537;0;0;0;0;0;0;1;25;1
2026-04-25 02:17:00;sin_act_cocina_comedor;0;0.28;0;0.207;42;42;42;0;28;28;28;0;150.594;57.933;151.417;0;0;0;0;0;0;1;20;1
2026-04-25 02:17:30;sin_act_cocina_comedor;0;0.284;0.181;0.205;42;42;42;0;28;28;28;0;151.64;63.729;151.64;0;0;0;0;0;0;1;29;1
2026-04-25 02:18:00;sin_act_cocina_comedor;0;0.283;0;0.208;41.533333;41;42;0.507416;28;28;28;0;150.165;39.119;151.64;0;0;0;0;0;0;0;26;1
2026-04-25 02:18:30;sin_act_cocina_comedor;0.262;0.289;0.192;0.217;41;41;41;0;28;28;28;0;151.692;62.923;157.849;0;0;0;0;0;0;1;25;1
2026-04-25 02:19:00;sin_act_cocina_comedor;0;0.294;0.175;0.217;41;41;41;0;28;28;28;0;113.91;113.91;151.726;0;0;0;0;0;0;0;30;1
2026-04-25 02:19:30;sin_act_cocina_comedor;0;0.312;0;0.226;41;41;41;0;28;28;28;0;151.212;95.405;184.757;0;0;0;0;0;0;1;25;1
2026-04-25 02:20:00;sin_act_cocina_comedor;0;0.333;0.179;0.206;41;41;41;0;28;28;28;0;151.606;83.881;167.453;0;0;0;0;0;0;1;30;1
2026-04-25 02:20:30;sin_act_cocina_comedor;0.281;0.291;0;0.2;41;41;41;0;28;28;28;0;151.297;112.298;151.589;0;0;0;0;0;0;1;26;1
2026-04-25 02:21:00;sin_act_cocina_comedor;0;0.268;0;0.204;41;41;41;0;28;28;28;0;151.246;89.66;152.464;0;0;0;0;0;0;1;30;1
2026-04-25 02:21:30;sin_act_cocina_comedor;0.283;0.283;0.176;0.203;41;41;41;0;28;28;28;0;11.679;11.679;151.623;1;13;1;0;0;0;1;30;1
2026-04-25 02:22:00;sin_act_cocina_comedor;0;0.283;0.18;0.208;41;41;41;0;28;28;28;0;151.915;11.679;153.887;1;30;1;0;0;0;1;30;1
2026-04-25 02:22:30;sin_act_cocina_comedor;0.274;0.274;0.191;0.191;41;41;41;0;28;28;28;0;113.653;113.139;151.915;1;30;1;0;0;0;1;30;1
2026-04-25 02:23:00;sin_act_cocina_comedor;0;0.293;0;0.223;41;41;41;0;28;28;28;0;64.038;64.038;151.555;1;30;1;0;0;0;1;21;1
2026-04-25 02:23:30;sin_act_cocina_comedor;0;0.279;0.188;0.213;41;41;41;0;28;28;28;0;64.793;5.145;149.342;1;30;1;0;0;0;1;30;1
2026-04-25 02:24:00;sin_act_cocina_comedor;0;0.281;0;0.217;41;41;41;0;28;28;28;0;64.707;64.244;152.378;1;30;1;0;0;0;1;25;1
2026-04-25 02:24:30;sin_act_cocina_comedor;0;0.266;0;0.198;41;41;41;0;28;28;28;0;65.633;63.832;154.247;0;26;1;0;0;0;1;30;1
2026-04-25 02:25:00;sin_act_cocina_comedor;0;0.296;0.181;0.21;41;41;41;0;28;28;28;0;63.884;22.261;154.127;1;29;1;0;0;0;1;25;1
2026-04-25 02:25:30;sin_act_cocina_comedor;0;0.299;0.19;0.207;41;41;41;0;28;28;28;0;173.592;63.884;173.592;1;30;1;0;0;0;1;25;1
2026-04-25 02:26:00;sin_act_cocina_comedor;0.303;0.303;0.193;0.207;41;41;41;0;28;28;28;0;65.204;63.935;208.63;0;11;1;0;0;0;1;20;1
2026-04-25 02:26:30;sin_act_cocina_comedor;0;0.323;0.176;0.195;41;41;41;0;28;28;28;0;98.818;64.312;168.379;0;0;0;0;0;0;1;30;1
2026-04-25 02:27:00;sin_act_cocina_comedor;0;0.295;0.195;0.219;41;41;41;0;28;28;28;0;154.659;64.741;154.659;0;0;0;0;0;0;1;25;1
2026-04-25 02:27:30;sin_act_cocina_comedor;0;0.287;0;0.195;41;41;41;0;28;28;28;0;152.927;64.244;154.264;0;0;0;0;0;0;1;26;1
2026-04-25 02:28:00;sin_act_cocina_comedor;0;0.299;0.185;0.198;41;41;41;0;28;28;28;0;152.927;63.884;174.244;0;0;0;0;0;0;0;25;1
2026-04-25 02:28:30;sin_act_cocina_comedor;0.264;0.281;0;0.205;41;41;41;0;28;28;28;0;153.372;64.638;198.906;0;0;0;0;0;0;1;30;1
2026-04-25 02:29:00;sin_act_cocina_comedor;0;0.275;0;0.2;41;41;41;0;28;28;28;0;152.978;64.415;153.407;0;0;0;0;0;0;1;30;1
2026-04-25 02:29:30;sin_act_cocina_comedor;0;0.293;0.185;0.22;41;41;41;0;28;28;28;0;152.978;64.261;190.348;0;0;0;0;0;0;1;30;1
2026-04-25 02:30:00;sin_act_cocina_comedor;0;0.276;0;0.19;41;41;41;0;28;28;28;0;62.306;62.306;166.938;0;0;0;0;0;0;1;30;1
2026-04-25 02:30:30;sin_act_cocina_comedor;0.264;0.279;0.176;0.205;41;41;41;0;28;28;28;0;152.944;63.781;177.743;0;0;0;0;0;0;1;30;1
2026-04-25 02:31:00;sin_act_cocina_comedor;0;0.298;0;0.199;41;41;41;0;28;28;28;0;152.549;45.104;156.442;0;0;0;0;0;0;1;25;1
2026-04-25 02:31:30;sin_act_cocina_comedor;0;0.298;0.179;0.21;41;41;41;0;28;28;28;0;152.892;63.884;154.196;0;0;0;0;0;0;1;30;1
2026-04-25 02:32:00;sin_act_cocina_comedor;0.263;0.293;0.191;0.21;41;41;41;0;28;28;28;0;153.835;63.781;178.892;0;0;0;0;0;0;1;30;1
2026-04-25 02:32:30;sin_act_cocina_comedor;0;0.287;0;0.195;41;41;41;0;28;28;28;0;65.204;64.278;153.767;0;0;0;0;0;0;1;30;1
2026-04-25 02:33:00;sin_act_cocina_comedor;0;0.285;0.212;0.212;41;41;41;0;28;28;28;0;153.355;64.312;154.316;0;0;0;0;0;0;1;30;1
2026-04-25 02:33:30;sin_act_cocina_comedor;0;0.292;0.195;0.226;41;41;41;0;28;28;28;0;152.892;62.615;153.475;0;0;0;0;0;0;1;30;1
2026-04-25 02:34:00;sin_act_cocina_comedor;0;0.266;0.174;0.208;41;41;41;0;28;28;28;0;130.563;62.426;153.921;0;0;0;0;0;0;1;30;1
2026-04-25 02:34:30;sin_act_cocina_comedor;0;0.335;0.178;0.207;41;41;41;0;28;28;28;0;153.081;63.884;154.35;0;0;0;0;0;0;1;30;1
2026-04-25 02:35:00;sin_act_cocina_comedor;0;0.282;0.174;0.196;41;41;41;0;28;28;28;0;64.312;64.312;182.116;0;0;0;0;0;0;1;30;1
2026-04-25 02:35:30;sin_act_cocina_comedor;0.29;0.29;0;0.187;41;41;41;0;28;28;28;0;152.927;64.261;153.458;0;0;0;0;0;0;1;30;1
2026-04-25 02:36:00;sin_act_cocina_comedor;0;0.278;0;0.188;40.6;40;41;0.498273;28;28;28;0;152.155;150.869;153.904;0;0;0;0;0;0;1;30;1
2026-04-25 02:36:30;sin_act_cocina_comedor;0;0.321;0;0.189;40;40;40;0;28;28;28;0;153.921;64.673;153.921;0;0;0;0;0;0;1;30;1
2026-04-25 02:37:00;sin_act_cocina_comedor;0;0.265;0;0.215;40;40;40;0;28;28;28;0;65.204;64.69;153.51;0;0;0;0;0;0;1;30;1
2026-04-25 02:37:30;sin_act_cocina_comedor;0;0;0;0.194;40;40;40;0;28;28;28;0;153.012;65.119;165.532;0;0;0;0;0;0;0;30;1
2026-04-25 02:38:00;sin_act_cocina_comedor;0.289;0.33;0.203;0.215;40;40;40;0;28;28;28;0;153.012;63.935;153.87;0;0;0;0;0;0;1;30;1
2026-04-25 02:38:30;sin_act_cocina_comedor;0;0.319;0;0.224;40;40;40;0;28;28;28;0;152.584;64.261;153.921;0;0;0;0;0;0;1;30;1
2026-04-25 02:39:00;sin_act_cocina_comedor;0;0.289;0.183;0.223;40;40;40;0;28;28;28;0;65.564;65.564;154.35;0;0;0;0;0;0;1;30;1
2026-04-25 02:39:30;sin_act_cocina_comedor;0;0.297;0.183;0.224;40;40;40;0;28;28;28;0;152.652;65.204;168.876;0;0;0;0;0;0;1;30;1
2026-04-25 02:40:00;sin_act_cocina_comedor;0;0.284;0.18;0.22;40;40;40;0;28;28;28;0;64.793;64.364;158.98;0;0;0;0;0;0;1;30;1
2026-04-25 02:40:30;sin_act_cocina_comedor;0.289;0.301;0.193;0.211;40;40;40;0;28;28;28;0;64.21;49.701;193.795;0;0;0;0;0;0;1;30;1
2026-04-25 02:41:00;sin_act_cocina_comedor;0;0.302;0.183;0.223;40;40;40;0;28;28;28;0;153.047;64.741;153.51;0;0;0;0;0;0;1;30;1
2026-04-25 02:41:30;sin_act_cocina_comedor;0;0.327;0.185;0.215;40;40;40;0;28;28;28;0;153.39;64.758;154.367;0;0;0;0;0;0;1;30;1
2026-04-25 02:42:00;sin_act_cocina_comedor;0;0.279;0.184;0.211;40;40;40;0;28;28;28;0;152.549;65.633;160.095;0;0;0;0;0;0;1;30;1
2026-04-25 02:42:30;sin_act_cocina_comedor;0;0.29;0.186;0.214;40;40;40;0;28;28;28;0;153.029;65.101;153.441;0;0;0;0;0;0;1;30;1
2026-04-25 02:43:00;sin_act_cocina_comedor;0.276;0.286;0.188;0.216;40;40;40;0;28;28;28;0;153.132;63.884;153.853;0;0;0;0;0;0;1;30;1
2026-04-25 02:43:30;sin_act_cocina_comedor;0;0.283;0.179;0.196;40;40;40;0;28;28;28;0;152.978;63.884;180.864;0;0;0;0;0;0;1;30;1
2026-04-25 02:44:00;sin_act_cocina_comedor;0;0.302;0.209;0.211;40;40;40;0;28;28;28;0;153.51;63.987;158.294;0;0;0;0;0;0;1;30;1
2026-04-25 02:44:30;sin_act_cocina_comedor;0;0.281;0.186;0.206;40;40;40;0;28;28;28;0;153.458;64.741;159.066;0;0;0;0;0;0;1;30;1
2026-04-25 02:45:00;sin_act_cocina_comedor;0;0.302;0.23;0.243;40;40;40;0;28;28;28;0;153.458;56.698;233.411;0;0;0;0;0;0;1;30;1
2026-04-25 02:45:30;sin_act_cocina_comedor;0;0.286;0.187;0.23;40;40;40;0;28;28;28;0;63.815;63.815;198.014;0;0;0;0;0;0;0;30;1
2026-04-25 02:46:00;sin_act_cocina_comedor;0;0.273;0;0.21;40;40;40;0;28;28;28;0;153.424;64.364;156.134;0;0;0;0;0;0;1;30;1
2026-04-25 02:46:30;sin_act_cocina_comedor;0.263;0.284;0.198;0.217;40;40;40;0;28;28;28;0;152.584;64.244;153.801;0;0;0;0;0;0;1;30;1
2026-04-25 02:47:00;sin_act_cocina_comedor;0.289;0.293;0.203;0.209;40;40;40;0;28;28;28;0;152.138;63.935;195.596;0;0;0;0;0;0;1;30;1
2026-04-25 02:47:30;sin_act_cocina_comedor;0.277;0.28;0.21;0.222;40;40;40;0;28;28;28;0;152.961;63.884;154.299;0;0;0;0;0;0;1;30;1
2026-04-25 02:48:00;sin_act_cocina_comedor;0;0.273;0.194;0.209;40;40;40;0;28;28;28;0;153.407;3.979;153.51;0;0;0;0;0;0;0;30;1
2026-04-25 02:48:30;sin_act_cocina_comedor;0;0.293;0.179;0.214;40;40;40;0;28;28;28;0;153.029;64.741;153.492;0;0;0;0;0;0;1;30;1
2026-04-25 02:49:00;sin_act_cocina_comedor;0;0.283;0.186;0.205;40;40;40;0;28;28;28;0;153.407;65.65;153.475;0;0;0;0;0;0;1;30;1
2026-04-25 02:49:30;sin_act_cocina_comedor;0;0.265;0.175;0.215;40;40;40;0;28;28;28;0;152.618;64.312;178.772;0;0;0;0;0;0;1;30;1
2026-04-25 02:50:00;sin_act_cocina_comedor;0;0.279;0.215;0.215;40;40;40;0;28;28;28;0;146.307;146.307;153.527;0;0;0;0;0;0;1;30;1
2026-04-25 02:50:30;sin_act_cocina_comedor;0.268;0.29;0.177;0.231;40;40;40;0;28;28;28;0;153.047;64.69;153.921;0;0;0;0;0;0;1;30;1
2026-04-25 02:51:00;sin_act_cocina_comedor;0;0.275;0.175;0.227;40;40;40;0;28;28;28;0;153.029;65.204;153.527;0;0;0;0;0;0;1;30;1
2026-04-25 02:51:30;sin_act_cocina_comedor;0;0.267;0.182;0.206;40;40;40;0;28;28;28;0;153.51;152.669;153.921;0;0;0;0;0;0;0;30;1
2026-04-25 02:52:00;sin_act_cocina_comedor;0;0.274;0.176;0.207;40;40;40;0;28;28;28;0;153.458;151.657;153.87;0;0;0;0;0;0;0;30;1
2026-04-25 02:52:30;sin_act_cocina_comedor;0;0.289;0.189;0.219;40;40;40;0;28;28;28;0;153.561;63.884;160.781;0;0;0;0;0;0;1;30;1
2026-04-25 02:53:00;sin_act_cocina_comedor;0;0.323;0.178;0.235;40;40;40;0;28;28;28;0;153.081;151.76;153.973;0;0;0;0;0;0;1;30;1
2026-04-25 02:53:30;sin_act_cocina_comedor;0;0.269;0.177;0.19;40;40;40;0;28;28;28;0;64.844;64.312;153.492;0;0;0;0;0;0;1;30;1
2026-04-25 02:54:00;sin_act_cocina_comedor;0;0.277;0.187;0.218;40;40;40;0;28;28;28;0;153.081;48.329;153.956;0;0;0;0;0;0;0;30;1
2026-04-25 02:54:30;sin_act_cocina_comedor;0;0;0.181;0.203;40;40;40;0;28;28;28;0;152.601;65.221;174.621;0;0;0;0;0;0;1;30;1
2026-04-25 02:55:00;sin_act_cocina_comedor;0.264;0.264;0.175;0.212;40;40;40;0;28;28;28;0;153.527;64.741;167.521;0;0;0;0;0;0;1;30;1
2026-04-25 02:55:30;sin_act_cocina_comedor;0;0.28;0.21;0.222;40;40;40;0;28;28;28;0;153.149;64.312;153.149;0;0;0;0;0;0;1;30;1
2026-04-25 02:56:00;sin_act_cocina_comedor;0;0.272;0.177;0.21;40;40;40;0;28;28;28;0;153.149;64.347;153.149;0;0;0;0;0;0;1;30;1
2026-04-25 02:56:30;sin_act_cocina_comedor;0;0.283;0.19;0.203;40;40;40;0;28;28;28;0;149.136;149.136;153.613;0;0;0;0;0;0;1;30;1
2026-04-25 02:57:00;sin_act_cocina_comedor;0.271;0.272;0.175;0.216;40;40;40;0;28;28;28;0;153.492;149.136;153.647;0;0;0;0;0;0;1;30;1
2026-04-25 02:57:30;sin_act_cocina_comedor;0;0.35;0.189;0.203;40;40;40;0;28;28;28;0;153.029;64.827;153.887;0;0;0;0;0;0;1;30;1
2026-04-25 02:58:00;sin_act_cocina_comedor;0;0.28;0.184;0.209;40;40;40;0;28;28;28;0;153.012;152.189;153.441;0;0;0;0;0;0;1;30;1
2026-04-25 02:58:30;sin_act_cocina_comedor;0;0.296;0.205;0.214;40;40;40;0;28;28;28;0;153.372;152.566;153.887;0;0;0;0;0;0;1;30;1
2026-04-25 02:59:00;sin_act_cocina_comedor;0;0.275;0;0.206;40;40;40;0;28;28;28;0;152.995;65.17;153.51;0;0;0;0;0;0;1;25;1
2026-04-25 02:59:30;sin_act_cocina_comedor;0;0.299;0;0.207;40;40;40;0;28;28;28;0;65.633;64.724;156.682;0;0;0;0;0;0;1;30;1
2026-04-25 03:00:00;sin_act_cocina_comedor;0;0.267;0.199;0.202;40;40;40;0;28;28;28;0;153.492;140.373;153.492;0;0;0;0;0;0;1;30;1
2026-04-25 03:00:30;sin_act_cocina_comedor;0;0.351;0;0.188;40;40;40;0;28;28;28;0;152.686;64.312;153.938;0;0;0;0;0;0;1;30;1
2026-04-25 03:01:00;sin_act_cocina_comedor;0;0.287;0.196;0.196;40;40;40;0;28;28;28;0;64.793;64.793;176.491;0;0;0;0;0;0;1;30;1
2026-04-25 03:01:30;sin_act_cocina_comedor;0;0.293;0;0.196;40;40;40;0;28;28;28;0;153.818;65.204;153.835;0;0;0;0;0;0;1;30;1
2026-04-25 03:02:00;sin_act_cocina_comedor;0;0.271;0;0.195;40;40;40;0;28;28;28;0;153.372;64.364;154.247;0;0;0;0;0;0;1;30;1
2026-04-25 03:02:30;sin_act_cocina_comedor;0;0.295;0.178;0.213;40;40;40;0;28;28;28;0;153.75;37.044;154.676;0;0;0;0;0;0;1;30;1
2026-04-25 03:03:00;sin_act_cocina_comedor;0;0.28;0.192;0.201;40;40;40;0;28;28;28;0;154.076;63.935;154.676;0;0;0;0;0;0;1;30;1
2026-04-25 03:03:30;sin_act_cocina_comedor;0;0.264;0;0.207;40;40;40;0;28;28;28;0;153.733;63.832;175.102;0;0;0;0;0;0;1;30;1
2026-04-25 03:04:00;sin_act_cocina_comedor;0;0.286;0.18;0.201;40;40;40;0;28;28;28;0;152.858;64.69;155.019;0;0;0;0;0;0;1;30;1
2026-04-25 03:04:30;sin_act_cocina_comedor;0;0.278;0;0.2;40;40;40;0;28;28;28;0;153.818;58.824;154.178;0;0;0;0;0;0;1;29;1
2026-04-25 03:05:00;sin_act_cocina_comedor;0;0.319;0;0.201;40;40;40;0;28;28;28;0;152.532;64.244;238.488;0;0;0;0;0;0;1;25;1
2026-04-25 03:05:30;sin_act_cocina_comedor;0;0.297;0.188;0.206;40;40;40;0;28;28;28;0;153.733;64.415;166.835;0;0;0;0;0;0;1;30;1
2026-04-25 03:06:00;sin_act_cocina_comedor;0;0.337;0;0.185;40;40;40;0;28;28;28;0;154.607;64.741;154.642;0;0;0;0;0;0;1;30;1
2026-04-25 03:06:30;sin_act_cocina_comedor;0;0.301;0.185;0.2;40;40;40;0;28;28;28;0;154.607;64.741;176.113;0;0;0;0;0;0;1;26;1
2026-04-25 03:07:00;sin_act_cocina_comedor;0;0.281;0;0.178;40;40;40;0;28;28;28;0;64.741;63.935;154.642;0;0;0;0;0;0;1;30;1
2026-04-25 03:07:30;sin_act_cocina_comedor;0.268;0.33;0.186;0.222;40;40;40;0;28;28;28;0;153.715;64.776;154.624;0;0;0;0;0;0;1;30;1
2026-04-25 03:08:00;sin_act_cocina_comedor;0;0.27;0;0.208;40.933333;40;41;0.253708;28;28;28;0;153.252;15.366;177.537;0;0;0;0;0;0;1;30;1
2026-04-25 03:08:30;sin_act_cocina_comedor;0;0.314;0;0.205;41;41;41;0;28;28;28;0;153.201;63.832;155.053;0;0;0;0;0;0;1;30;1
2026-04-25 03:09:00;sin_act_cocina_comedor;0;0.276;0;0.198;41;41;41;0;28;28;28;0;153.664;63.884;154.659;0;0;0;0;0;0;1;30;1
2026-04-25 03:09:30;sin_act_cocina_comedor;0.262;0.272;0.182;0.203;41;41;41;0;28;28;28;0;180.469;64.312;180.469;0;0;0;0;0;0;0;25;1
2026-04-25 03:10:00;sin_act_cocina_comedor;0.262;0.294;0.185;0.212;41;41;41;0;28;28;28;0;152.138;65.101;154.144;1;9;1;0;0;0;1;27;1
2026-04-25 03:10:30;uso_lavaplatos;0.272;0.275;0.187;0.2;41;41;41;0;28;28;28;0;152.944;64.312;153.784;1;30;1;1;9;1;1;21;1
2026-04-25 03:11:00;sin_act_cocina_comedor;0;0.345;0.178;0.211;41;41;41;0;28;28;28;0;153.715;65.153;180.298;1;30;1;0;6;1;1;24;1
2026-04-25 03:11:30;sin_act_cocina_comedor;0;0.321;0;0.22;41;41;41;0;28;28;28;0;152.841;130.357;153.715;1;30;1;0;0;0;1;30;1
2026-04-25 03:12:00;sin_act_cocina_comedor;0.27;0.275;0.175;0.207;41;41;41;0;28;28;28;0;153.252;64.741;154.093;0;3;1;0;0;0;1;30;1
2026-04-25 03:12:30;sin_act_cocina_comedor;0;0.273;0;0.202;41;41;41;0;28;28;28;0;151.932;64.312;153.715;0;0;0;0;0;0;0;30;1
2026-04-25 03:13:00;sin_act_cocina_comedor;0;0.282;0;0.208;41;41;41;0;28;28;28;0;153.595;64.673;153.733;0;0;0;0;0;0;0;30;1
2026-04-25 03:13:30;sin_act_cocina_comedor;0;0.28;0.177;0.207;41;41;41;0;28;28;28;0;153.698;152.343;158.192;0;0;0;0;0;0;1;30;1
2026-04-25 03:14:00;sin_act_cocina_comedor;0.279;0.293;0.174;0.19;41;41;41;0;28;28;28;0;152.789;151.932;153.698;0;0;0;0;0;0;0;30;1
2026-04-25 03:14:30;sin_act_cocina_comedor;0;0.282;0.192;0.201;41;41;41;0;28;28;28;0;153.252;65.153;154.11;0;0;0;0;0;0;1;25;1
2026-04-25 03:15:00;sin_act_cocina_comedor;0;0.322;0;0.197;41;41;41;0;28;28;28;0;152.498;65.324;153.835;1;21;1;0;0;0;1;25;1
2026-04-25 03:15:30;uso_lavaplatos;0;0.295;0;0.195;41;41;41;0;28;28;28;0;153.252;64.415;153.407;1;30;1;1;8;1;1;25;1
2026-04-25 03:16:00;sin_act_cocina_comedor;0;0.308;0.221;0.221;41;41;41;0;28;28;28;0;132.741;132.741;153.647;1;30;1;0;4;1;1;30;1
2026-04-25 03:16:30;sin_act_cocina_comedor;0.266;0.294;0.185;0.215;41;41;41;0;28;28;28;0;152.343;132.741;154.144;1;30;1;0;0;0;1;30;1
2026-04-25 03:17:00;sin_act_cocina_comedor;0;0.296;0.181;0.218;41;41;41;0;28;28;28;0;153.235;64.312;153.75;0;5;1;0;0;0;1;30;1
2026-04-25 03:17:30;sin_act_cocina_comedor;0;0.277;0.197;0.211;41;41;41;0;28;28;28;0;152.875;65.256;153.304;0;0;0;0;0;0;1;30;1
2026-04-25 03:18:00;sin_act_cocina_comedor;0;0.353;0.193;0.203;41;41;41;0;28;28;28;0;152.841;64.69;153.647;0;0;0;0;0;0;1;30;1
2026-04-25 03:18:30;sin_act_cocina_comedor;0.276;0.303;0;0.201;41;41;41;0;28;28;28;0;153.287;64.776;154.127;0;0;0;0;0;0;1;30;1
2026-04-25 03:19:00;sin_act_cocina_comedor;0.268;0.276;0;0.198;41;41;41;0;28;28;28;0;152.292;64.261;153.715;0;0;0;0;0;0;1;30;1
2026-04-25 03:19:30;sin_act_cocina_comedor;0.266;0.28;0.208;0.208;41;41;41;0;28;28;28;0;152.807;122.502;153.715;0;0;0;0;0;0;0;29;1
2026-04-25 03:20:00;sin_act_cocina_comedor;0;0.284;0.201;0.216;41;41;41;0;28;28;28;0;152.892;137.612;153.681;0;0;0;0;0;0;0;30;1
2026-04-25 03:20:30;sin_act_cocina_comedor;0.286;0.324;0.185;0.218;41;41;41;0;28;28;28;0;153.613;152.841;153.715;0;0;0;0;0;0;1;30;1
2026-04-25 03:21:00;sin_act_cocina_comedor;0.27;0.29;0.187;0.21;41;41;41;0;28;28;28;0;131.197;129.122;153.664;0;0;0;0;0;0;1;30;1
2026-04-25 03:21:30;sin_act_cocina_comedor;0;0.295;0.214;0.218;41;41;41;0;28;28;28;0;153.372;64.673;165.309;0;0;0;0;0;0;0;30;1
2026-04-25 03:22:00;sin_act_cocina_comedor;0;0.286;0;0.212;41;41;41;0;28;28;28;0;64.673;64.673;154.093;0;0;0;0;0;0;0;30;1
2026-04-25 03:22:30;sin_act_cocina_comedor;0;0.302;0.192;0.225;41;41;41;0;28;28;28;0;153.561;63.901;156.734;0;0;0;0;0;0;0;30;1
2026-04-25 03:23:00;sin_act_cocina_comedor;0;0.276;0.182;0.232;41.5;41;42;0.508548;28;28;28;0;153.664;64.724;153.681;0;0;0;0;0;0;1;30;1
2026-04-25 03:23:30;sin_act_cocina_comedor;0;0.291;0.193;0.216;42;42;42;0;28;28;28;0;153.561;64.312;154.521;0;0;0;0;0;0;1;30;1
2026-04-25 03:24:00;sin_act_cocina_comedor;0.268;0.29;0.185;0.209;42;42;42;0;28;28;28;0;130.374;65.256;154.487;0;0;0;0;0;0;1;30;1
2026-04-25 03:24:30;sin_act_cocina_comedor;0.263;0.324;0.178;0.2;42;42;42;0;28;28;28;0;154.144;64.741;154.144;0;0;0;0;0;0;1;30;1
2026-04-25 03:25:00;sin_act_cocina_comedor;0.278;0.284;0.18;0.218;42;42;42;0;28;28;28;0;153.252;149.531;153.99;0;0;0;0;0;0;1;29;1
2026-04-25 03:25:30;sin_act_cocina_comedor;0;0.302;0.197;0.246;42;42;42;0;28;28;28;0;153.287;64.295;154.127;0;0;0;0;0;0;1;30;1
2026-04-25 03:26:00;sin_act_cocina_comedor;0;0.292;0;0.221;42;42;42;0;28;28;28;0;151.932;65.101;154.178;1;16;1;0;0;0;1;30;1
2026-04-25 03:26:30;sin_act_cocina_comedor;0.264;0.288;0.176;0.188;42;42;42;0;28;28;28;0;153.647;64.312;153.715;1;30;1;0;0;0;1;30;1
2026-04-25 03:27:00;sin_act_cocina_comedor;0;0.283;0;0.199;42;42;42;0;28;28;28;0;153.938;64.741;154.093;1;29;1;0;7;1;1;30;1
2026-04-25 03:27:30;sin_act_cocina_comedor;0;0.284;0.178;0.204;42;42;42;0;28;28;28;0;153.132;65.856;153.938;1;30;1;0;0;0;1;30;1
2026-04-25 03:28:00;sin_act_cocina_comedor;0;0.285;0;0.198;42;42;42;0;28;28;28;0;64.741;64.741;153.613;0;27;1;0;0;0;1;30;1
2026-04-25 03:28:30;sin_act_cocina_comedor;0;0.316;0.177;0.2;42;42;42;0;28;28;28;0;153.149;64.793;153.715;0;0;0;0;0;0;1;30;1
2026-04-25 03:29:00;sin_act_cocina_comedor;0;0.278;0.181;0.197;42;42;42;0;28;28;28;0;45.413;45.413;156.665;0;0;0;0;0;0;1;30;1
2026-04-25 03:29:30;sin_act_cocina_comedor;0.293;0.298;0;0.203;42;42;42;0;28;28;28;0;153.184;64.81;154.847;0;0;0;0;0;0;0;30;1
2026-04-25 03:30:00;sin_act_cocina_comedor;0;0.267;0;0.204;42;42;42;0;28;28;28;0;126.464;126.464;154.556;0;0;0;0;0;0;1;30;1
2026-04-25 03:30:30;sin_act_cocina_comedor;0;0.332;0.191;0.215;42;42;42;0;28;28;28;0;151.795;126.464;163.783;0;0;0;0;0;0;1;30;1
2026-04-25 03:31:00;sin_act_cocina_comedor;0;0.328;0;0.209;42;42;42;0;28;28;28;0;152.669;64.776;154.093;0;0;0;0;0;0;1;25;1
2026-04-25 03:31:30;sin_act_cocina_comedor;0.276;0.341;0.2;0.213;42;42;42;0;28;28;28;0;153.973;63.781;154.539;0;0;0;0;0;0;1;30;1
2026-04-25 03:32:00;sin_act_cocina_comedor;0;0.36;0.181;0.208;42;42;42;0;28;28;28;0;73.265;64.295;153.973;0;0;0;0;0;0;1;19;1
2026-04-25 03:32:30;sin_act_cocina_comedor;0;0.291;0.183;0.203;42;42;42;0;28;28;28;0;153.681;150.594;154.076;0;0;0;0;0;0;1;30;1
2026-04-25 03:33:00;sin_act_cocina_comedor;0.262;0.287;0.203;0.213;42;42;42;0;28;28;28;0;153.99;143.494;154.127;0;0;0;0;0;0;1;25;1
2026-04-25 03:33:30;sin_act_cocina_comedor;0;0.295;0.204;0.22;42;42;42;0;28;28;28;0;153.561;64.844;153.99;0;0;0;0;0;0;1;30;1
2026-04-25 03:34:00;sin_act_cocina_comedor;0.265;0.286;0.181;0.237;42;42;42;0;28;28;28;0;153.184;64.673;153.595;0;0;0;0;0;0;1;30;1
2026-04-25 03:34:30;sin_act_cocina_comedor;0.266;0.321;0.185;0.214;42;42;42;0;28;28;28;0;154.144;65.153;154.144;0;0;0;0;0;0;0;30;1
2026-04-25 03:35:00;sin_act_cocina_comedor;0.264;0.305;0.19;0.227;42;42;42;0;28;28;28;0;153.355;64.673;154.144;0;0;0;0;0;0;0;30;1
2026-04-25 03:35:30;sin_act_cocina_comedor;0;0.281;0.183;0.205;42;42;42;0;28;28;28;0;153.63;151.932;153.75;1;5;1;0;0;0;1;30;1
2026-04-25 03:36:00;sin_act_cocina_comedor;0.262;0.277;0.184;0.235;42;42;42;0;28;28;28;0;162.119;152.326;162.119;1;30;1;0;0;0;1;30;1
2026-04-25 03:36:30;sin_act_cocina_comedor;0;0.294;0;0.212;42;42;42;0;28;28;28;0;152.772;64.398;153.218;0;27;1;0;0;0;1;30;1
2026-04-25 03:37:00;sin_act_cocina_comedor;0;0.293;0.181;0.212;42;42;42;0;28;28;28;0;152.789;152.772;153.647;0;0;0;0;0;0;1;30;1
2026-04-25 03:37:30;sin_act_cocina_comedor;0.264;0.304;0.188;0.228;42;42;42;0;28;28;28;0;152.789;65.187;153.647;0;0;0;0;0;0;1;30;1
2026-04-25 03:38:00;sin_act_cocina_comedor;0;0.299;0.186;0.213;42;42;42;0;28;28;28;0;151.932;151.932;153.715;0;0;0;0;0;0;1;30;1
2026-04-25 03:38:30;sin_act_cocina_comedor;0;0.283;0.181;0.209;42;42;42;0;28;28;28;0;81.48;65.153;154.35;1;18;1;0;0;0;0;30;1
2026-04-25 03:39:00;sin_act_cocina_comedor;0;0.287;0.197;0.216;42;42;42;0;28;28;28;0;153.578;63.352;169.768;1;30;1;0;13;1;1;30;1
2026-04-25 03:39:30;sin_act_cocina_comedor;0.298;0.298;0.19;0.218;42;42;42;0;28;28;28;0;152.772;65.101;153.973;1;30;1;0;0;0;1;30;1
2026-04-25 03:40:00;sin_act_cocina_comedor;0.29;0.29;0.19;0.216;42;42;42;0;28;28;28;0;153.647;65.479;153.664;1;30;1;0;0;0;1;30;1
2026-04-25 03:40:30;sin_act_cocina_comedor;0;0.267;0.174;0.222;42;42;42;0;28;28;28;0;153.613;64.244;153.647;0;9;1;0;0;0;1;29;1
2026-04-25 03:41:00;sin_act_cocina_comedor;0.274;0.297;0.189;0.206;42;42;42;0;28;28;28;0;153.115;152.755;167.041;0;0;0;0;0;0;1;30;1
2026-04-25 03:41:30;sin_act_cocina_comedor;0;0.286;0.188;0.201;42;42;42;0;28;28;28;0;153.167;152.824;154.058;0;0;0;0;0;0;1;30;1
2026-04-25 03:42:00;sin_act_cocina_comedor;0.266;0.274;0.193;0.219;42;42;42;0;28;28;28;0;152.309;64.69;153.63;0;0;0;0;0;0;1;30;1
2026-04-25 03:42:30;sin_act_cocina_comedor;0.265;0.282;0.188;0.208;42;42;42;0;28;28;28;0;152.412;65.53;153.664;0;0;0;0;0;0;1;27;1
2026-04-25 03:43:00;sin_act_cocina_comedor;0;0.302;0.19;0.212;42;42;42;0;28;28;28;0;153.167;65.101;153.664;0;0;0;0;0;0;1;20;1
2026-04-25 03:43:30;sin_act_cocina_comedor;0;0.296;0.189;0.224;42;42;42;0;28;28;28;0;75.58;64.261;153.698;0;0;0;0;0;0;1;28;1
2026-04-25 03:44:00;sin_act_cocina_comedor;0.283;0.283;0.195;0.22;42;42;42;0;28;28;28;0;152.721;64.244;154.161;0;0;0;0;0;0;1;30;1
2026-04-25 03:44:30;sin_act_cocina_comedor;0;0.307;0.178;0.213;42;42;42;0;28;28;28;0;153.252;63.884;154.144;0;0;0;0;0;0;1;25;1
2026-04-25 03:45:00;uso_lavaplatos;0;0.288;0.174;0.247;42;42;42;0;28;28;28;0;152.326;42.669;155.791;1;23;1;1;16;1;0;25;1
2026-04-25 03:45:30;sin_act_cocina_comedor;0;0.29;0.188;0.222;42;42;42;0;28;28;28;0;153.149;64.347;154.521;1;30;1;0;13;1;1;25;1
2026-04-25 03:46:00;sin_act_cocina_comedor;0.267;0.285;0.195;0.247;42;42;42;0;28;28;28;0;65.153;64.724;154.161;1;30;1;0;0;0;1;25;1
2026-04-25 03:46:30;sin_act_cocina_comedor;0;0.291;0.185;0.223;42;42;42;0;28;28;28;0;153.355;64.776;154.11;1;14;1;0;0;0;1;25;1
2026-04-25 03:47:00;sin_act_cocina_comedor;0;0.304;0.185;0.215;42;42;42;0;28;28;28;0;154.144;63.369;154.539;1;30;1;0;0;0;1;25;1
2026-04-25 03:47:30;sin_act_cocina_comedor;0;0.344;0.193;0.226;42;42;42;0;28;28;28;0;154.024;65.17;154.196;1;30;1;0;0;0;1;30;1
2026-04-25 03:48:00;sin_act_cocina_comedor;0;0.295;0.177;0.231;42.366667;42;43;0.490133;28;28;28;0;65.204;64.776;154.093;1;9;1;0;0;0;1;25;1
2026-04-25 03:48:30;sin_act_cocina_comedor;0.265;0.336;0.186;0.22;43;43;43;0;28;28;28;0;153.218;64.312;194.344;1;30;1;0;0;0;1;30;1
2026-04-25 03:49:00;sin_act_cocina_comedor;0;0.312;0.18;0.219;43;43;43;0;28;28;28;0;152.258;66.01;154.521;1;30;1;0;0;0;1;30;1
2026-04-25 03:49:30;sin_act_cocina_comedor;0;0.298;0.177;0.212;43;43;43;0;28;28;28;0;154.178;64.793;162.325;1;30;1;0;0;0;1;30;1
2026-04-25 03:50:00;sin_act_cocina_comedor;0;0.278;0;0.193;43;43;43;0;28;28;28;0;153.184;64.793;158.706;1;30;1;0;0;0;1;30;1
2026-04-25 03:50:30;sin_act_cocina_comedor;0;0.281;0.191;0.212;43;43;43;0;28;28;28;0;153.218;65.221;153.784;0;6;1;0;0;0;1;20;1
2026-04-25 03:51:00;sin_act_cocina_comedor;0;0.357;0;0.22;43;43;43;0;28;28;28;0;154.11;64.741;154.504;0;0;0;0;0;0;1;30;1
2026-04-25 03:51:30;sin_act_cocina_comedor;0;0.29;0.181;0.211;43;43;43;0;28;28;28;0;153.304;64.741;154.196;0;0;0;0;0;0;1;30;1
2026-04-25 03:52:00;sin_act_cocina_comedor;0.287;0.305;0.181;0.214;43;43;43;0;28;28;28;0;153.252;153.235;157.128;0;0;0;0;0;0;1;25;1
2026-04-25 03:52:30;sin_act_cocina_comedor;0;0.297;0;0.228;43;43;43;0;28;28;28;0;152.738;65.101;153.733;0;0;0;0;0;0;1;30;1
2026-04-25 03:53:00;sin_act_cocina_comedor;0;0.3;0.21;0.213;43;43;43;0;28;28;28;0;153.201;64.312;182.63;0;0;0;0;0;0;1;30;1
2026-04-25 03:53:30;sin_act_cocina_comedor;0.27;0.298;0.204;0.232;43;43;43;0;28;28;28;0;152.824;63.832;174.913;0;0;0;0;0;0;1;25;1
2026-04-25 03:54:00;sin_act_cocina_comedor;0.274;0.323;0.186;0.227;43;43;43;0;28;28;28;0;153.664;64.741;164.314;0;0;0;0;0;0;1;30;1
2026-04-25 03:54:30;sin_act_cocina_comedor;0.278;0.318;0.206;0.226;43;43;43;0;28;28;28;0;153.595;64.741;154.178;0;0;0;0;0;0;1;21;1
2026-04-25 03:55:00;sin_act_cocina_comedor;0.278;0.308;0.184;0.223;43;43;43;0;28;28;28;0;153.767;64.844;154.093;0;0;0;0;0;0;0;29;1
2026-04-25 03:55:30;sin_act_cocina_comedor;0.28;0.309;0.183;0.228;43;43;43;0;28;28;28;0;153.218;65.17;154.093;0;0;0;0;0;0;1;25;1
2026-04-25 03:56:00;sin_act_cocina_comedor;0;0.306;0;0.211;43;43;43;0;28;28;28;0;153.664;65.05;165.72;0;0;0;0;0;0;1;24;1
2026-04-25 03:56:30;sin_act_cocina_comedor;0.267;0.268;0.184;0.23;43;43;43;0;28;28;28;0;154.144;152.824;176.988;0;0;0;0;0;0;1;30;1
2026-04-25 03:57:00;sin_act_cocina_comedor;0;0.29;0.184;0.221;43;43;43;0;28;28;28;0;193.195;152.892;193.195;0;0;0;0;0;0;1;30;1
2026-04-25 03:57:30;sin_act_cocina_comedor;0;0.284;0.187;0.229;43;43;43;0;28;28;28;0;153.304;152.446;193.195;0;0;0;0;0;0;1;30;1
2026-04-25 03:58:00;sin_act_cocina_comedor;0;0.292;0.2;0.207;43;43;43;0;28;28;28;0;153.664;64.638;154.058;0;0;0;0;0;0;1;30;1
2026-04-25 03:58:30;sin_act_cocina_comedor;0;0.281;0.174;0.222;43;43;43;0;28;28;28;0;153.801;153.355;154.23;0;0;0;0;0;0;1;30;1
2026-04-25 03:59:00;sin_act_cocina_comedor;0;0.27;0;0.21;43;43;43;0;28;28;28;0;154.196;65.221;170.574;0;0;0;0;0;0;1;25;1
2026-04-25 03:59:30;sin_act_cocina_comedor;0.274;0.288;0;0.207;43;43;43;0;28;28;28;0;154.076;64.312;154.196;0;0;0;0;0;0;1;30;1
2026-04-25 04:00:00;sin_act_cocina_comedor;0;0.282;0.177;0.206;43;43;43;0;28;28;28;0;151.983;65.153;154.127;0;0;0;0;0;0;1;30;1
2026-04-25 04:00:30;sin_act_cocina_comedor;0;0.303;0.175;0.218;43;43;43;0;28;28;28;0;154.556;64.724;154.642;0;0;0;0;0;0;1;30;1
2026-04-25 04:01:00;sin_act_cocina_comedor;0.273;0.335;0;0.192;43;43;43;0;28;28;28;0;153.664;152.824;154.041;0;0;0;0;0;0;1;30;1
2026-04-25 04:01:30;sin_act_cocina_comedor;0;0.309;0;0.218;43;43;43;0;28;28;28;0;154.659;65.136;154.659;0;0;0;0;0;0;1;30;1
2026-04-25 04:02:00;sin_act_cocina_comedor;0;0.284;0.214;0.214;43;43;43;0;28;28;28;0;153.304;64.827;154.642;0;0;0;0;0;0;1;30;1
2026-04-25 04:02:30;sin_act_cocina_comedor;0;0.328;0.18;0.212;43;43;43;0;28;28;28;0;153.132;65.204;154.144;0;0;0;0;0;0;1;30;1
2026-04-25 04:03:00;sin_act_cocina_comedor;0.265;0.278;0;0.193;43;43;43;0;28;28;28;0;153.304;64.793;154.659;0;0;0;0;0;0;0;30;1
2026-04-25 04:03:30;sin_act_cocina_comedor;0.313;0.313;0.18;0.218;43;43;43;0;28;28;28;0;152.824;65.993;159.512;0;0;0;0;0;0;1;25;1
2026-04-25 04:04:00;sin_act_cocina_comedor;0.328;0.328;0;0.214;43;43;43;0;28;28;28;0;154.093;65.17;154.093;0;0;0;0;0;0;1;25;1
2026-04-25 04:04:30;sin_act_cocina_comedor;0;0.325;0.175;0.223;43;43;43;0;28;28;28;0;153.304;153.304;154.093;0;0;0;0;0;0;1;25;1
2026-04-25 04:05:00;sin_act_cocina_comedor;0.265;0.303;0.206;0.217;43;43;43;0;28;28;28;0;64.741;64.656;155.225;1;28;1;0;0;0;1;25;1
2026-04-25 04:05:30;sin_act_cocina_comedor;0.297;0.316;0.188;0.23;43;43;43;0;28;28;28;0;153.715;64.827;154.933;0;29;1;0;0;0;1;30;1
2026-04-25 04:06:00;sin_act_cocina_comedor;0.262;0.313;0.185;0.22;43;43;43;0;28;28;28;0;153.287;64.724;154.161;0;0;0;0;0;0;0;21;1
2026-04-25 04:06:30;sin_act_cocina_comedor;0;0.31;0.196;0.225;43;43;43;0;28;28;28;0;152.789;64.312;172.152;0;0;0;0;0;0;1;24;1
2026-04-25 04:07:00;sin_act_cocina_comedor;0;0.31;0.189;0.223;43;43;43;0;28;28;28;0;65.273;64.673;154.521;1;4;1;0;0;0;1;25;1
2026-04-25 04:07:30;sin_act_cocina_comedor;0.275;0.316;0.225;0.225;43;43;43;0;28;28;28;0;153.715;65.273;154.521;1;30;1;0;0;0;1;24;1
2026-04-25 04:08:00;sin_act_cocina_comedor;0;0.296;0.183;0.221;43;43;43;0;28;28;28;0;152.772;64.793;154.11;1;30;1;0;0;0;0;30;1
2026-04-25 04:08:30;sin_act_cocina_comedor;0.267;0.29;0.197;0.224;43;43;43;0;28;28;28;0;152.841;63.832;184.431;0;9;1;0;0;0;1;25;1
2026-04-25 04:09:00;sin_act_cocina_comedor;0;0.33;0.182;0.227;43;43;43;0;28;28;28;0;153.733;64.776;154.624;0;0;0;0;0;0;1;21;1
2026-04-25 04:09:30;sin_act_cocina_comedor;0.263;0.305;0.199;0.208;43;43;43;0;28;28;28;0;154.196;64.793;189.988;0;0;0;0;0;0;0;30;1
2026-04-25 04:10:00;sin_act_cocina_comedor;0;0.282;0.179;0.227;43;43;43;0;28;28;28;0;153.252;64.244;190.914;0;0;0;0;0;0;1;25;1
2026-04-25 04:10:30;sin_act_cocina_comedor;0;0.299;0;0.218;43;43;43;0;28;28;28;0;154.144;65.153;154.659;0;0;0;0;0;0;1;25;1
2026-04-25 04:11:00;sin_act_cocina_comedor;0;0.312;0.188;0.205;43;43;43;0;28;28;28;0;153.715;64.673;157.591;0;0;0;0;0;0;1;26;1
2026-04-25 04:11:30;sin_act_cocina_comedor;0;0.29;0.197;0.21;43;43;43;0;28;28;28;0;153.75;64.741;159.152;0;0;0;0;0;0;1;19;1
2026-04-25 04:12:00;sin_act_cocina_comedor;0.293;0.293;0.189;0.229;43;43;43;0;28;28;28;0;153.715;48.329;154.178;0;0;0;0;0;0;0;26;1
2026-04-25 04:12:30;sin_act_cocina_comedor;0;0.333;0.2;0.234;43;43;43;0;28;28;28;0;64.673;64.381;154.299;0;0;0;0;0;0;1;23;1
2026-04-25 04:13:00;sin_act_cocina_comedor;0;0.289;0;0.218;43;43;43;0;28;28;28;0;152.909;64.638;154.144;0;0;0;0;0;0;1;25;1
2026-04-25 04:13:30;sin_act_cocina_comedor;0;0.293;0.201;0.215;43;43;43;0;28;28;28;0;65.101;64.004;154.521;0;0;0;0;0;0;1;30;1
2026-04-25 04:14:00;sin_act_cocina_comedor;0.263;0.279;0.174;0.209;43;43;43;0;28;28;28;0;65.153;63.935;195.733;0;0;0;0;0;0;1;30;1
2026-04-25 04:14:30;sin_act_cocina_comedor;0.267;0.289;0.179;0.205;43;43;43;0;28;28;28;0;153.784;64.347;154.196;0;0;0;0;0;0;0;25;1
2026-04-25 04:15:00;sin_act_cocina_comedor;0.272;0.297;0.211;0.218;43;43;43;0;28;28;28;0;153.818;46.168;163.011;0;0;0;0;0;0;1;23;1
2026-04-25 04:15:30;sin_act_cocina_comedor;0;0.313;0;0.228;43;43;43;0;28;28;28;0;153.75;64.793;154.367;0;0;0;0;0;0;1;27;1
2026-04-25 04:16:00;sin_act_cocina_comedor;0;0.31;0.19;0.213;43;43;43;0;28;28;28;0;135.451;63.781;155.448;0;0;0;0;0;0;1;19;1
2026-04-25 04:16:30;sin_act_cocina_comedor;0;0.294;0;0.216;43;43;43;0;28;28;28;0;153.715;64.724;154.144;0;0;0;0;0;0;0;25;1
2026-04-25 04:17:00;sin_act_cocina_comedor;0;0.287;0;0.203;43;43;43;0;28;28;28;0;153.235;65.153;165.652;0;0;0;0;0;0;1;25;1
2026-04-25 04:17:30;sin_act_cocina_comedor;0.29;0.31;0.188;0.191;43;43;43;0;28;28;28;0;153.355;64.347;154.95;0;0;0;0;0;0;1;25;1
2026-04-25 04:18:00;sin_act_cocina_comedor;0;0.292;0;0.214;43;43;43;0;28;28;28;0;152.995;64.312;166.887;0;0;0;0;0;0;1;25;1
2026-04-25 04:18:30;sin_act_cocina_comedor;0;0.289;0.206;0.208;43;43;43;0;28;28;28;0;153.75;64.844;161.519;0;0;0;0;0;0;1;30;1
2026-04-25 04:19:00;sin_act_cocina_comedor;0;0.283;0.184;0.229;43;43;43;0;28;28;28;0;65.273;63.832;154.161;0;0;0;0;0;0;0;30;1
2026-04-25 04:19:30;sin_act_cocina_comedor;0;0.344;0.204;0.215;43;43;43;0;28;28;28;0;152.858;63.884;181.927;0;0;0;0;0;0;1;25;1
2026-04-25 04:20:00;sin_act_cocina_comedor;0.287;0.298;0.204;0.22;43;43;43;0;28;28;28;0;152.824;63.781;182.407;0;0;0;0;0;0;1;25;1
2026-04-25 04:20:30;sin_act_cocina_comedor;0.265;0.333;0.19;0.219;43;43;43;0;28;28;28;0;153.304;63.935;156.339;0;0;0;0;0;0;1;30;1
2026-04-25 04:21:00;sin_act_cocina_comedor;0;0.315;0.191;0.217;43;43;43;0;28;28;28;0;153.715;64.312;154.213;0;0;0;0;0;0;1;25;1
2026-04-25 04:21:30;sin_act_cocina_comedor;0;0.306;0.182;0.229;43;43;43;0;28;28;28;0;153.321;151.109;189.868;0;0;0;0;0;0;1;20;1
2026-04-25 04:22:00;sin_act_cocina_comedor;0;0.308;0.185;0.219;43;43;43;0;28;28;28;0;153.252;64.347;154.316;0;0;0;0;0;0;1;25;1
2026-04-25 04:22:30;sin_act_cocina_comedor;0.28;0.316;0.183;0.213;43;43;43;0;28;28;28;0;152.944;64.741;154.144;0;0;0;0;0;0;1;24;1
2026-04-25 04:23:00;sin_act_cocina_comedor;0;0.3;0.197;0.235;43;43;43;0;28;28;28;0;153.27;41.417;178.531;0;0;0;0;0;0;1;25;1
2026-04-25 04:23:30;sin_act_cocina_comedor;0.301;0.306;0.21;0.232;43;43;43;0;28;28;28;0;153.27;65.204;154.178;0;0;0;0;0;0;1;25;1
2026-04-25 04:24:00;sin_act_cocina_comedor;0.271;0.302;0.202;0.23;43;43;43;0;28;28;28;0;64.312;64.295;157.317;0;0;0;0;0;0;1;30;1
2026-04-25 04:24:30;sin_act_cocina_comedor;0;0.347;0.191;0.24;43;43;43;0;28;28;28;0;153.252;64.724;160.318;0;0;0;0;0;0;0;25;1
2026-04-25 04:25:00;sin_act_cocina_comedor;0.268;0.294;0.196;0.212;43;43;43;0;28;28;28;0;153.424;64.312;157.42;0;0;0;0;0;0;1;25;1
2026-04-25 04:25:30;sin_act_cocina_comedor;0;0.316;0.19;0.214;43;43;43;0;28;28;28;0;153.355;64.69;153.784;0;0;0;0;0;0;1;20;1
2026-04-25 04:26:00;sin_act_cocina_comedor;0;0.291;0.175;0.224;43;43;43;0;28;28;28;0;152.824;64.776;154.093;0;0;0;0;0;0;1;25;1
2026-04-25 04:26:30;sin_act_cocina_comedor;0.264;0.286;0.182;0.233;43;43;43;0;28;28;28;0;64.844;64.312;153.715;0;0;0;0;0;0;1;25;1
2026-04-25 04:27:00;sin_act_cocina_comedor;0;0.285;0;0.216;43;43;43;0;28;28;28;0;153.767;65.084;182.407;0;0;0;0;0;0;1;25;1
2026-04-25 04:27:30;sin_act_cocina_comedor;0;0.277;0.197;0.207;43;43;43;0;28;28;28;0;154.23;63.867;154.23;0;0;0;0;0;0;1;30;1
2026-04-25 04:28:00;sin_act_cocina_comedor;0;0.272;0;0.209;43;43;43;0;28;28;28;0;153.75;64.793;154.624;0;0;0;0;0;0;0;25;1
2026-04-25 04:28:30;sin_act_cocina_comedor;0;0.275;0;0.199;43;43;43;0;28;28;28;0;152.824;57.538;175.393;0;0;0;0;0;0;1;30;1
2026-04-25 04:29:00;sin_act_cocina_comedor;0;0.304;0;0.201;43;43;43;0;28;28;28;0;153.287;64.741;158.397;0;0;0;0;0;0;1;30;1
2026-04-25 04:29:30;sin_act_cocina_comedor;0;0.288;0.176;0.201;43;43;43;0;28;28;28;0;153.27;64.673;153.784;0;0;0;0;0;0;1;25;1
2026-04-25 04:30:00;sin_act_cocina_comedor;0;0.314;0.197;0.197;43;43;43;0;28;28;28;0;153.355;61.243;171.86;0;0;0;0;0;0;1;30;1
2026-04-25 04:30:30;sin_act_cocina_comedor;0;0.284;0;0.2;43;43;43;0;28;28;28;0;152.944;64.295;154.247;0;0;0;0;0;0;1;25;1
2026-04-25 04:31:00;sin_act_cocina_comedor;0;0.306;0;0.19;43;43;43;0;28;28;28;0;154.556;64.741;156.254;0;0;0;0;0;0;1;25;1
2026-04-25 04:31:30;sin_act_cocina_comedor;0;0.333;0;0.208;43;43;43;0;28;28;28;0;153.287;63.884;154.127;0;0;0;0;0;0;0;24;1
2026-04-25 04:32:00;sin_act_cocina_comedor;0;0.275;0;0.194;43;43;43;0;28;28;28;0;153.75;64.415;159.769;0;0;0;0;0;0;1;21;1
2026-04-25 04:32:30;sin_act_cocina_comedor;0;0.294;0.18;0.214;43;43;43;0;28;28;28;0;64.896;64.312;174.604;0;0;0;0;0;0;1;30;1
2026-04-25 04:33:00;sin_act_cocina_comedor;0.275;0.292;0.178;0.22;43;43;43;0;28;28;28;0;167.281;64.896;167.281;0;0;0;0;0;0;1;25;1
2026-04-25 04:33:30;sin_act_cocina_comedor;0.271;0.282;0.19;0.246;43;43;43;0;28;28;28;0;152.481;63.832;158.5;0;0;0;0;0;0;1;25;1
2026-04-25 04:34:00;sin_act_cocina_comedor;0;0.292;0.2;0.2;43;43;43;0;28;28;28;0;64.415;64.312;154.144;0;0;0;0;0;0;1;25;1
2026-04-25 04:34:30;sin_act_cocina_comedor;0;0.302;0.188;0.198;43;43;43;0;28;28;28;0;152.841;64.741;221.012;0;0;0;0;0;0;1;25;1
2026-04-25 04:35:00;sin_act_cocina_comedor;0;0.274;0.174;0.224;43;43;43;0;28;28;28;0;152.875;64.415;222.281;0;0;0;0;0;0;0;30;1
2026-04-25 04:35:30;sin_act_cocina_comedor;0.262;0.273;0;0.194;43;43;43;0;28;28;28;0;153.252;64.741;154.178;0;0;0;0;0;0;1;30;1
2026-04-25 04:36:00;sin_act_cocina_comedor;0;0.297;0;0.2;43;43;43;0;28;28;28;0;64.793;64.793;155.448;0;0;0;0;0;0;1;25;1
2026-04-25 04:36:30;sin_act_cocina_comedor;0.27;0.322;0;0.21;43;43;43;0;28;28;28;0;153.372;65.119;153.818;0;0;0;0;0;0;1;25;1
2026-04-25 04:37:00;sin_act_cocina_comedor;0;0.313;0;0.202;43;43;43;0;28;28;28;0;153.184;64.312;153.767;0;0;0;0;0;0;1;25;1
2026-04-25 04:37:30;sin_act_cocina_comedor;0.266;0.292;0.181;0.214;43;43;43;0;28;28;28;0;65.153;64.793;178.583;0;0;0;0;0;0;1;24;1
2026-04-25 04:38:00;sin_act_cocina_comedor;0;0.296;0;0.212;43;43;43;0;28;28;28;0;64.741;63.832;177.468;0;0;0;0;0;0;1;24;1
2026-04-25 04:38:30;sin_act_cocina_comedor;0;0.312;0;0.214;43;43;43;0;28;28;28;0;153.715;51.81;154.642;0;0;0;0;0;0;1;25;1
2026-04-25 04:39:00;sin_act_cocina_comedor;0.264;0.301;0;0.191;43;43;43;0;28;28;28;0;152.429;64.364;154.11;0;0;0;0;0;0;0;25;1
2026-04-25 04:39:30;sin_act_cocina_comedor;0;0.268;0;0.231;43;43;43;0;28;28;28;0;65.633;63.935;178.943;0;0;0;0;0;0;1;22;1
2026-04-25 04:40:00;sin_act_cocina_comedor;0.263;0.3;0;0.197;43;43;43;0;28;28;28;0;153.733;48.037;194.498;0;0;0;0;0;0;1;23;1
2026-04-25 04:40:30;sin_act_cocina_comedor;0;0.298;0;0.201;43;43;43;0;28;28;28;0;153.287;64.844;154.247;0;0;0;0;0;0;0;25;1
2026-04-25 04:41:00;sin_act_cocina_comedor;0.286;0.299;0.202;0.221;43;43;43;0;28;28;28;0;153.664;64.312;154.196;0;0;0;0;0;0;0;15;1
2026-04-25 04:41:30;sin_act_cocina_comedor;0;0.281;0.175;0.21;43;43;43;0;28;28;28;0;154.196;64.724;154.196;0;0;0;0;0;0;1;25;1
2026-04-25 04:42:00;sin_act_cocina_comedor;0.271;0.303;0.197;0.212;43;43;43;0;28;28;28;0;64.415;64.415;180.504;0;0;0;0;0;0;1;24;1
2026-04-25 04:42:30;sin_act_cocina_comedor;0.264;0.3;0;0.215;43;43;43;0;28;28;28;0;153.39;64.312;154.093;0;0;0;0;0;0;1;6;1
2026-04-25 04:43:00;sin_act_cocina_comedor;0.271;0.293;0.186;0.205;43;43;43;0;28;28;28;0;153.784;65.256;166.698;0;0;0;0;0;0;1;22;1
2026-04-25 04:43:30;sin_act_cocina_comedor;0;0.297;0.196;0.199;43;43;43;0;28;28;28;0;179.904;16.43;179.904;0;0;0;0;0;0;0;25;1
2026-04-25 04:44:00;sin_act_cocina_comedor;0.264;0.325;0;0.215;43;43;43;0;28;28;28;0;152.875;63.832;153.835;0;0;0;0;0;0;1;26;1
2026-04-25 04:44:30;sin_act_cocina_comedor;0;0.291;0.185;0.205;43;43;43;0;28;28;28;0;152.978;64.69;154.213;0;0;0;0;0;0;1;25;1
2026-04-25 04:45:00;sin_act_cocina_comedor;0.268;0.329;0.181;0.212;43;43;43;0;28;28;28;0;165;63.781;165;0;0;0;0;0;0;1;21;1
2026-04-25 04:45:30;sin_act_cocina_comedor;0;0.302;0.179;0.202;43;43;43;0;28;28;28;0;153.39;65.221;183.711;0;0;0;0;0;0;1;25;1
2026-04-25 04:46:00;sin_act_cocina_comedor;0.267;0.289;0;0.218;43;43;43;0;28;28;28;0;152.927;64.741;167.418;0;0;0;0;0;0;0;20;1
2026-04-25 04:46:30;sin_act_cocina_comedor;0.264;0.277;0;0.204;43;43;43;0;28;28;28;0;152.909;64.244;169.185;0;0;0;0;0;0;1;30;1
2026-04-25 04:47:00;sin_act_cocina_comedor;0;0.329;0;0.21;43;43;43;0;28;28;28;0;153.355;64.295;170.334;0;0;0;0;0;0;1;24;1
2026-04-25 04:47:30;sin_act_cocina_comedor;0;0.264;0;0.2;43;43;43;0;28;28;28;0;153.304;63.884;154.196;0;0;0;0;0;0;1;26;1
2026-04-25 04:48:00;sin_act_cocina_comedor;0;0.3;0;0.191;43;43;43;0;28;28;28;0;65.582;46.819;199.163;0;0;0;0;0;0;1;25;1
2026-04-25 04:48:30;sin_act_cocina_comedor;0;0.287;0;0.221;43;43;43;0;28;28;28;0;63.884;63.884;158.552;0;0;0;0;0;0;0;20;1
2026-04-25 04:49:00;sin_act_cocina_comedor;0.271;0.271;0;0.195;43;43;43;0;28;28;28;0;145.724;65.633;223.893;0;0;0;0;0;0;1;28;1
2026-04-25 04:49:30;sin_act_cocina_comedor;0;0.306;0;0.195;43;43;43;0;28;28;28;0;153.372;54.777;154.281;0;0;0;0;0;0;1;25;1
2026-04-25 04:50:00;sin_act_cocina_comedor;0.278;0.29;0.176;0.195;43;43;43;0;28;28;28;0;65.256;14.08;192.612;0;0;0;0;0;0;1;21;1
2026-04-25 04:50:30;sin_act_cocina_comedor;0;0.284;0;0.202;43;43;43;0;28;28;28;0;153.733;65.633;154.213;0;0;0;0;0;0;1;26;1
2026-04-25 04:51:00;sin_act_cocina_comedor;0;0.31;0.185;0.209;43;43;43;0;28;28;28;0;152.927;64.312;153.39;0;0;0;0;0;0;0;23;1
2026-04-25 04:51:30;sin_act_cocina_comedor;0;0.277;0;0.205;43;43;43;0;28;28;28;0;153.818;64.415;154.161;0;0;0;0;0;0;1;30;1
2026-04-25 04:52:00;sin_act_cocina_comedor;0.262;0.309;0.183;0.215;43;43;43;0;28;28;28;0;152.086;64.776;154.161;0;0;0;0;0;0;1;29;1
2026-04-25 04:52:30;sin_act_cocina_comedor;0.276;0.331;0.192;0.211;43;43;43;0;28;28;28;0;153.355;64.793;154.247;0;0;0;0;0;0;1;25;1
2026-04-25 04:53:00;sin_act_cocina_comedor;0;0.297;0.179;0.221;43;43;43;0;28;28;28;0;153.492;63.935;154.213;0;0;0;0;0;0;1;23;1
2026-04-25 04:53:30;sin_act_cocina_comedor;0.277;0.341;0.188;0.224;43;43;43;0;28;28;28;0;153.801;64.312;154.281;0;0;0;0;0;0;0;22;1
2026-04-25 04:54:00;sin_act_cocina_comedor;0;0.307;0.192;0.218;43;43;43;0;28;28;28;0;153.853;141.042;181.516;0;0;0;0;0;0;1;25;1
2026-04-25 04:54:30;sin_act_cocina_comedor;0.272;0.279;0.218;0.218;43;43;43;0;28;28;28;0;65.119;64.741;171.328;0;0;0;0;0;0;1;25;1
2026-04-25 04:55:00;sin_act_cocina_comedor;0;0.285;0.182;0.223;43;43;43;0;28;28;28;0;153.887;63.935;154.23;0;0;0;0;0;0;1;25;1
2026-04-25 04:55:30;sin_act_cocina_comedor;0;0.29;0;0.22;43;43;43;0;28;28;28;0;153.355;64.741;154.281;0;0;0;0;0;0;1;18;1
2026-04-25 04:56:00;sin_act_cocina_comedor;0.269;0.288;0.187;0.217;43;43;43;0;27.3;27;28;0.466092;153.887;63.884;154.676;0;0;0;0;0;0;0;25;1
2026-04-25 04:56:30;sin_act_cocina_comedor;0;0.28;0.175;0.216;43;43;43;0;27;27;27;0;153.39;64.312;154.23;0;0;0;0;0;0;1;25;1
2026-04-25 04:57:00;sin_act_cocina_comedor;0;0.276;0.198;0.204;43;43;43;0;27;27;27;0;153.424;64.312;173.712;0;0;0;0;0;0;1;24;1
2026-04-25 04:57:30;sin_act_cocina_comedor;0;0.345;0;0.222;44;44;44;0;27;27;27;0;154.213;65.101;164.983;0;0;0;0;0;0;1;25;1
2026-04-25 04:58:00;sin_act_cocina_comedor;0.276;0.279;0;0.19;44;44;44;0;27;27;27;0;152.927;152.12;154.35;0;0;0;0;0;0;1;21;1
2026-04-25 04:58:30;sin_act_cocina_comedor;0;0.297;0;0.198;44;44;44;0;27;27;27;0;152.549;66.062;160.49;0;0;0;0;0;0;1;30;1
2026-04-25 04:59:00;sin_act_cocina_comedor;0;0.266;0;0.211;44;44;44;0;27;27;27;0;153.321;64.312;154.35;0;0;0;0;0;0;1;18;1
2026-04-25 04:59:30;sin_act_cocina_comedor;0;0.342;0.194;0.22;44;44;44;0;27;27;27;0;153.441;64.896;153.887;0;0;0;0;0;0;1;30;1
2026-04-25 05:00:00;sin_act_cocina_comedor;0;0.289;0;0.218;44;44;44;0;27;27;27;0;153.458;64.364;153.853;0;0;0;0;0;0;1;23;1
2026-04-25 05:00:30;sin_act_cocina_comedor;0;0.291;0.193;0.208;44;44;44;0;27;27;27;0;153.475;64.364;177.4;0;0;0;0;0;0;1;27;1
2026-04-25 05:01:00;sin_act_cocina_comedor;0;0.28;0;0.207;44;44;44;0;27;27;27;0;152.927;65.101;155.705;0;0;0;0;0;0;1;19;1
2026-04-25 05:01:30;sin_act_cocina_comedor;0;0.311;0;0.209;44;44;44;0;27;27;27;0;153.818;64.673;153.956;0;0;0;0;0;0;1;29;1
2026-04-25 05:02:00;sin_act_cocina_comedor;0;0.285;0.216;0.217;44;44;44;0;27;27;27;0;153.87;64.415;157.54;0;0;0;0;0;0;1;18;1
2026-04-25 05:02:30;sin_act_cocina_comedor;0;0.281;0;0.201;44;44;44;0;27;27;27;0;153.475;64.312;154.316;0;0;0;0;0;0;1;28;1
2026-04-25 05:03:00;sin_act_cocina_comedor;0;0.318;0.174;0.209;44;44;44;0;27;27;27;0;152.549;63.884;165.377;0;0;0;0;0;0;0;27;1
2026-04-25 05:03:30;sin_act_cocina_comedor;0;0.266;0.192;0.213;44;44;44;0;27;27;27;0;152.978;64.364;154.71;0;0;0;0;0;0;1;30;1
2026-04-25 05:04:00;sin_act_cocina_comedor;0;0.279;0.174;0.22;44;44;44;0;27;27;27;0;153.938;64.638;156.305;0;0;0;0;0;0;1;25;1
2026-04-25 05:04:30;sin_act_cocina_comedor;0;0.279;0.216;0.216;44;44;44;0;27;27;27;0;153.887;63.987;153.938;0;0;0;0;0;0;1;25;1
2026-04-25 05:05:00;sin_act_cocina_comedor;0;0.295;0;0.201;44;44;44;0;27;27;27;0;153.064;64.364;156.031;0;0;0;0;0;0;1;26;1
2026-04-25 05:05:30;sin_act_cocina_comedor;0;0.268;0.185;0.201;44.233333;44;45;0.430183;27;27;27;0;149.445;64.312;179.372;0;0;0;0;0;0;0;27;1
2026-04-25 05:06:00;sin_act_cocina_comedor;0;0.359;0.187;0.232;45;45;45;0;27;27;27;0;153.87;62.443;192.372;0;0;0;0;0;0;1;23;1
2026-04-25 05:06:30;sin_act_cocina_comedor;0;0.311;0.185;0.216;45;45;45;0;27;27;27;0;153.475;65.307;185.014;0;0;0;0;0;0;1;25;1
2026-04-25 05:07:00;sin_act_cocina_comedor;0;0.275;0.187;0.208;45;45;45;0;27;27;27;0;153.029;64.347;159.358;0;0;0;0;0;0;1;25;1
2026-04-25 05:07:30;sin_act_cocina_comedor;0;0.289;0;0.208;45;45;45;0;27;27;27;0;152.978;64.312;159.975;0;0;0;0;0;0;1;30;1
2026-04-25 05:08:00;sin_act_cocina_comedor;0.268;0.285;0;0.192;45;45;45;0;27;27;27;0;153.835;64.415;179.698;0;0;0;0;0;0;0;25;1
2026-04-25 05:08:30;sin_act_cocina_comedor;0;0.308;0.175;0.188;45;45;45;0;27;27;27;0;153.441;64.364;154.281;0;0;0;0;0;0;1;21;1
2026-04-25 05:09:00;sin_act_cocina_comedor;0.287;0.287;0.174;0.206;45;45;45;0;27;27;27;0;153.921;63.901;155.173;0;0;0;0;0;0;1;30;1
2026-04-25 05:09:30;sin_act_cocina_comedor;0;0.301;0;0.201;45;45;45;0;27;27;27;0;153.801;15.349;158.38;0;0;0;0;0;0;1;28;1
2026-04-25 05:10:00;sin_act_cocina_comedor;0;0.301;0;0.196;45;45;45;0;27;27;27;0;153.407;63.695;173.489;0;0;0;0;0;0;1;30;1
2026-04-25 05:10:30;sin_act_cocina_comedor;0;0.262;0.191;0.214;45;45;45;0;27;27;27;0;153.784;65.582;154.281;0;0;0;0;0;0;0;29;1
2026-04-25 05:11:00;sin_act_cocina_comedor;0;0.303;0;0.202;45;45;45;0;27;27;27;0;137.783;65.136;172.941;0;0;0;0;0;0;1;26;1
2026-04-25 05:11:30;sin_act_cocina_comedor;0;0.292;0;0.204;45;45;45;0;27;27;27;0;153.921;64.364;157.077;0;0;0;0;0;0;1;30;1
2026-04-25 05:12:00;sin_act_cocina_comedor;0.286;0.3;0;0.198;45;45;45;0;27;27;27;0;152.995;65.273;158.054;0;0;0;0;0;0;1;24;1
2026-04-25 05:12:30;sin_act_cocina_comedor;0;0.311;0;0.204;45;45;45;0;27;27;27;0;153.407;64.004;154.676;0;0;0;0;0;0;1;25;1
2026-04-25 05:13:00;sin_act_cocina_comedor;0;0.268;0;0.21;45;45;45;0;27;27;27;0;153.818;152.138;154.196;0;0;0;0;0;0;0;30;1
2026-04-25 05:13:30;sin_act_cocina_comedor;0;0.282;0.182;0.211;45;45;45;0;27;27;27;0;153.39;64.244;154.299;0;0;0;0;0;0;1;30;1
2026-04-25 05:14:00;sin_act_cocina_comedor;0;0.278;0;0.21;45;45;45;0;27;27;27;0;152.995;64.295;158.415;0;0;0;0;0;0;1;24;1
2026-04-25 05:14:30;sin_act_cocina_comedor;0;0.318;0.181;0.221;45;45;45;0;27;27;27;0;152.909;53.508;155.653;0;0;0;0;0;0;1;30;1
2026-04-25 05:15:00;sin_act_cocina_comedor;0;0.298;0.184;0.205;45;45;45;0;27;27;27;0;154.401;63.558;155.688;0;0;0;0;0;0;1;30;1
2026-04-25 05:15:30;sin_act_cocina_comedor;0;0.31;0.183;0.202;45;45;45;0;27;27;27;0;154.71;64.741;156.048;0;0;0;0;0;0;1;20;1
2026-04-25 05:16:00;sin_act_cocina_comedor;0;0.272;0;0.196;45;45;45;0;27;27;27;0;153.784;61.774;154.624;0;0;0;0;0;0;1;30;1
2026-04-25 05:16:30;sin_act_cocina_comedor;0;0.289;0;0.218;45;45;45;0;27;27;27;0;153.424;46.494;197.053;0;0;0;0;0;0;1;30;1
2026-04-25 05:17:00;sin_act_cocina_comedor;0;0.285;0.185;0.194;45;45;45;0;27;27;27;0;153.39;52.976;154.676;0;0;0;0;0;0;1;30;1
2026-04-25 05:17:30;sin_act_cocina_comedor;0;0.275;0;0.234;45;45;45;0;27;27;27;0;154.264;64.21;159.598;0;0;0;0;0;0;1;25;1
2026-04-25 05:18:00;sin_act_cocina_comedor;0;0.272;0.215;0.215;45;45;45;0;27;27;27;0;153.407;64.793;154.642;0;0;0;0;0;0;1;19;1
2026-04-25 05:18:30;sin_act_cocina_comedor;0;0.31;0.18;0.223;45;45;45;0;27;27;27;0;153.458;65.153;153.887;0;0;0;0;0;0;1;25;1
2026-04-25 05:19:00;sin_act_cocina_comedor;0;0.278;0.183;0.218;45;45;45;0;27;27;27;0;65.221;64.827;155.773;0;0;0;0;0;0;0;24;1
2026-04-25 05:19:30;sin_act_cocina_comedor;0.262;0.32;0;0.205;45;45;45;0;27;27;27;0;153.424;64.415;165.24;0;0;0;0;0;0;1;21;1
2026-04-25 05:20:00;sin_act_cocina_comedor;0;0.301;0.183;0.206;45;45;45;0;27;27;27;0;153.458;60.745;154.779;0;0;0;0;0;0;1;24;1
2026-04-25 05:20:30;sin_act_cocina_comedor;0;0.284;0.187;0.207;45;45;45;0;27;27;27;0;154.659;61.774;157.06;0;0;0;0;0;0;1;30;1
2026-04-25 05:21:00;sin_act_cocina_comedor;0;0.288;0.178;0.21;45;45;45;0;27;27;27;0;153.595;63.901;169.939;0;0;0;0;0;0;1;21;1
2026-04-25 05:21:30;sin_act_cocina_comedor;0;0.283;0;0.189;45;45;45;0;27;27;27;0;153.887;64.724;178.874;0;0;0;0;0;0;1;9;1
2026-04-25 05:22:00;sin_act_cocina_comedor;0;0.275;0.194;0.194;45;45;45;0;27;27;27;0;152.566;64.844;173.369;0;0;0;0;0;0;1;30;1
2026-04-25 05:22:30;sin_act_cocina_comedor;0;0.271;0.181;0.208;45;45;45;0;27;27;27;0;153.321;64.415;173.489;0;0;0;0;0;0;0;30;1
2026-04-25 05:23:00;sin_act_cocina_comedor;0;0.331;0.176;0.21;45.566667;45;46;0.504007;27;27;27;0;154.161;65.256;154.624;0;0;0;0;0;0;1;25;1
2026-04-25 05:23:30;sin_act_cocina_comedor;0;0.292;0.19;0.206;46;46;46;0;27;27;27;0;153.407;58.07;154.676;0;0;0;0;0;0;1;25;1
2026-04-25 05:24:00;sin_act_cocina_comedor;0.303;0.303;0.195;0.207;46;46;46;0;27;27;27;0;142.808;63.884;154.178;0;0;0;0;0;0;1;30;1
2026-04-25 05:24:30;sin_act_cocina_comedor;0;0.298;0;0.201;46;46;46;0;27;27;27;0;153.733;66.062;153.921;0;0;0;0;0;0;1;25;1
2026-04-25 05:25:00;sin_act_cocina_comedor;0;0.279;0;0.192;45.633333;45;46;0.490133;27;27;27;0;153.784;64.415;154.316;0;0;0;0;0;0;0;29;1
2026-04-25 05:25:30;sin_act_cocina_comedor;0;0.359;0.201;0.202;46;46;46;0;27;27;27;0;153.492;64.724;174.193;0;0;0;0;0;0;1;21;1
2026-04-25 05:26:00;sin_act_cocina_comedor;0;0.28;0.175;0.207;46;46;46;0;27;27;27;0;153.407;63.952;154.299;0;0;0;0;0;0;1;25;1
2026-04-25 05:26:30;sin_act_cocina_comedor;0.281;0.283;0.177;0.238;46;46;46;0;27;27;27;0;152.875;64.415;181.155;0;0;0;0;0;0;0;30;1
2026-04-25 05:27:00;sin_act_cocina_comedor;0;0.276;0.191;0.214;46;46;46;0;27;27;27;0;65.17;64.364;153.87;0;0;0;0;0;0;1;25;1
2026-04-25 05:27:30;sin_act_cocina_comedor;0.264;0.358;0.196;0.219;46;46;46;0;27;27;27;0;153.029;64.312;153.818;0;0;0;0;0;0;1;30;1
2026-04-25 05:28:00;sin_act_cocina_comedor;0;0.278;0.203;0.222;46;46;46;0;27;27;27;0;66.062;64.261;172.58;0;0;0;0;0;0;1;30;1
2026-04-25 05:28:30;sin_act_cocina_comedor;0;0.28;0.19;0.201;46;46;46;0;27;27;27;0;185.512;64.724;185.512;0;0;0;0;0;0;1;25;1
2026-04-25 05:29:00;sin_act_cocina_comedor;0;0.338;0;0.202;46;46;46;0;27;27;27;0;64.261;64.261;185.512;0;0;0;0;0;0;0;25;1
2026-04-25 05:29:30;sin_act_cocina_comedor;0;0.31;0;0.225;46;46;46;0;27;27;27;0;154.316;63.781;154.316;0;0;0;0;0;0;1;30;1
2026-04-25 05:30:00;sin_act_cocina_comedor;0;0.296;0;0.22;46;46;46;0;27;27;27;0;153.407;64.244;153.973;0;0;0;0;0;0;1;30;1
2026-04-25 05:30:30;sin_act_cocina_comedor;0;0.322;0;0.186;46;46;46;0;27;27;27;0;153.458;64.312;153.458;0;0;0;0;0;0;1;25;1
2026-04-25 05:31:00;sin_act_cocina_comedor;0.27;0.278;0.179;0.201;45.266667;45;46;0.449776;27;27;27;0;156.854;65.307;156.854;0;0;0;0;0;0;1;30;1
2026-04-25 05:31:30;sin_act_cocina_comedor;0;0.319;0;0.201;45;45;45;0;27;27;27;0;153.355;64.312;156.854;0;0;0;0;0;0;0;30;1
2026-04-25 05:32:00;sin_act_cocina_comedor;0.269;0.301;0.185;0.208;45;45;45;0;27;27;27;0;153.887;152.927;153.887;0;0;0;0;0;0;1;25;1
2026-04-25 05:32:30;sin_act_cocina_comedor;0;0.295;0.175;0.206;45;45;45;0;27;27;27;0;64.827;64.827;154.419;0;0;0;0;0;0;1;25;1
2026-04-25 05:33:00;sin_act_cocina_comedor;0.268;0.311;0;0.207;45;45;45;0;27;27;27;0;153.87;66.113;153.887;0;0;0;0;0;0;1;25;1
2026-04-25 05:33:30;sin_act_cocina_comedor;0;0.287;0.209;0.213;45;45;45;0;27;27;27;0;64.844;64.244;154.779;0;0;0;0;0;0;1;25;1
2026-04-25 05:34:00;sin_act_cocina_comedor;0;0.293;0.186;0.209;45;45;45;0;27;27;27;0;152.978;64.347;154.281;0;0;0;0;0;0;0;30;1
2026-04-25 05:34:30;sin_act_cocina_comedor;0;0.275;0;0.202;45;45;45;0;27;27;27;0;153.441;63.884;232.057;0;0;0;0;0;0;1;25;1
2026-04-25 05:35:00;sin_act_cocina_comedor;0.298;0.298;0.184;0.207;45;45;45;0;27;27;27;0;152.961;64.312;154.299;0;0;0;0;0;0;1;20;1
2026-04-25 05:35:30;sin_act_cocina_comedor;0.281;0.298;0.196;0.221;45;45;45;0;27;27;27;0;64.793;64.364;153.973;0;0;0;0;0;0;1;25;1
2026-04-25 05:36:00;sin_act_cocina_comedor;0;0.299;0.219;0.219;45;45;45;0;27;27;27;0;153.064;152.12;154.213;0;0;0;0;0;0;1;30;1
2026-04-25 05:36:30;sin_act_cocina_comedor;0.29;0.322;0.174;0.224;45;45;45;0;27;27;27;0;153.904;65.17;154.281;0;0;0;0;0;0;0;25;1
2026-04-25 05:37:00;sin_act_cocina_comedor;0;0.283;0.219;0.228;45;45;45;0;27;27;27;0;153.818;146.855;156.134;0;0;0;0;0;0;1;30;1
2026-04-25 05:37:30;sin_act_cocina_comedor;0;0.296;0;0.203;45;45;45;0;27;27;27;0;153.527;65.685;153.938;0;0;0;0;0;0;1;30;1
2026-04-25 05:38:00;sin_act_cocina_comedor;0;0.299;0;0.215;45;45;45;0;27;27;27;0;65.685;65.256;154.35;0;0;0;0;0;0;1;30;1
2026-04-25 05:38:30;sin_act_cocina_comedor;0;0.304;0;0.22;45;45;45;0;27;27;27;0;74.654;64.827;153.887;0;0;0;0;0;0;1;30;1
2026-04-25 05:39:00;sin_act_cocina_comedor;0;0.275;0;0.204;45;45;45;0;27;27;27;0;153.029;64.741;218.851;0;0;0;0;0;0;0;30;1
2026-04-25 05:39:30;sin_act_cocina_comedor;0.284;0.289;0.194;0.206;45;45;45;0;27;27;27;0;153.441;66.491;163.868;0;0;0;0;0;0;1;30;1
2026-04-25 05:40:00;sin_act_cocina_comedor;0;0.27;0;0.213;44.933333;44;45;0.253708;27;27;27;0;153.818;64.312;154.401;0;0;0;0;0;0;0;25;1
2026-04-25 05:40:30;sin_act_cocina_comedor;0;0.327;0.193;0.197;44;44;44;0;27;27;27;0;153.561;63.609;153.887;0;0;0;0;0;0;1;30;1
2026-04-25 05:41:00;sin_act_cocina_comedor;0.262;0.281;0.174;0.205;44;44;44;0;27;27;27;0;153.081;152.601;154.299;0;0;0;0;0;0;1;30;1
2026-04-25 05:41:30;sin_act_cocina_comedor;0.265;0.277;0.224;0.227;44;44;44;0;27;27;27;0;153.047;64.758;154.95;0;0;0;0;0;0;1;30;1
2026-04-25 05:42:00;sin_act_cocina_comedor;0;0.304;0;0.224;44;44;44;0;27;27;27;0;157.626;64.364;157.626;0;0;0;0;0;0;1;30;1
2026-04-25 05:42:30;sin_act_cocina_comedor;0;0.288;0;0.199;44;44;44;0;27;27;27;0;152.584;64.415;154.264;0;0;0;0;0;0;0;30;1
2026-04-25 05:43:00;sin_act_cocina_comedor;0;0.29;0;0.201;44;44;44;0;27;27;27;0;64.793;64.793;166.389;0;0;0;0;0;0;1;30;1
2026-04-25 05:43:30;sin_act_cocina_comedor;0;0.272;0.206;0.208;44;44;44;0;27;27;27;0;153.887;65.307;153.956;0;0;0;0;0;0;1;30;1
2026-04-25 05:44:00;sin_act_cocina_comedor;0;0.274;0.19;0.207;44;44;44;0;27;27;27;0;154.281;152.978;154.281;0;0;0;0;0;0;1;29;1
2026-04-25 05:44:30;sin_act_cocina_comedor;0;0.271;0.182;0.21;44;44;44;0;27;27;27;0;153.51;64.415;154.299;0;0;0;0;0;0;1;2;1
2026-04-25 05:45:00;sin_act_cocina_comedor;0;0.288;0.175;0.196;44;44;44;0;27;27;27;0;152.686;64.312;155.722;0;0;0;0;0;0;0;28;1
2026-04-25 05:45:30;sin_act_cocina_comedor;0;0.293;0.176;0.213;44;44;44;0;27;27;27;0;180.881;64.827;180.881;0;0;0;0;0;0;1;30;1
2026-04-25 05:46:00;sin_act_cocina_comedor;0.271;0.303;0;0.203;44;44;44;0;27;27;27;0;169.322;64.415;169.322;0;0;0;0;0;0;1;30;1
2026-04-25 05:46:30;sin_act_cocina_comedor;0;0.317;0.192;0.214;44;44;44;0;27;27;27;0;153.887;64.364;154.299;0;0;0;0;0;0;1;30;1
2026-04-25 05:47:00;sin_act_cocina_comedor;0.271;0.272;0.186;0.226;44;44;44;0;27;27;27;0;153.012;64.347;193.984;0;0;0;0;0;0;1;30;1
2026-04-25 05:47:30;sin_act_cocina_comedor;0;0.303;0.192;0.233;44;44;44;0;27;27;27;0;153.458;64.347;154.299;0;0;0;0;0;0;0;30;1
2026-04-25 05:48:00;sin_act_cocina_comedor;0;0.274;0;0.204;44;44;44;0;27;27;27;0;153.149;64.347;191.12;0;0;0;0;0;0;1;30;1
2026-04-25 05:48:30;sin_act_cocina_comedor;0;0.268;0.178;0.219;44;44;44;0;27;27;27;0;153.475;65.273;154.281;0;0;0;0;0;0;1;30;1
2026-04-25 05:49:00;sin_act_cocina_comedor;0;0.274;0.18;0.217;44;44;44;0;27;27;27;0;153.887;64.347;153.887;0;0;0;0;0;0;1;30;1
2026-04-25 05:49:30;sin_act_cocina_comedor;0;0.268;0.179;0.204;44;44;44;0;27;27;27;0;153.784;65.273;154.281;0;0;0;0;0;0;1;30;1
2026-04-25 05:50:00;sin_act_cocina_comedor;0;0;0.204;0.228;44;44;44;0;27;27;27;0;153.544;64.312;165.549;0;0;0;0;0;0;1;30;1
2026-04-25 05:50:30;sin_act_cocina_comedor;0;0.305;0.188;0.218;44;44;44;0;27;27;27;0;139.464;64.793;153.973;0;0;0;0;0;0;1;30;1
2026-04-25 05:51:00;sin_act_cocina_comedor;0;0.271;0.18;0.223;44;44;44;0;27;27;27;0;153.098;139.464;153.938;0;0;0;0;0;0;1;30;1
2026-04-25 05:51:30;sin_act_cocina_comedor;0;0.28;0.184;0.214;44;44;44;0;27;27;27;0;153.492;64.312;153.921;0;0;0;0;0;0;1;30;1
2026-04-25 05:52:00;sin_act_cocina_comedor;0.285;0.307;0;0.21;44;44;44;0;27;27;27;0;153.51;64.793;153.818;0;0;0;0;0;0;1;30;1
2026-04-25 05:52:30;sin_act_cocina_comedor;0;0.304;0.185;0.211;44;44;44;0;27;27;27;0;153.424;64.896;179.32;0;0;0;0;0;0;1;30;1
2026-04-25 05:53:00;sin_act_cocina_comedor;0;0.277;0.192;0.213;44;44;44;0;27;27;27;0;153.098;65.256;153.887;0;0;0;0;0;0;1;29;1
2026-04-25 05:53:30;sin_act_cocina_comedor;0;0.309;0.176;0.217;44;44;44;0;27;27;27;0;152.601;152.601;153.527;0;0;0;0;0;0;1;30;1
2026-04-25 05:54:00;sin_act_cocina_comedor;0;0.296;0.176;0.244;44;44;44;0;27;27;27;0;152.978;152.549;153.887;0;0;0;0;0;0;1;30;1
2026-04-25 05:54:30;sin_act_cocina_comedor;0;0.285;0.175;0.2;44;44;44;0;27;27;27;0;153.355;64.415;176.336;0;0;0;0;0;0;0;30;1
2026-04-25 05:55:00;sin_act_cocina_comedor;0;0.282;0.18;0.23;44;44;44;0;27;27;27;0;154.367;64.415;199.129;0;0;0;0;0;0;1;30;1
2026-04-25 05:55:30;sin_act_cocina_comedor;0;0.289;0.187;0.209;44;44;44;0;27;27;27;0;153.99;64.347;154.367;0;0;0;0;0;0;0;30;1
2026-04-25 05:56:00;sin_act_cocina_comedor;0.295;0.295;0.186;0.226;44;44;44;0;27;27;27;0;153.887;66.113;153.99;0;0;0;0;0;0;1;30;1
2026-04-25 05:56:30;sin_act_cocina_comedor;0;0.28;0.199;0.216;44;44;44;0;27;27;27;0;153.081;64.415;153.887;0;0;0;0;0;0;1;30;1
2026-04-25 05:57:00;sin_act_cocina_comedor;0;0.289;0.197;0.232;44;44;44;0;27;27;27;0;133.736;133.736;154.727;0;0;0;0;0;0;1;30;1
2026-04-25 05:57:30;sin_act_cocina_comedor;0;0.304;0.175;0.218;44;44;44;0;27;27;27;0;153.613;153.012;170.797;0;0;0;0;0;0;1;30;1
2026-04-25 05:58:00;sin_act_cocina_comedor;0;0.306;0.185;0.219;44;44;44;0;27;27;27;0;153.51;65.599;174.981;0;0;0;0;0;0;1;30;1
2026-04-25 05:58:30;sin_act_cocina_comedor;0;0.323;0.183;0.214;44;44;44;0;27;27;27;0;153.921;44.178;154.367;1;1;1;0;0;0;1;30;1
2026-04-25 05:59:00;sin_act_cocina_comedor;0;0.291;0.199;0.208;44;44;44;0;27;27;27;0;153.458;37.301;154.727;1;30;1;0;0;0;1;30;1
2026-04-25 05:59:30;sin_act_cocina_comedor;0.269;0.305;0.203;0.21;44;44;44;0;27;27;27;0;152.961;64.295;153.938;1;30;1;0;0;0;1;30;1
2026-04-25 06:00:00;sin_act_cocina_comedor;0;0.298;0.211;0.215;44;44;44;0;27;27;27;0;153.613;152.961;153.956;0;3;1;0;0;0;1;30;1
2026-04-25 06:00:30;sin_act_cocina_comedor;0.268;0.296;0.182;0.221;44;44;44;0;27;27;27;0;153.647;152.807;154.007;0;0;0;0;0;0;1;25;1
2026-04-25 06:01:00;sin_act_cocina_comedor;0.278;0.306;0.187;0.239;44;44;44;0;27;27;27;0;153.578;152.584;153.904;0;0;0;0;0;0;0;30;1
2026-04-25 06:01:30;sin_act_cocina_comedor;0;0.285;0.181;0.222;44;44;44;0;27;27;27;0;153.99;153.029;153.99;0;0;0;0;0;0;1;25;1
2026-04-25 06:02:00;sin_act_cocina_comedor;0;0.292;0.203;0.24;44;44;44;0;27;27;27;0;132.57;130.529;153.99;0;0;0;0;0;0;1;30;1
2026-04-25 06:02:30;sin_act_cocina_comedor;0.285;0.293;0.192;0.219;44;44;44;0;27;27;27;0;153.441;132.57;154.419;0;0;0;0;0;0;1;30;1
2026-04-25 06:03:00;sin_act_cocina_comedor;0.275;0.351;0.221;0.227;44;44;44;0;27;27;27;0;153.492;153.081;154.419;0;0;0;0;0;0;1;30;1
2026-04-25 06:03:30;sin_act_cocina_comedor;0.271;0.293;0.174;0.216;44;44;44;0;27;27;27;0;153.99;64.312;153.99;0;0;0;0;0;0;0;20;1
2026-04-25 06:04:00;sin_act_cocina_comedor;0;0.288;0.2;0.204;44;44;44;0;27;27;27;0;153.561;64.467;154.041;0;0;0;0;0;0;1;28;1
2026-04-25 06:04:30;sin_act_cocina_comedor;0;0.292;0.192;0.203;44;44;44;0;27;27;27;0;153.63;151.915;153.63;0;0;0;0;0;0;1;24;1
2026-04-25 06:05:00;sin_act_cocina_comedor;0.298;0.367;0.185;0.209;44;44;44;0;27;27;27;0;155.413;73.694;189.542;0;0;0;0;0;0;1;22;1
2026-04-25 06:05:30;sin_act_cocina_comedor;0;0.298;0;0.19;44;44;44;0;27;27;27;0;153.029;130.683;155.413;0;0;0;0;0;0;1;0;0
2026-04-25 06:06:00;sin_act_cocina_comedor;0;0.298;0.206;0.206;44;44;44;0;27;27;27;0;153.561;65.324;154.076;0;0;0;0;0;0;0;23;1
2026-04-25 06:06:30;sin_act_cocina_comedor;0;0.345;0.2;0.229;44;44;44;0;27;27;27;0;153.51;64.741;153.956;0;0;0;0;0;0;1;24;1
2026-04-25 06:07:00;sin_act_cocina_comedor;0;0.288;0.199;0.204;44;44;44;0;27;27;27;0;152.721;152.669;153.99;0;0;0;0;0;0;1;20;1
2026-04-25 06:07:30;sin_act_cocina_comedor;0;0.292;0.189;0.21;44;44;44;0;27;27;27;0;153.561;152.652;154.041;0;0;0;0;0;0;1;30;1
2026-04-25 06:08:00;sin_act_cocina_comedor;0;0.283;0.174;0.223;44;44;44;0;27;27;27;0;153.235;65.753;153.578;0;0;0;0;0;0;1;25;1
2026-04-25 06:08:30;sin_act_cocina_comedor;0;0.288;0.192;0.203;44;44;44;0;27;27;27;0;153.973;153.184;154.47;0;0;0;0;0;0;0;30;1
2026-04-25 06:09:00;sin_act_cocina_comedor;0.288;0.333;0.19;0.23;44;44;44;0;27;27;27;0;153.132;65.221;153.973;0;0;0;0;0;0;1;30;1
2026-04-25 06:09:30;sin_act_cocina_comedor;0.263;0.306;0.212;0.24;44;44;44;0;27;27;27;0;153.184;152.686;154.041;0;0;0;0;0;0;1;30;1
2026-04-25 06:10:00;sin_act_cocina_comedor;0;0.3;0.181;0.235;44;44;44;0;27;27;27;0;154.007;152.343;154.058;0;0;0;0;0;0;1;25;1
2026-04-25 06:10:30;sin_act_cocina_comedor;0;0.291;0.185;0.225;44;44;44;0;27;27;27;0;153.561;153.047;154.401;0;0;0;0;0;0;1;25;1
2026-04-25 06:11:00;sin_act_cocina_comedor;0;0.272;0.191;0.216;44;44;44;0;27;27;27;0;149.651;63.575;153.921;0;0;0;0;0;0;0;25;1
2026-04-25 06:11:30;sin_act_cocina_comedor;0;0.293;0.19;0.24;44;44;44;0;27;27;27;0;153.956;149.651;170.677;0;0;0;0;0;0;1;30;1
2026-04-25 06:12:00;sin_act_cocina_comedor;0.277;0.302;0.195;0.219;44;44;44;0;27;27;27;0;153.167;61.174;154.35;0;0;0;0;0;0;1;30;1
2026-04-25 06:12:30;sin_act_cocina_comedor;0;0.325;0.191;0.22;44;44;44;0;27;27;27;0;153.681;153.492;153.99;0;0;0;0;0;0;1;23;1
2026-04-25 06:13:00;sin_act_cocina_comedor;0.264;0.3;0.2;0.233;44;44;44;0;27;27;27;0;154.727;63.078;154.727;1;14;1;0;0;0;1;22;1
2026-04-25 06:13:30;sin_act_cocina_comedor;0;0.312;0.174;0.222;44;44;44;0;27;27;27;0;154.264;16.55;176.045;1;30;1;0;0;0;1;25;1
2026-04-25 06:14:00;sin_act_cocina_comedor;0;0;0.214;0.214;44;44;44;0;27;27;27;0;153.458;29.91;154.384;1;30;1;0;0;0;1;25;1
2026-04-25 06:14:30;sin_act_cocina_comedor;0;0.282;0.193;0.227;44;44;44;0;27;27;27;0;152.961;37.576;155.825;1;30;1;0;0;0;1;25;1
2026-04-25 06:15:00;sin_act_cocina_comedor;0;0.282;0.2;0.227;44;44;44;0;27;27;27;0;56.715;56.715;154.813;1;30;1;0;0;0;1;25;1
2026-04-25 06:15:30;sin_act_cocina_comedor;0;0.324;0.181;0.231;44;44;44;0;27;27;27;0;153.029;13.394;153.853;1;30;1;0;8;1;0;30;1
2026-04-25 06:16:00;sin_act_cocina_comedor;0;0.267;0.203;0.223;44;44;44;0;27;27;27;0;61.809;61.809;153.458;1;30;1;0;0;0;1;25;1
2026-04-25 06:16:30;sin_act_cocina_comedor;0;0.327;0.188;0.23;44;44;44;0;27;27;27;0;152.258;65.359;186.318;1;30;1;0;8;1;1;25;1
2026-04-25 06:17:00;sin_act_cocina_comedor;0;0.263;0.192;0.219;44;44;44;0;27;27;27;0;153.39;66.165;154.007;1;30;1;0;0;0;1;30;1
2026-04-25 06:17:30;sin_act_cocina_comedor;0;0.289;0.18;0.235;44;44;44;0;27;27;27;0;154.247;65.685;231.834;1;30;1;0;0;0;1;30;1
2026-04-25 06:18:00;sin_act_cocina_comedor;0;0.272;0.205;0.208;44;44;44;0;27;27;27;0;153.527;39.959;154.35;1;30;1;0;9;1;0;22;1
2026-04-25 06:18:30;sin_act_cocina_comedor;0;0.279;0.175;0.23;44;44;44;0;27;27;27;0;152.995;150.457;154.813;1;30;1;0;6;1;1;26;1
2026-04-25 06:19:00;sin_act_cocina_comedor;0;0.282;0;0.216;44;44;44;0;27;27;27;0;153.921;152.995;154.299;1;30;1;0;0;0;1;29;1
2026-04-25 06:19:30;sin_act_cocina_comedor;0;0.291;0.192;0.211;44;44;44;0;27;27;27;0;153.613;153.441;154.007;0;28;1;0;0;0;1;30;1
2026-04-25 06:20:00;sin_act_cocina_comedor;0;0.291;0.199;0.233;44;44;44;0;27;27;27;0;153.887;64.415;154.35;0;0;0;0;0;0;1;30;1
2026-04-25 06:20:30;sin_act_cocina_comedor;0;0.282;0.211;0.228;44;44;44;0;27;27;27;0;153.973;153.115;153.973;0;0;0;0;0;0;1;30;1
2026-04-25 06:21:00;sin_act_cocina_comedor;0.303;0.316;0.178;0.219;44;44;44;0;27;27;27;0;153.081;153.081;154.487;0;0;0;0;0;0;1;30;1
2026-04-25 06:21:30;sin_act_cocina_comedor;0;0.303;0.187;0.223;44;44;44;0;27;27;27;0;154.11;65.753;154.11;0;0;0;0;0;0;1;30;1
2026-04-25 06:22:00;sin_act_cocina_comedor;0;0.294;0;0.213;44;44;44;0;27;27;27;0;152.652;125.709;153.938;0;0;0;0;0;0;1;30;1
2026-04-25 06:22:30;sin_act_cocina_comedor;0;0.286;0.217;0.217;44;44;44;0;27;27;27;0;153.921;63.558;154.384;0;0;0;0;0;0;1;30;1
2026-04-25 06:23:00;sin_act_cocina_comedor;0;0.271;0;0.201;44;44;44;0;27;27;27;0;154.847;63.284;154.847;0;0;0;0;0;0;1;30;1
2026-04-25 06:23:30;sin_act_cocina_comedor;0;0.296;0.195;0.216;44;44;44;0;27;27;27;0;154.384;64.844;154.847;1;10;1;0;0;0;1;30;1
2026-04-25 06:24:00;sin_act_cocina_comedor;0;0.285;0.195;0.213;44;44;44;0;27;27;27;0;154.299;62.117;155.619;1;30;1;0;0;0;0;30;1
2026-04-25 06:24:30;sin_act_cocina_comedor;0;0.3;0.175;0.235;44;44;44;0;27;27;27;0;154.676;64.844;154.676;1;30;1;0;0;0;1;30;1
2026-04-25 06:25:00;sin_act_cocina_comedor;0;0;0.184;0.235;44;44;44;0;27;27;27;0;153.51;65.204;155.653;1;30;1;0;0;0;1;25;1
2026-04-25 06:25:30;sin_act_cocina_comedor;0;0.284;0.175;0.212;44;44;44;0;27;27;27;0;153.887;153.047;154.35;0;11;1;0;0;0;1;30;1
2026-04-25 06:26:00;sin_act_cocina_comedor;0;0.29;0.201;0.214;44;44;44;0;27;27;27;0;153.492;65.239;153.99;0;0;0;0;0;0;1;25;1
2026-04-25 06:26:30;sin_act_cocina_comedor;0;0.274;0;0.201;44;44;44;0;27;27;27;0;153.921;152.686;154.367;0;0;0;0;0;0;0;30;1
2026-04-25 06:27:00;sin_act_cocina_comedor;0.267;0.267;0;0.25;44;44;44;0;27;27;27;0;153.956;153.887;154.916;0;0;0;0;0;0;1;30;1
2026-04-25 06:27:30;sin_act_cocina_comedor;0;0.318;0.184;0.233;44;44;44;0;27;27;27;0;154.47;152.721;154.47;0;0;0;0;0;0;1;30;1
2026-04-25 06:28:00;sin_act_cocina_comedor;0;0.274;0;0.201;44;44;44;0;27;27;27;0;153.99;153.064;154.47;0;0;0;0;0;0;0;30;1
2026-04-25 06:28:30;sin_act_cocina_comedor;0;0.276;0.182;0.207;44;44;44;0;27;27;27;0;153.938;64.364;154.762;0;0;0;0;0;0;1;30;1
2026-04-25 06:29:00;sin_act_cocina_comedor;0.263;0.28;0;0.193;44;44;44;0;27;27;27;0;153.613;65.633;172.701;0;0;0;0;0;0;1;30;1
2026-04-25 06:29:30;sin_act_cocina_comedor;0;0.268;0.175;0.205;44;44;44;0;27;27;27;0;153.51;65.685;154.453;0;0;0;0;0;0;1;24;1
2026-04-25 06:30:00;sin_act_cocina_comedor;0;0.285;0.193;0.219;44;44;44;0;27;27;27;0;153.51;144.9;153.647;0;0;0;0;0;0;0;25;1
2026-04-25 06:30:30;sin_act_cocina_comedor;0;0.267;0;0.212;44;44;44;0;27;27;27;0;153.647;153.51;154.007;0;0;0;0;0;0;1;30;1
2026-04-25 06:31:00;sin_act_cocina_comedor;0;0.315;0;0.218;44;44;44;0;27;27;27;0;154.453;64.896;154.453;0;0;0;0;0;0;1;25;1
2026-04-25 06:31:30;sin_act_cocina_comedor;0;0;0.174;0.204;44;44;44;0;27;27;27;0;153.492;153.218;155.242;0;0;0;0;0;0;1;30;1
2026-04-25 06:32:00;sin_act_cocina_comedor;0;0.273;0;0.195;44;44;44;0;27;27;27;0;153.149;153.149;154.401;0;0;0;0;0;0;1;30;1
2026-04-25 06:32:30;sin_act_cocina_comedor;0;0.264;0;0.196;44;44;44;0;27;27;27;0;154.024;153.149;155.259;0;0;0;0;0;0;0;30;1
2026-04-25 06:33:00;sin_act_cocina_comedor;0;0.264;0.186;0.23;44;44;44;0;27;27;27;0;64.844;64.844;154.401;0;0;0;0;0;0;1;30;1
2026-04-25 06:33:30;sin_act_cocina_comedor;0;0.302;0.189;0.223;44;44;44;0;27;27;27;0;154.95;64.415;156.082;0;0;0;0;0;0;1;30;1
2026-04-25 06:34:00;sin_act_cocina_comedor;0.263;0.294;0.187;0.236;44;44;44;0;27;27;27;0;153.561;135.005;154.95;0;0;0;0;0;0;1;30;1
2026-04-25 06:34:30;sin_act_cocina_comedor;0.271;0.298;0.223;0.223;44;44;44;0;27;27;27;0;153.561;152.652;153.99;0;0;0;0;0;0;1;29;1
2026-04-25 06:35:00;sin_act_cocina_comedor;0;0.282;0.188;0.22;44;44;44;0;27;27;27;0;169.219;42.789;169.219;0;0;0;0;0;0;0;30;1
2026-04-25 06:35:30;sin_act_cocina_comedor;0.266;0.266;0.194;0.216;44;44;44;0;27;27;27;0;154.161;65.359;154.161;0;0;0;0;0;0;1;30;1
2026-04-25 06:36:00;sin_act_cocina_comedor;0;0.279;0.198;0.218;44;44;44;0;27;27;27;0;64.467;64.467;154.436;0;0;0;0;0;0;1;30;1
2026-04-25 06:36:30;sin_act_cocina_comedor;0;0.281;0.213;0.224;44;44;44;0;27;27;27;0;153.475;128.093;154.041;0;0;0;0;0;0;1;30;1
2026-04-25 06:37:00;sin_act_cocina_comedor;0.262;0.3;0.197;0.241;44;44;44;0;27;27;27;0;153.527;65.307;162.616;0;0;0;0;0;0;1;30;1
2026-04-25 06:37:30;sin_act_cocina_comedor;0.282;0.357;0.175;0.221;44;44;44;0;27;27;27;0;154.007;32.499;154.007;0;0;0;0;0;0;0;29;1
2026-04-25 06:38:00;sin_act_cocina_comedor;0.267;0.303;0.193;0.221;44;44;44;0;27;27;27;0;153.115;65.307;154.024;0;0;0;0;0;0;1;30;1
2026-04-25 06:38:30;sin_act_cocina_comedor;0;0.281;0;0.213;44;44;44;0;27;27;27;0;153.561;64.844;154.127;0;0;0;0;0;0;1;30;1
2026-04-25 06:39:00;sin_act_cocina_comedor;0;0.282;0.203;0.207;44;44;44;0;27;27;27;0;153.561;65.685;154.453;0;0;0;0;0;0;1;30;1
2026-04-25 06:39:30;sin_act_cocina_comedor;0;0.277;0.181;0.206;44;44;44;0;27;27;27;0;153.561;55.412;153.921;0;0;0;0;0;0;1;30;1
2026-04-25 06:40:00;sin_act_cocina_comedor;0;0.306;0;0.199;44;44;44;0;27;27;27;0;153.99;65.359;166.664;0;0;0;0;0;0;0;30;1
2026-04-25 06:40:30;sin_act_cocina_comedor;0;0.338;0.184;0.203;44;44;44;0;27;27;27;0;152.755;99.247;168.79;0;0;0;0;0;0;1;30;1
2026-04-25 06:41:00;sin_act_cocina_comedor;0;0.301;0;0.213;44;44;44;0;27;27;27;0;153.132;65.376;153.99;0;0;0;0;0;0;1;30;1
2026-04-25 06:41:30;sin_act_cocina_comedor;0;0.273;0.205;0.209;44;44;44;0;27;27;27;0;153.184;65.324;154.453;0;0;0;0;0;0;1;30;1
2026-04-25 06:42:00;sin_act_cocina_comedor;0;0.284;0;0.205;44;44;44;0;27;27;27;0;153.167;65.29;154.436;0;0;0;0;0;0;1;30;1
2026-04-25 06:42:30;sin_act_cocina_comedor;0;0.33;0.186;0.233;44;44;44;0;27;27;27;0;64.947;64.947;153.973;0;0;0;0;0;0;0;30;1
2026-04-25 06:43:00;sin_act_cocina_comedor;0;0.278;0.187;0.22;44;44;44;0;27;27;27;0;148.879;65.736;170.625;0;0;0;0;0;0;1;30;1
2026-04-25 06:43:30;sin_act_cocina_comedor;0;0.288;0.189;0.22;44;44;44;0;27;27;27;0;153.664;65.376;174.21;0;0;0;0;0;0;1;26;1
2026-04-25 06:44:00;sin_act_cocina_comedor;0;0.294;0.199;0.215;43.466667;43;44;0.507416;27;27;27;0;153.973;153.029;154.35;0;0;0;0;0;0;1;29;1
2026-04-25 06:44:30;sin_act_cocina_comedor;0.266;0.31;0;0.2;43;43;43;0;27;27;27;0;153.492;65.324;153.973;0;0;0;0;0;0;1;30;1
2026-04-25 06:45:00;sin_act_cocina_comedor;0;0.292;0.178;0.224;43;43;43;0;27;27;27;0;153.99;108.096;170.9;0;0;0;0;0;0;0;30;1
2026-04-25 06:45:30;sin_act_cocina_comedor;0;0.304;0.229;0.229;43;43;43;0;27;27;27;0;153.527;153.458;153.99;0;0;0;0;0;0;1;30;1
2026-04-25 06:46:00;sin_act_cocina_comedor;0;0.315;0.181;0.216;43;43;43;0;27;27;27;0;153.595;65.324;153.595;0;0;0;0;0;0;1;30;1
2026-04-25 06:46:30;sin_act_cocina_comedor;0;0.285;0.175;0.213;43;43;43;0;27;27;27;0;153.938;153.029;154.058;0;0;0;0;0;0;1;30;1
2026-04-25 06:47:00;sin_act_cocina_comedor;0.266;0.315;0.198;0.238;43;43;43;0;27;27;27;0;153.544;149.548;154.024;0;0;0;0;0;0;1;30;1
2026-04-25 06:47:30;sin_act_cocina_comedor;0;0.271;0.219;0.219;43;43;43;0;27;27;27;0;152.772;65.324;154.333;0;0;0;0;0;0;0;30;1
2026-04-25 06:48:00;sin_act_cocina_comedor;0;0.288;0;0.219;43;43;43;0;27;27;27;0;153.149;65.376;154.83;0;0;0;0;0;0;1;30;1
2026-04-25 06:48:30;sin_act_cocina_comedor;0;0.285;0.184;0.185;43;43;43;0;27;27;27;0;153.595;64.398;157.317;0;0;0;0;0;0;0;25;1
2026-04-25 06:49:00;sin_act_cocina_comedor;0;0.267;0.182;0.204;43;43;43;0;27;27;27;0;154.83;65.221;154.83;0;0;0;0;0;0;1;30;1
2026-04-25 06:49:30;sin_act_cocina_comedor;0;0.296;0.194;0.207;43;43;43;0;27;27;27;0;153.492;65.393;154.024;0;0;0;0;0;0;1;30;1
2026-04-25 06:50:00;sin_act_cocina_comedor;0;0.276;0;0.196;43;43;43;0;27;27;27;0;153.252;153.064;153.63;0;0;0;0;0;0;1;25;1
2026-04-25 06:50:30;sin_act_cocina_comedor;0;0.266;0.174;0.205;43;43;43;0;27;27;27;0;153.595;133.941;185.357;0;0;0;0;0;0;1;30;1
2026-04-25 06:51:00;sin_act_cocina_comedor;0;0.267;0;0.205;43;43;43;0;27;27;27;0;154.487;153.218;154.487;0;0;0;0;0;0;1;27;1
2026-04-25 06:51:30;sin_act_cocina_comedor;0.263;0.274;0.184;0.218;43;43;43;0;27;27;27;0;153.938;144.163;154.487;0;0;0;0;0;0;1;28;1
2026-04-25 06:52:00;sin_act_cocina_comedor;0;0.269;0;0.222;43;43;43;0;27;27;27;0;153.887;132.621;154.058;0;0;0;0;0;0;1;30;1
2026-04-25 06:52:30;sin_act_cocina_comedor;0.263;0.283;0;0.212;43;43;43;0;27;27;27;0;154.041;153.081;187.501;0;0;0;0;0;0;0;30;1
2026-04-25 06:53:00;sin_act_cocina_comedor;0.27;0.291;0;0.2;43;43;43;0;27;27;27;0;153.578;64.947;154.539;0;0;0;0;0;0;1;30;1
2026-04-25 06:53:30;sin_act_cocina_comedor;0;0.314;0.201;0.213;43;43;43;0;27;27;27;0;153.475;153.064;154.333;0;0;0;0;0;0;0;30;1
2026-04-25 06:54:00;sin_act_cocina_comedor;0;0.318;0;0.201;43;43;43;0;27;27;27;0;154.058;65.256;154.436;0;0;0;0;0;0;1;30;1
2026-04-25 06:54:30;sin_act_cocina_comedor;0;0.336;0.174;0.22;43;43;43;0;27;27;27;0;153.938;68.446;154.401;0;0;0;0;0;0;1;25;1
2026-04-25 06:55:00;sin_act_cocina_comedor;0;0.269;0;0.198;43;43;43;0;27;27;27;0;153.99;152.669;154.058;0;0;0;0;0;0;1;30;1
2026-04-25 06:55:30;sin_act_cocina_comedor;0;0.349;0.191;0.212;43;43;43;0;27;27;27;0;153.475;65.273;154.024;0;0;0;0;0;0;1;30;1
2026-04-25 06:56:00;sin_act_cocina_comedor;0;0.279;0.204;0.236;43;43;43;0;27;27;27;0;153.149;153.064;153.99;0;0;0;0;0;0;0;24;1
2026-04-25 06:56:30;sin_act_cocina_comedor;0;0.288;0.185;0.212;43;43;43;0;27;27;27;0;153.921;152.772;154.367;0;0;0;0;0;0;1;17;1
2026-04-25 06:57:00;sin_act_cocina_comedor;0.307;0.307;0.186;0.232;43;43;43;0;27;27;27;0;152.789;152.789;155.619;0;0;0;0;0;0;1;22;1
2026-04-25 06:57:30;sin_act_cocina_comedor;0.267;0.271;0.195;0.216;43;43;43;0;27;27;27;0;153.99;65.256;206.64;0;0;0;0;0;0;1;30;1
2026-04-25 06:58:00;sin_act_cocina_comedor;0.263;0.348;0;0.227;43;43;43;0;27;27;27;0;153.252;152.275;154.041;0;0;0;0;0;0;1;30;1
2026-04-25 06:58:30;sin_act_cocina_comedor;0;0.286;0.188;0.222;43;43;43;0;27;27;27;0;153.441;153.081;153.938;0;0;0;0;0;0;0;30;1
2026-04-25 06:59:00;sin_act_cocina_comedor;0;0.288;0.175;0.211;43;43;43;0;27;27;27;0;66.216;66.216;153.973;0;0;0;0;0;0;1;30;1
2026-04-25 06:59:30;sin_act_cocina_comedor;0;0.315;0.222;0.228;43;43;43;0;27;27;27;0;153.527;64.415;154.076;0;0;0;0;0;0;1;25;1
2026-04-25 07:00:00;sin_act_cocina_comedor;0;0.281;0.175;0.226;43;43;43;0;27;27;27;0;153.99;65.359;154.007;0;0;0;0;0;0;1;30;1
2026-04-25 07:00:30;sin_act_cocina_comedor;0.267;0.308;0.22;0.222;43;43;43;0;27;27;27;0;153.973;65.273;179.801;0;0;0;0;0;0;1;30;1
2026-04-25 07:01:00;sin_act_cocina_comedor;0;0.272;0.19;0.219;43;43;43;0;27;27;27;0;153.561;64.896;154.367;0;0;0;0;0;0;1;30;1
2026-04-25 07:01:30;sin_act_cocina_comedor;0;0.283;0.187;0.231;43;43;43;0;27;27;27;0;153.149;64.433;154.401;0;0;0;0;0;0;1;30;1
2026-04-25 07:02:00;sin_act_cocina_comedor;0.272;0.29;0.188;0.222;43;43;43;0;27;27;27;0;153.75;152.721;156.151;0;0;0;0;0;0;1;25;1
2026-04-25 07:02:30;sin_act_cocina_comedor;0.268;0.309;0.208;0.228;43;43;43;0;27;27;27;0;154.058;64.878;178.857;0;0;0;0;0;0;0;30;1
2026-04-25 07:03:00;sin_act_cocina_comedor;0;0.275;0.192;0.226;43;43;43;0;27;27;27;0;153.578;65.359;154.058;0;0;0;0;0;0;1;30;1
2026-04-25 07:03:30;sin_act_cocina_comedor;0;0.325;0;0.208;43;43;43;0;27;27;27;0;153.544;152.755;154.041;0;0;0;0;0;0;1;30;1
2026-04-25 07:04:00;sin_act_cocina_comedor;0;0.285;0.219;0.219;43;43;43;0;27;27;27;0;153.595;65.204;154.83;0;0;0;0;0;0;1;24;1
2026-04-25 07:04:30;sin_act_cocina_comedor;0;0.274;0.191;0.22;43;43;43;0;27;27;27;0;152.618;8.455;153.973;0;0;0;0;0;0;1;25;1
2026-04-25 07:05:00;sin_act_cocina_comedor;0;0.288;0.204;0.232;43;43;43;0;27;27;27;0;127.682;46.545;153.99;0;0;0;0;0;0;0;30;1
2026-04-25 07:05:30;sin_act_cocina_comedor;0;0.287;0;0.207;43;43;43;0;27;27;27;0;153.613;64.913;154.419;0;0;0;0;0;0;1;30;1
2026-04-25 07:06:00;sin_act_cocina_comedor;0;0.346;0.182;0.21;43;43;43;0;27;27;27;0;153.561;64.947;180.538;0;0;0;0;0;0;1;30;1
2026-04-25 07:06:30;sin_act_cocina_comedor;0;0.295;0.178;0.209;43;43;43;0;27;27;27;0;134.164;134.164;155.379;0;0;0;0;0;0;1;25;1
2026-04-25 07:07:00;sin_act_cocina_comedor;0;0.27;0.198;0.21;43;43;43;0;27;27;27;0;153.647;152.669;154.436;0;0;0;0;0;0;1;30;1
2026-04-25 07:07:30;sin_act_cocina_comedor;0;0.277;0;0.211;43;43;43;0;27;27;27;0;203.725;65.41;203.725;0;0;0;0;0;0;0;30;1
2026-04-25 07:08:00;sin_act_cocina_comedor;0;0.31;0.258;0.258;43;43;43;0;27;27;27;0;153.595;153.149;203.725;0;0;0;0;0;0;1;30;1
2026-04-25 07:08:30;sin_act_cocina_comedor;0.27;0.282;0.215;0.218;43;43;43;0;27;27;27;0;153.938;64.896;154.401;0;0;0;0;0;0;1;4;1
2026-04-25 07:09:00;sin_act_cocina_comedor;0;0.286;0.182;0.24;43;43;43;0;27;27;27;0;153.561;153.184;154.504;0;0;0;0;0;0;1;16;1
2026-04-25 07:09:30;sin_act_cocina_comedor;0;0.305;0.188;0.228;43;43;43;0;27;27;27;0;154.093;64.878;154.419;0;0;0;0;0;0;1;30;1
2026-04-25 07:10:00;sin_act_cocina_comedor;0;0.314;0;0.218;43;43;43;0;27;27;27;0;153.544;151.074;154.144;0;0;0;0;0;0;1;25;1
2026-04-25 07:10:30;sin_act_cocina_comedor;0;0.291;0.176;0.209;43;43;43;0;27;27;27;0;152.343;64.896;154.076;0;0;0;0;0;0;1;25;1
2026-04-25 07:11:00;sin_act_cocina_comedor;0;0.327;0.215;0.222;43;43;43;0;27;27;27;0;153.492;64.535;154.539;0;0;0;0;0;0;1;25;1
2026-04-25 07:11:30;sin_act_cocina_comedor;0;0.285;0.186;0.218;43;43;43;0;27;27;27;0;137.371;65.307;154.882;0;0;0;0;0;0;0;30;1
2026-04-25 07:12:00;sin_act_cocina_comedor;0.27;0.304;0.186;0.224;43;43;43;0;27;27;27;0;153.938;64.861;154.436;0;0;0;0;0;0;1;21;1
2026-04-25 07:12:30;sin_act_cocina_comedor;0;0.278;0.178;0.226;43;43;43;0;27;27;27;0;153.956;64.896;154.041;0;0;0;0;0;0;1;29;1
2026-04-25 07:13:00;sin_act_cocina_comedor;0;0.288;0.181;0.23;43;43;43;0;27;27;27;0;154.419;152.686;154.453;0;0;0;0;0;0;1;21;1
2026-04-25 07:13:30;sin_act_cocina_comedor;0;0.285;0.184;0.222;43;43;43;0;27;27;27;0;154.024;64.947;154.384;0;0;0;0;0;0;1;24;1
2026-04-25 07:14:00;sin_act_cocina_comedor;0.276;0.276;0.183;0.212;43;43;43;0;27;27;27;0;153.064;152.755;153.715;0;0;0;0;0;0;1;30;1
2026-04-25 07:14:30;sin_act_cocina_comedor;0;0.276;0.189;0.206;43;43;43;0;27;27;27;0;153.595;65.376;166.355;0;0;0;0;0;0;1;25;1
2026-04-25 07:15:00;sin_act_cocina_comedor;0.279;0.29;0.189;0.205;43;43;43;0;27;27;27;0;65.376;65.376;154.916;0;0;0;0;0;0;0;20;1
2026-04-25 07:15:30;sin_act_cocina_comedor;0;0.279;0;0.205;43;43;43;0;27;27;27;0;154.127;152.755;154.127;0;0;0;0;0;0;1;25;1
2026-04-25 07:16:00;sin_act_cocina_comedor;0;0.292;0.179;0.212;43;43;43;0;27;27;27;0;153.956;64.947;154.127;0;0;0;0;0;0;1;30;1
2026-04-25 07:16:30;sin_act_cocina_comedor;0;0.269;0.179;0.203;43;43;43;0;27;27;27;0;154.058;152.721;154.058;0;0;0;0;0;0;1;25;1
2026-04-25 07:17:00;sin_act_cocina_comedor;0;0.279;0.205;0.216;43;43;43;0;27;27;27;0;153.613;152.326;154.11;0;0;0;0;0;0;1;25;1
2026-04-25 07:17:30;sin_act_cocina_comedor;0;0.302;0.188;0.218;43;43;43;0;27;27;27;0;152.704;65.736;154.007;0;0;0;0;0;0;0;20;1
2026-04-25 07:18:00;sin_act_cocina_comedor;0;0.283;0;0.213;43;43;43;0;27;27;27;0;152.704;49.752;157.951;0;0;0;0;0;0;1;30;1
2026-04-25 07:18:30;sin_act_cocina_comedor;0;0.268;0;0.201;43;43;43;0;27;27;27;0;153.595;64.844;154.11;0;0;0;0;0;0;1;25;1
2026-04-25 07:19:00;sin_act_cocina_comedor;0;0.304;0.193;0.214;43;43;43;0;27;27;27;0;153.561;64.501;154.504;0;0;0;0;0;0;1;30;1
2026-04-25 07:19:30;sin_act_cocina_comedor;0;0.292;0.178;0.226;43;43;43;0;27;27;27;0;153.956;64.947;156.305;0;0;0;0;0;0;1;29;1
2026-04-25 07:20:00;sin_act_cocina_comedor;0;0.282;0.188;0.224;43;43;43;0;27;27;27;0;153.561;64.878;154.041;0;0;0;0;0;0;1;25;1
2026-04-25 07:20:30;sin_act_cocina_comedor;0;0.275;0.179;0.239;43;43;43;0;27;27;27;0;153.733;139.515;154.453;0;0;0;0;0;0;1;30;1
2026-04-25 07:21:00;sin_act_cocina_comedor;0;0.31;0.192;0.216;43;43;43;0;27;27;27;0;153.544;152.807;153.681;0;0;0;0;0;0;1;25;1
2026-04-25 07:21:30;sin_act_cocina_comedor;0;0.303;0.198;0.216;43;43;43;0;27;27;27;0;154.076;153.544;154.916;0;0;0;0;0;0;1;25;1
2026-04-25 07:22:00;sin_act_cocina_comedor;0;0.329;0.203;0.232;43;43;43;0;27;27;27;0;154.419;64.827;175.239;0;0;0;0;0;0;1;25;1
2026-04-25 07:22:30;sin_act_cocina_comedor;0;0.304;0.18;0.225;43;43;43;0;26.833333;26;27;0.379049;64.004;64.004;155.019;0;0;0;0;0;0;0;24;1
2026-04-25 07:23:00;sin_act_cocina_comedor;0;0.299;0.193;0.218;43;43;43;0;26;26;26;0;153.252;64.467;154.093;0;0;0;0;0;0;1;30;1
2026-04-25 07:23:30;sin_act_cocina_comedor;0;0.286;0.189;0.22;43;43;43;0;26;26;26;0;154.024;131.352;154.419;0;0;0;0;0;0;1;25;1
2026-04-25 07:24:00;sin_act_cocina_comedor;0;0.317;0.194;0.218;43;43;43;0;26;26;26;0;65.256;59.648;154.47;0;0;0;0;0;0;1;25;1
2026-04-25 07:24:30;sin_act_cocina_comedor;0;0.276;0.207;0.223;43;43;43;0;26.8;26;27;0.406838;154.401;64.896;176.765;0;0;0;0;0;0;1;26;1
2026-04-25 07:25:00;sin_act_cocina_comedor;0;0.326;0.22;0.231;43;43;43;0;27;27;27;0;153.99;64.467;175.427;0;0;0;0;0;0;0;24;1
2026-04-25 07:25:30;sin_act_cocina_comedor;0.267;0.287;0.182;0.221;43;43;43;0;26.233333;26;27;0.430183;153.664;64.896;153.99;0;0;0;0;0;0;1;25;1
2026-04-25 07:26:00;sin_act_cocina_comedor;0;0.275;0.182;0.224;43;43;43;0;26;26;26;0;154.299;65.256;154.521;0;0;0;0;0;0;1;25;1
2026-04-25 07:26:30;sin_act_cocina_comedor;0;0.277;0.203;0.218;43;43;43;0;26;26;26;0;135.125;48.312;154.453;0;0;0;0;0;0;1;20;1
2026-04-25 07:27:00;sin_act_cocina_comedor;0;0.288;0.194;0.214;43;43;43;0;26;26;26;0;154.384;64.844;159.992;0;0;0;0;0;0;1;30;1
2026-04-25 07:27:30;sin_act_cocina_comedor;0;0.328;0.197;0.221;43;43;43;0;26;26;26;0;153.681;65.359;160.507;0;0;0;0;0;0;0;30;1
2026-04-25 07:28:00;sin_act_cocina_comedor;0;0.283;0.206;0.214;43;43;43;0;26;26;26;0;109.331;65.29;189.645;0;0;0;0;0;0;1;30;1
2026-04-25 07:28:30;sin_act_cocina_comedor;0;0.341;0.22;0.225;43;43;43;0;26;26;26;0;138.349;65.736;154.11;0;0;0;0;0;0;1;30;1
2026-04-25 07:29:00;sin_act_cocina_comedor;0;0.282;0.198;0.235;43;43;43;0;26;26;26;0;153.184;64.947;154.076;0;0;0;0;0;0;1;30;1
2026-04-25 07:29:30;sin_act_cocina_comedor;0;0.276;0.182;0.222;43;43;43;0;26;26;26;0;65.427;64.467;154.058;0;0;0;0;0;0;1;21;1
2026-04-25 07:30:00;sin_act_cocina_comedor;0;0.273;0.177;0.224;43;43;43;0;26;26;26;0;153.647;65.736;177.76;0;0;0;0;0;0;0;30;1
2026-04-25 07:30:30;sin_act_cocina_comedor;0.288;0.288;0;0.208;43;43;43;0;26;26;26;0;153.218;64.467;154.779;0;0;0;0;0;0;1;20;1
2026-04-25 07:31:00;sin_act_cocina_comedor;0;0;0.174;0.196;43;43;43;0;26;26;26;0;152.807;64.896;155.293;0;0;0;0;0;0;1;30;1
2026-04-25 07:31:30;sin_act_cocina_comedor;0;0.298;0;0.203;43;43;43;0;26;26;26;0;152.824;65.256;154.453;0;0;0;0;0;0;1;25;1
2026-04-25 07:32:00;sin_act_cocina_comedor;0;0.282;0;0.2;43;43;43;0;26;26;26;0;154.11;64.793;154.95;0;0;0;0;0;0;1;30;1
2026-04-25 07:32:30;sin_act_cocina_comedor;0;0;0;0.197;43;43;43;0;26;26;26;0;64.947;64.793;154.47;0;0;0;0;0;0;1;30;1
2026-04-25 07:33:00;sin_act_cocina_comedor;0;0.284;0.191;0.199;43;43;43;0;26;26;26;0;153.252;64.964;154.453;0;0;0;0;0;0;1;30;1
2026-04-25 07:33:30;sin_act_cocina_comedor;0;0.275;0.174;0.205;43;43;43;0;26;26;26;0;154.024;21.18;161.416;0;0;0;0;0;0;0;30;1
2026-04-25 07:34:00;sin_act_cocina_comedor;0;0.274;0.174;0.194;43;43;43;0;26;26;26;0;153.595;65.376;180.95;0;0;0;0;0;0;1;29;1
2026-04-25 07:34:30;sin_act_cocina_comedor;0;0.277;0.174;0.186;43;43;43;0;26;26;26;0;153.99;64.844;155.345;0;0;0;0;0;0;1;30;1
2026-04-25 07:35:00;sin_act_cocina_comedor;0;0.275;0;0.193;43;43;43;0;26;26;26;0;154.419;64.553;154.539;0;0;0;0;0;0;1;25;1
2026-04-25 07:35:30;sin_act_cocina_comedor;0;0.324;0;0.2;43;43;43;0;26;26;26;0;153.132;64.107;155.002;0;0;0;0;0;0;0;25;1
2026-04-25 07:36:00;sin_act_cocina_comedor;0;0.282;0;0.196;43;43;43;0;26;26;26;0;154.83;64.981;154.83;0;0;0;0;0;0;1;22;1
2026-04-25 07:36:30;sin_act_cocina_comedor;0.324;0.324;0.19;0.198;43;43;43;0;26;26;26;0;154.899;64.415;179.32;0;0;0;0;0;0;1;27;1
2026-04-25 07:37:00;sin_act_cocina_comedor;0;0.276;0.189;0.198;43;43;43;0;26;26;26;0;154.487;61.414;165.069;0;0;0;0;0;0;1;20;1
2026-04-25 07:37:30;sin_act_cocina_comedor;0;0;0.215;0.215;43;43;43;0;26;26;26;0;153.595;64.947;154.453;0;0;0;0;0;0;1;29;1
2026-04-25 07:38:00;sin_act_cocina_comedor;0;0.313;0.199;0.209;43;43;43;0;26;26;26;0;153.99;64.878;183.385;0;0;0;0;0;0;0;26;1
2026-04-25 07:38:30;sin_act_cocina_comedor;0;0.3;0.175;0.208;43;43;43;0;26;26;26;0;153.561;65.187;154.865;0;0;0;0;0;0;1;25;1
2026-04-25 07:39:00;sin_act_cocina_comedor;0;0;0.174;0.202;43;43;43;0;26;26;26;0;153.681;65.204;154.453;0;0;0;0;0;0;1;24;1
2026-04-25 07:39:30;sin_act_cocina_comedor;0;0.33;0.187;0.214;43;43;43;0;26;26;26;0;153.561;64.535;154.093;0;0;0;0;0;0;1;26;1
2026-04-25 07:40:00;sin_act_cocina_comedor;0;0.277;0.189;0.221;43;43;43;0;26;26;26;0;154.024;64.844;174.827;0;0;0;0;0;0;1;30;1
2026-04-25 07:40:30;sin_act_cocina_comedor;0;0.283;0.189;0.223;43;43;43;0;26;26;26;0;153.595;64.776;181.43;0;0;0;0;0;0;1;25;1
2026-04-25 07:41:00;sin_act_cocina_comedor;0;0.323;0.188;0.228;43;43;43;0;26;26;26;0;154.453;64.535;154.865;0;0;0;0;0;0;1;25;1
2026-04-25 07:41:30;sin_act_cocina_comedor;0;0.343;0.189;0.214;43;43;43;0;26;26;26;0;152.789;63.987;171.654;0;0;0;0;0;0;1;25;1
2026-04-25 07:42:00;sin_act_cocina_comedor;0;0.269;0.203;0.239;43;43;43;0;26;26;26;0;152.721;64.518;160.078;0;0;0;0;0;0;0;25;1
2026-04-25 07:42:30;sin_act_cocina_comedor;0;0.301;0.195;0.229;43;43;43;0;26;26;26;0;153.595;64.844;154.899;0;0;0;0;0;0;1;24;1
2026-04-25 07:43:00;sin_act_cocina_comedor;0;0.268;0.18;0.223;43;43;43;0;26;26;26;0;154.144;64.793;154.144;0;0;0;0;0;0;1;26;1
2026-04-25 07:43:30;sin_act_cocina_comedor;0;0.331;0.181;0.217;43;43;43;0;26;26;26;0;153.561;64.415;154.556;0;0;0;0;0;0;1;30;1
2026-04-25 07:44:00;sin_act_cocina_comedor;0;0.275;0;0.223;43;43;43;0;26;26;26;0;154.521;64.793;155.293;0;0;0;0;0;0;1;30;1
2026-04-25 07:44:30;sin_act_cocina_comedor;0;0.272;0.179;0.205;43;43;43;0;26;26;26;0;154.521;64.518;172.392;0;0;0;0;0;0;0;25;1
2026-04-25 07:45:00;sin_act_cocina_comedor;0;0.286;0.177;0.22;43;43;43;0;26;26;26;0;154.024;64.518;164.829;0;0;0;0;0;0;1;25;1
2026-04-25 07:45:30;sin_act_cocina_comedor;0;0.282;0.176;0.205;43;43;43;0;26;26;26;0;154.127;63.678;154.95;0;0;0;0;0;0;1;25;1
2026-04-25 07:46:00;sin_act_cocina_comedor;0;0.27;0.193;0.221;43;43;43;0;26;26;26;0;154.419;64.947;154.573;0;0;0;0;0;0;1;25;1
2026-04-25 07:46:30;sin_act_cocina_comedor;0;0.279;0.187;0.22;43;43;43;0;26;26;26;0;65.324;64.844;166.338;0;0;0;0;0;0;1;25;1
2026-04-25 07:47:00;sin_act_cocina_comedor;0.293;0.293;0.182;0.227;43;43;43;0;26;26;26;0;152.412;64.467;154.985;0;0;0;0;0;0;0;25;1
2026-04-25 07:47:30;sin_act_cocina_comedor;0.269;0.274;0.2;0.23;43;43;43;0;26;26;26;0;153.715;64.038;154.487;0;0;0;0;0;0;1;20;1
2026-04-25 07:48:00;sin_act_cocina_comedor;0;0.304;0.183;0.217;43;43;43;0;26;26;26;0;65.376;65.273;154.521;0;0;0;0;0;0;1;25;1
2026-04-25 07:48:30;sin_act_cocina_comedor;0;0.279;0.192;0.232;43;43;43;0;26;26;26;0;153.613;64.844;154.161;0;0;0;0;0;0;1;25;1
2026-04-25 07:49:00;sin_act_cocina_comedor;0;0.279;0.177;0.214;43;43;43;0;26;26;26;0;152.789;51.913;153.99;0;0;0;0;0;0;1;25;1
2026-04-25 07:49:30;sin_act_cocina_comedor;0;0.276;0.186;0.226;43;43;43;0;26;26;26;0;153.184;64.913;167.813;0;0;0;0;0;0;0;25;1
2026-04-25 07:50:00;sin_act_cocina_comedor;0;0.304;0.191;0.201;43;43;43;0;26;26;26;0;153.527;64.467;154.076;0;0;0;0;0;0;1;25;1
2026-04-25 07:50:30;sin_act_cocina_comedor;0;0.28;0.188;0.191;43;43;43;0;26;26;26;0;154.058;65.324;165.189;0;0;0;0;0;0;1;25;1
2026-04-25 07:51:00;sin_act_cocina_comedor;0;0.294;0.204;0.217;43;43;43;0;26;26;26;0;153.595;153.132;154.384;0;0;0;0;0;0;1;25;1
2026-04-25 07:51:30;sin_act_cocina_comedor;0;0.286;0.191;0.211;43;43;43;0;26;26;26;0;154.59;64.776;154.59;0;0;0;0;0;0;1;20;1
2026-04-25 07:52:00;sin_act_cocina_comedor;0;0.28;0.178;0.229;43;43;43;0;26;26;26;0;153.698;65.324;154.59;0;0;0;0;0;0;0;30;1
2026-04-25 07:52:30;sin_act_cocina_comedor;0;0.286;0.177;0.217;43;43;43;0;26;26;26;0;154.024;152.309;154.401;0;0;0;0;0;0;1;30;1
2026-04-25 07:53:00;sin_act_cocina_comedor;0;0.286;0.196;0.214;43;43;43;0;26.2;26;27;0.406838;152.755;64.947;154.058;0;0;0;0;0;0;1;25;1
2026-04-25 07:53:30;sin_act_cocina_comedor;0.305;0.305;0.193;0.211;43;43;43;0;27;27;27;0;153.561;64.467;154.521;0;0;0;0;0;0;1;30;1
2026-04-25 07:54:00;sin_act_cocina_comedor;0;0.305;0.197;0.234;43;43;43;0;27;27;27;0;179.097;64.793;179.097;0;0;0;0;0;0;1;25;1
2026-04-25 07:54:30;sin_act_cocina_comedor;0;0.312;0.187;0.219;43;43;43;0;27;27;27;0;154.024;65.324;163.371;0;0;0;0;0;0;0;30;1
2026-04-25 07:55:00;sin_act_cocina_comedor;0;0.287;0.209;0.231;43;43;43;0;27;27;27;0;162.668;64.793;162.668;0;0;0;0;0;0;1;25;1
2026-04-25 07:55:30;sin_act_cocina_comedor;0;0.313;0.184;0.22;42.933333;42;43;0.253708;27;27;27;0;153.956;64.913;162.068;0;0;0;0;0;0;1;25;1
2026-04-25 07:56:00;sin_act_cocina_comedor;0;0.343;0.181;0.21;42;42;42;0;27;27;27;0;152.721;64.827;154.487;0;0;0;0;0;0;1;25;1
2026-04-25 07:56:30;sin_act_cocina_comedor;0;0.277;0.182;0.203;42;42;42;0;27;27;27;0;153.201;64.947;154.058;0;0;0;0;0;0;1;25;1
2026-04-25 07:57:00;sin_act_cocina_comedor;0;0.275;0.182;0.228;42;42;42;0;27;27;27;0;153.561;66.216;172.169;0;0;0;0;0;0;0;25;1
2026-04-25 07:57:30;sin_act_cocina_comedor;0;0.289;0.208;0.229;42;42;42;0;27;27;27;0;64.896;64.896;154.401;0;0;0;0;0;0;1;25;1
2026-04-25 07:58:00;sin_act_cocina_comedor;0;0.278;0.195;0.24;42;42;42;0;27;27;27;0;152.772;64.827;154.487;0;0;0;0;0;0;1;22;1
2026-04-25 07:58:30;sin_act_cocina_comedor;0.271;0.271;0.21;0.235;42;42;42;0;27;27;27;0;153.561;65.359;154.007;0;0;0;0;0;0;1;25;1
2026-04-25 07:59:00;sin_act_cocina_comedor;0;0.291;0.188;0.247;42;42;42;0;27;27;27;0;154.865;64.107;154.865;0;0;0;0;0;0;1;30;1
2026-04-25 07:59:30;sin_act_cocina_comedor;0;0.313;0;0.241;42;42;42;0;27;27;27;0;153.613;64.998;154.676;0;0;0;0;0;0;0;30;1
2026-04-25 08:00:00;sin_act_cocina_comedor;0;0.274;0.193;0.216;42;42;42;0;27;27;27;0;153.149;64.844;169.288;0;0;0;0;0;0;1;30;1
2026-04-25 08:00:30;sin_act_cocina_comedor;0;0.297;0.206;0.286;42;42;42;0;27;27;27;0;153.99;64.896;154.024;0;0;0;0;0;0;1;30;1
2026-04-25 08:01:00;sin_act_cocina_comedor;0;0.294;0.192;0.226;42;42;42;0;27;27;27;0;153.527;64.896;169.133;0;0;0;0;0;0;1;25;1
2026-04-25 08:01:30;sin_act_cocina_comedor;0;0.301;0.207;0.269;42;42;42;0;27;27;27;0;152.652;65.376;153.613;0;0;0;0;0;0;1;25;1
2026-04-25 08:02:00;sin_act_cocina_comedor;0;0.266;0.192;0.232;42;42;42;0;27;27;27;0;153.595;65.376;161.33;0;0;0;0;0;0;1;30;1
2026-04-25 08:02:30;sin_act_cocina_comedor;0.267;0.311;0.214;0.238;42;42;42;0;27;27;27;0;153.938;64.878;157.506;0;0;0;0;0;0;1;30;1
2026-04-25 08:03:00;sin_act_cocina_comedor;0.278;0.285;0.191;0.226;42;42;42;0;27;27;27;0;153.921;65.359;174.295;0;0;0;0;0;0;0;25;1
2026-04-25 08:03:30;sin_act_cocina_comedor;0;0.265;0.186;0.228;42;42;42;0;27;27;27;0;154.024;152.584;154.865;0;0;0;0;0;0;1;25;1
2026-04-25 08:04:00;sin_act_cocina_comedor;0.351;0.351;0.195;0.221;42;42;42;0;27;27;27;0;153.595;64.878;154.419;0;0;0;0;0;0;1;25;1
2026-04-25 08:04:30;sin_act_cocina_comedor;0;0.273;0.212;0.244;42;42;42;0;27;27;27;0;153.578;64.381;154.985;0;0;0;0;0;0;1;20;1
2026-04-25 08:05:00;sin_act_cocina_comedor;0;0.305;0.18;0.253;42;42;42;0;27;27;27;0;153.595;65.376;154.076;0;0;0;0;0;0;1;25;1
2026-04-25 08:05:30;sin_act_cocina_comedor;0.269;0.269;0.189;0.213;42;42;42;0;27;27;27;0;153.578;64.947;153.715;0;0;0;0;0;0;1;24;1
2026-04-25 08:06:00;sin_act_cocina_comedor;0;0.269;0.19;0.221;42;42;42;0;27;27;27;0;154.024;64.896;159.598;0;0;0;0;0;0;0;30;1
2026-04-25 08:06:30;sin_act_cocina_comedor;0;0.279;0.208;0.225;42;42;42;0;27;27;27;0;154.093;64.878;154.419;0;0;0;0;0;0;1;30;1
2026-04-25 08:07:00;sin_act_cocina_comedor;0;0.264;0.204;0.234;42;42;42;0;27;27;27;0;64.57;64.57;155.773;0;0;0;0;0;0;1;30;1
2026-04-25 08:07:30;sin_act_cocina_comedor;0;0.302;0.207;0.228;42;42;42;0;27;27;27;0;153.698;64.844;153.973;0;0;0;0;0;0;1;30;1
2026-04-25 08:08:00;sin_act_cocina_comedor;0;0.358;0.207;0.235;42;42;42;0;27;27;27;0;153.527;36.632;154.882;0;0;0;0;0;0;1;25;1
2026-04-25 08:08:30;sin_act_cocina_comedor;0.273;0.289;0.204;0.241;42;42;42;0;27;27;27;0;154.007;64.415;154.007;0;0;0;0;0;0;1;23;1
2026-04-25 08:09:00;sin_act_cocina_comedor;0;0.299;0.196;0.266;42;42;42;0;27;27;27;0;153.99;64.415;154.024;0;0;0;0;0;0;1;27;1
2026-04-25 08:09:30;sin_act_cocina_comedor;0.273;0.275;0.216;0.228;42;42;42;0;27;27;27;0;150.817;65.256;154.024;0;0;0;0;0;0;1;20;1
2026-04-25 08:10:00;sin_act_cocina_comedor;0;0.282;0.194;0.23;42;42;42;0;27;27;27;0;71.584;71.584;154.024;0;0;0;0;0;0;1;25;1
2026-04-25 08:10:30;sin_act_cocina_comedor;0;0.268;0.192;0.237;42;42;42;0;27;27;27;0;168.962;65.359;168.962;0;0;0;0;0;0;1;30;1
2026-04-25 08:11:00;sin_act_cocina_comedor;0;0.277;0.194;0.226;42;42;42;0;27;27;27;0;153.218;65.204;167.676;0;0;0;0;0;0;0;19;1
2026-04-25 08:11:30;sin_act_cocina_comedor;0;0.296;0.18;0.213;42;42;42;0;27;27;27;0;153.956;64.896;190.159;0;0;0;0;0;0;1;26;1
2026-04-25 08:12:00;sin_act_cocina_comedor;0;0;0.197;0.223;42;42;42;0;27;27;27;0;65.787;65.324;178.154;0;0;0;0;0;0;1;25;1
2026-04-25 08:12:30;sin_act_cocina_comedor;0;0.305;0;0.227;42;42;42;0;27;27;27;0;153.595;64.896;167.075;0;0;0;0;0;0;1;25;1
2026-04-25 08:13:00;sin_act_cocina_comedor;0;0;0;0.219;42;42;42;0;27;27;27;0;64.518;64.518;155.756;0;0;0;0;0;0;1;20;1
2026-04-25 08:13:30;sin_act_cocina_comedor;0;0.31;0.189;0.207;42;42;42;0;27;27;27;0;153.235;64.896;178.754;0;0;0;0;0;0;1;25;1
2026-04-25 08:14:00;sin_act_cocina_comedor;0;0.265;0.205;0.228;42;42;42;0;27;27;27;0;65.376;64.896;189.302;0;0;0;0;0;0;1;30;1
2026-04-25 08:14:30;sin_act_cocina_comedor;0;0.323;0.201;0.228;42;42;42;0;27;27;27;0;153.613;64.947;155.087;0;0;0;0;0;0;1;25;1
2026-04-25 08:15:00;sin_act_cocina_comedor;0;0.272;0.216;0.243;42;42;42;0;27;27;27;0;153.681;65.41;154.504;0;0;0;0;0;0;1;25;1
2026-04-25 08:15:30;sin_act_cocina_comedor;0;0.294;0.19;0.219;42;42;42;0;27;27;27;0;153.578;64.878;154.076;0;0;0;0;0;0;0;30;1
2026-04-25 08:16:00;sin_act_cocina_comedor;0;0.281;0.192;0.217;42;42;42;0;27;27;27;0;64.896;64.896;172.014;0;0;0;0;0;0;1;30;1
2026-04-25 08:16:30;sin_act_cocina_comedor;0.287;0.287;0.203;0.246;42;42;42;0;27;27;27;0;65.427;64.501;154.419;0;0;0;0;0;0;1;30;1
2026-04-25 08:17:00;sin_act_cocina_comedor;0;0.289;0.242;0.242;42;42;42;0;27;27;27;0;152.343;64.776;161.244;0;0;0;0;0;0;1;30;1
2026-04-25 08:17:30;sin_act_cocina_comedor;0;0.269;0.203;0.242;42;42;42;0;27;27;27;0;153.184;64.09;154.093;0;0;0;0;0;0;1;25;1
2026-04-25 08:18:00;sin_act_cocina_comedor;0;0.311;0.2;0.237;42;42;42;0;27;27;27;0;153.561;152.326;154.539;0;0;0;0;0;0;1;30;1
2026-04-25 08:18:30;sin_act_cocina_comedor;0.27;0.274;0.202;0.233;42;42;42;0;27;27;27;0;130.649;64.896;169.168;0;0;0;0;0;0;1;30;1
2026-04-25 08:19:00;sin_act_cocina_comedor;0;0.279;0.199;0.223;42;42;42;0;27;27;27;0;153.647;64.415;191.96;0;0;0;0;0;0;1;30;1
2026-04-25 08:19:30;sin_act_cocina_comedor;0;0.295;0.19;0.221;42;42;42;0;27;27;27;0;154.093;64.844;154.093;0;0;0;0;0;0;1;30;1
2026-04-25 08:20:00;sin_act_cocina_comedor;0;0.293;0.204;0.221;42;42;42;0;27;27;27;0;153.613;64.107;154.504;0;0;0;0;0;0;1;0;0
2026-04-25 08:20:30;sin_act_cocina_comedor;0;0.276;0.174;0.232;42;42;42;0;27;27;27;0;153.99;64.827;154.436;0;0;0;0;0;0;0;19;1
2026-04-25 08:21:00;sin_act_cocina_comedor;0.315;0.315;0.196;0.211;42;42;42;0;27;27;27;0;153.99;65.307;154.093;0;0;0;0;0;0;1;25;1
2026-04-25 08:21:30;sin_act_cocina_comedor;0;0.305;0;0.218;42;42;42;0;27;27;27;0;153.149;64.998;154.487;0;0;0;0;0;0;1;21;1
2026-04-25 08:22:00;sin_act_cocina_comedor;0;0.311;0;0.21;41.266667;41;42;0.449776;27;27;27;0;153.595;64.038;159.804;0;0;0;0;0;0;1;19;1
2026-04-25 08:22:30;sin_act_cocina_comedor;0;0.287;0.18;0.2;41;41;41;0;27;27;27;0;154.041;42.138;154.127;0;0;0;0;0;0;1;8;1
2026-04-25 08:23:00;sin_act_cocina_comedor;0;0.274;0.188;0.204;41;41;41;0;27;27;27;0;153.956;65.359;154.47;0;0;0;0;0;0;0;4;1
2026-04-25 08:23:30;sin_act_cocina_comedor;0;0.265;0.208;0.217;41.4;41;42;0.498273;27;27;27;0;163.182;64.896;164.897;0;0;0;0;0;0;1;4;1
2026-04-25 08:24:00;sin_act_cocina_comedor;0.263;0.273;0;0.222;41.3;41;42;0.466092;27;27;27;0;153.098;64.896;169.065;0;0;0;0;0;0;1;10;1
2026-04-25 08:24:30;sin_act_cocina_comedor;0;0.274;0;0.2;41;41;41;0;27;27;27;0;153.956;65.736;154.11;0;0;0;0;0;0;1;22;1
2026-04-25 08:25:00;sin_act_cocina_comedor;0;0;0;0.2;41;41;41;0;27;27;27;0;152.807;65.341;154.093;0;0;0;0;0;0;1;24;1
2026-04-25 08:25:30;sin_act_cocina_comedor;0;0.268;0;0.228;41;41;41;0;27;27;27;0;153.63;64.947;154.384;0;0;0;0;0;0;1;21;1
2026-04-25 08:26:00;sin_act_cocina_comedor;0;0.274;0.2;0.216;41;41;41;0;27;27;27;0;154.899;64.793;177.794;0;0;0;0;0;0;1;23;1
2026-04-25 08:26:30;sin_act_cocina_comedor;0;0.284;0.192;0.241;41;41;41;0;27;27;27;0;152.738;65.376;154.899;0;0;0;0;0;0;1;23;1
2026-04-25 08:27:00;sin_act_cocina_comedor;0;0.28;0.192;0.223;41;41;41;0;27;27;27;0;154.058;65.427;172.941;0;0;0;0;0;0;0;30;1
2026-04-25 08:27:30;sin_act_cocina_comedor;0;0.299;0.2;0.241;41;41;41;0;27;27;27;0;153.561;64.415;154.865;0;0;0;0;0;0;1;20;1
2026-04-25 08:28:00;sin_act_cocina_comedor;0.264;0.311;0.204;0.213;41;41;41;0;27;27;27;0;152.704;53.474;181.773;0;0;0;0;0;0;1;30;1
2026-04-25 08:28:30;sin_act_cocina_comedor;0;0.267;0.214;0.249;41;41;41;0;27;27;27;0;154.453;64.947;163.697;0;0;0;0;0;0;1;30;1
2026-04-25 08:29:00;sin_act_cocina_comedor;0;0.261;0.205;0.228;41;41;41;0;27;27;27;0;153.115;64.896;154.453;0;0;0;0;0;0;1;30;1
2026-04-25 08:29:30;sin_act_cocina_comedor;0;0.268;0.192;0.234;41;41;41;0;27;27;27;0;153.201;136.154;154.161;0;0;0;0;0;0;0;30;1
2026-04-25 08:30:00;sin_act_cocina_comedor;0;0.275;0.187;0.212;41;41;41;0;27;27;27;0;153.149;147.49;176.696;0;0;0;0;0;0;1;30;1
2026-04-25 08:30:30;sin_act_cocina_comedor;0;0;0.204;0.243;41;41;41;0;27;27;27;0;153.492;149.308;165.257;0;0;0;0;0;0;1;30;1
2026-04-25 08:31:00;sin_act_cocina_comedor;0.273;0.273;0.176;0.223;41;41;41;0;27;27;27;0;64.518;64.518;154.024;0;0;0;0;0;0;1;30;1
2026-04-25 08:31:30;sin_act_cocina_comedor;0;0.267;0;0.23;41;41;41;0;27;27;27;0;154.024;64.947;180.212;0;0;0;0;0;0;1;30;1
2026-04-25 08:32:00;sin_act_cocina_comedor;0;0.333;0.21;0.21;41;41;41;0;27;27;27;0;154.521;152.807;154.521;0;0;0;0;0;0;0;30;1
2026-04-25 08:32:30;sin_act_cocina_comedor;0;0.262;0.186;0.203;41;41;41;0;27;27;27;0;153.561;64.484;154.521;0;0;0;0;0;0;1;29;1
2026-04-25 08:33:00;sin_act_cocina_comedor;0.28;0.28;0.219;0.232;41;41;41;0;27;27;27;0;153.767;65.324;153.99;0;0;0;0;0;0;1;30;1
2026-04-25 08:33:30;sin_act_cocina_comedor;0;0;0.204;0.225;41;41;41;0;27;27;27;0;154.076;65.324;154.161;0;0;0;0;0;0;1;29;1
2026-04-25 08:34:00;sin_act_cocina_comedor;0;0.273;0.186;0.229;41;41;41;0;27;27;27;0;154.007;64.518;154.487;0;0;0;0;0;0;1;29;1
2026-04-25 08:34:30;sin_act_cocina_comedor;0;0.275;0.176;0.219;41;41;41;0;27;27;27;0;153.252;64.878;154.076;0;0;0;0;0;0;1;30;1
2026-04-25 08:35:00;sin_act_cocina_comedor;0;0.278;0.183;0.219;41;41;41;0;27;27;27;0;153.99;64.998;154.556;0;0;0;0;0;0;1;30;1
2026-04-25 08:35:30;sin_act_cocina_comedor;0;0.264;0.185;0.215;41;41;41;0;27;27;27;0;153.27;128.453;200.175;0;0;0;0;0;0;0;26;1
2026-04-25 08:36:00;sin_act_cocina_comedor;0;0.279;0.184;0.219;41;41;41;0;27;27;27;0;153.218;64.844;154.504;0;0;0;0;0;0;1;30;1
2026-04-25 08:36:30;sin_act_cocina_comedor;0;0.293;0.179;0.217;41;41;41;0;27;27;27;0;153.287;64.947;154.762;0;0;0;0;0;0;1;30;1
2026-04-25 08:37:00;sin_act_cocina_comedor;0;0.286;0.192;0.227;41;41;41;0;27;27;27;0;153.63;65.376;154.436;0;0;0;0;0;0;0;30;1
2026-04-25 08:37:30;sin_act_cocina_comedor;0;0.272;0;0.214;41;41;41;0;27;27;27;0;154.058;65.376;154.058;0;0;0;0;0;0;1;30;1
2026-04-25 08:38:00;sin_act_cocina_comedor;0;0.292;0;0.211;41;41;41;0;27;27;27;0;66.216;65.376;154.573;0;0;0;0;0;0;1;30;1
2026-04-25 08:38:30;sin_act_cocina_comedor;0;0.274;0;0.215;41;41;41;0;27;27;27;0;152.824;65.341;154.556;0;0;0;0;0;0;1;30;1
2026-04-25 08:39:00;sin_act_cocina_comedor;0;0.286;0;0.221;41;41;41;0;27;27;27;0;64.947;64.947;231.388;0;0;0;0;0;0;1;30;1
2026-04-25 08:39:30;sin_act_cocina_comedor;0;0;0.183;0.209;41;41;41;0;27;27;27;0;154.093;64.844;154.093;0;0;0;0;0;0;0;30;1
2026-04-25 08:40:00;sin_act_cocina_comedor;0;0;0.18;0.23;41;41;41;0;27;27;27;0;153.664;64.415;154.556;0;0;0;0;0;0;1;25;1
2026-04-25 08:40:30;sin_act_cocina_comedor;0;0.283;0.182;0.217;41;41;41;0;27;27;27;0;153.698;74.482;154.076;0;0;0;0;0;0;0;30;1
2026-04-25 08:41:00;sin_act_cocina_comedor;0;0.266;0;0.212;41;41;41;0;27;27;27;0;153.613;152.292;154.916;0;0;0;0;0;0;0;30;1
2026-04-25 08:41:30;sin_act_cocina_comedor;0;0.304;0;0.205;41;41;41;0;27;27;27;0;153.184;64.415;169.116;0;0;0;0;0;0;1;30;1
2026-04-25 08:42:00;sin_act_cocina_comedor;0;0;0.193;0.196;41;41;41;0;27;27;27;0;172.992;64.947;172.992;0;0;0;0;0;0;1;30;1
2026-04-25 08:42:30;sin_act_cocina_comedor;0.278;0.278;0;0.191;41;41;41;0;27;27;27;0;154.041;151.88;172.992;0;0;0;0;0;0;1;30;1
2026-04-25 08:43:00;sin_act_cocina_comedor;0;0.272;0.187;0.211;41;41;41;0;27;27;27;0;153.252;64.896;154.144;0;0;0;0;0;0;1;30;1
2026-04-25 08:43:30;sin_act_cocina_comedor;0;0.266;0.192;0.221;41;41;41;0;27;27;27;0;151.863;64.844;153.681;0;0;0;0;0;0;0;30;1
2026-04-25 08:44:00;sin_act_cocina_comedor;0;0.286;0.18;0.214;41;41;41;0;27;27;27;0;153.218;130.923;154.127;0;0;0;0;0;0;1;30;1
2026-04-25 08:44:30;sin_act_cocina_comedor;0;0.308;0.186;0.221;41;41;41;0;27;27;27;0;153.681;59.579;154.556;0;0;0;0;0;0;1;25;1
2026-04-25 08:45:00;sin_act_cocina_comedor;0;0.27;0.182;0.226;41;41;41;0;27;27;27;0;152.755;65.753;154.024;0;0;0;0;0;0;1;24;1
2026-04-25 08:45:30;sin_act_cocina_comedor;0;0.271;0.19;0.212;41;41;41;0;27;27;27;0;153.698;65.376;154.624;0;0;0;0;0;0;1;30;1
2026-04-25 08:46:00;sin_act_cocina_comedor;0;0.276;0;0.206;41;41;41;0;27;27;27;0;153.99;64.827;179.972;0;0;0;0;0;0;0;27;1
2026-04-25 08:46:30;sin_act_cocina_comedor;0;0;0.183;0.203;41;41;41;0;27;27;27;0;154.076;64.57;178.274;0;0;0;0;0;0;1;28;1
2026-04-25 08:47:00;sin_act_cocina_comedor;0;0.3;0;0.21;41;41;41;0;27;27;27;0;153.149;62.923;154.487;0;0;0;0;0;0;1;30;1
2026-04-25 08:47:30;sin_act_cocina_comedor;0;0.271;0.186;0.21;41;41;41;0;27;27;27;0;153.595;64.467;155.345;0;0;0;0;0;0;1;30;1
2026-04-25 08:48:00;sin_act_cocina_comedor;0;0;0.205;0.216;41;41;41;0;27;27;27;0;153.252;64.947;154.539;0;0;0;0;0;0;1;30;1
2026-04-25 08:48:30;sin_act_cocina_comedor;0;0.284;0.177;0.207;41;41;41;0;27;27;27;0;154.127;64.518;154.47;0;0;0;0;0;0;0;30;1
2026-04-25 08:49:00;sin_act_cocina_comedor;0;0.308;0.201;0.237;41;41;41;0;26.6;26;27;0.498273;153.561;64.45;185.289;0;0;0;0;0;0;1;25;1
2026-04-25 08:49:30;sin_act_cocina_comedor;0;0.275;0.182;0.215;41;41;41;0;26;26;26;0;154.47;65.41;159.495;0;0;0;0;0;0;1;30;1
2026-04-25 08:50:00;sin_act_cocina_comedor;0;0;0.175;0.196;41;41;41;0;26;26;26;0;65.273;64.467;154.521;0;0;0;0;0;0;1;30;1
2026-04-25 08:50:30;sin_act_cocina_comedor;0;0.264;0.204;0.204;41;41;41;0;26;26;26;0;153.321;64.518;158.672;0;0;0;0;0;0;1;25;1
2026-04-25 08:51:00;sin_act_cocina_comedor;0;0.283;0;0.198;41;41;41;0;26;26;26;0;153.252;64.467;163.285;0;0;0;0;0;0;1;30;1
2026-04-25 08:51:30;sin_act_cocina_comedor;0;0.28;0;0.199;41.333333;41;42;0.479463;26;26;26;0;147.37;64.141;154.573;0;0;0;0;0;0;1;30;1
2026-04-25 08:52:00;sin_act_cocina_comedor;0;0.281;0;0.204;42;42;42;0;26;26;26;0;154.024;64.535;184.637;0;0;0;0;0;0;0;30;1
2026-04-25 08:52:30;sin_act_cocina_comedor;0;0;0.234;0.234;42;42;42;0;26;26;26;0;153.664;64.467;176.525;0;0;0;0;0;0;1;30;1
2026-04-25 08:53:00;sin_act_cocina_comedor;0;0.29;0.184;0.21;42;42;42;0;26;26;26;0;147.576;64.947;154.539;0;0;0;0;0;0;1;30;1
2026-04-25 08:53:30;sin_act_cocina_comedor;0;0.271;0.18;0.208;42;42;42;0;26;26;26;0;153.664;64.896;154.127;0;0;0;0;0;0;1;30;1
2026-04-25 08:54:00;sin_act_cocina_comedor;0;0.269;0.204;0.218;42;42;42;0;26;26;26;0;153.63;64.896;154.539;0;0;0;0;0;0;1;30;1
2026-04-25 08:54:30;sin_act_cocina_comedor;0;0.268;0;0.221;42;42;42;0;26;26;26;0;154.093;64.947;154.419;0;0;0;0;0;0;1;30;1
2026-04-25 08:55:00;sin_act_cocina_comedor;0.268;0.301;0.19;0.223;42;42;42;0;26;26;26;0;154.058;64.518;154.865;0;0;0;0;0;0;1;30;1
2026-04-25 08:55:30;sin_act_cocina_comedor;0;0.308;0.198;0.223;42;42;42;0;26;26;26;0;154.024;65.324;158.226;0;0;0;0;0;0;1;30;1
2026-04-25 08:56:00;sin_act_cocina_comedor;0;0.262;0.194;0.209;42;42;42;0;26;26;26;0;153.218;65.376;157.986;0;0;0;0;0;0;0;30;1
2026-04-25 08:56:30;sin_act_cocina_comedor;0;0.323;0.177;0.23;42;42;42;0;26;26;26;0;153.801;64.896;154.127;0;0;0;0;0;0;1;30;1
2026-04-25 08:57:00;sin_act_cocina_comedor;0;0;0;0.219;42;42;42;0;26;26;26;0;153.613;64.844;176.439;0;0;0;0;0;0;1;30;1
2026-04-25 08:57:30;sin_act_cocina_comedor;0;0.309;0.185;0.213;42;42;42;0;26;26;26;0;154.093;64.518;154.144;0;0;0;0;0;0;1;30;1
2026-04-25 08:58:00;sin_act_cocina_comedor;0;0.282;0;0.211;42;42;42;0;26;26;26;0;153.149;33.46;154.539;0;0;0;0;0;0;1;30;1
2026-04-25 08:58:30;sin_act_cocina_comedor;0.329;0.332;0.221;0.221;42;42;42;0;26;26;26;0;153.149;64.21;154.419;0;0;0;0;0;0;0;30;1
2026-04-25 08:59:00;sin_act_cocina_comedor;0;0.284;0.194;0.227;42;42;42;0;26;26;26;0;65.324;64.518;154.607;0;0;0;0;0;0;1;30;1
2026-04-25 08:59:30;sin_act_cocina_comedor;0;0.294;0.184;0.234;42;42;42;0;26;26;26;0;154.024;64.947;154.23;0;0;0;0;0;0;1;30;1
2026-04-25 09:00:00;sin_act_cocina_comedor;0;0.269;0.194;0.224;42;42;42;0;26;26;26;0;153.561;65.685;177.005;0;0;0;0;0;0;1;30;1
2026-04-25 09:00:30;sin_act_cocina_comedor;0;0.262;0.183;0.215;42;42;42;0;26;26;26;0;153.664;64.896;155.722;0;0;0;0;0;0;1;30;1
2026-04-25 09:01:00;sin_act_cocina_comedor;0;0.263;0.219;0.222;42;42;42;0;26;26;26;0;153.613;64.793;181.533;0;0;0;0;0;0;0;30;1
2026-04-25 09:01:30;sin_act_cocina_comedor;0;0.263;0.196;0.228;42;42;42;0;26;26;26;0;153.27;64.467;154.076;0;0;0;0;0;0;1;30;1
2026-04-25 09:02:00;sin_act_cocina_comedor;0;0.27;0.227;0.227;42;42;42;0;26;26;26;0;153.664;64.467;186.884;0;0;0;0;0;0;1;25;1
2026-04-25 09:02:30;sin_act_cocina_comedor;0;0.277;0.191;0.232;42;42;42;0;26;26;26;0;153.595;64.107;154.573;0;0;0;0;0;0;1;30;1
2026-04-25 09:03:00;sin_act_cocina_comedor;0;0.274;0.193;0.218;42;42;42;0;26;26;26;0;154.59;64.518;154.59;0;0;0;0;0;0;1;30;1
2026-04-25 09:03:30;sin_act_cocina_comedor;0;0.297;0.192;0.244;42;42;42;0;26;26;26;0;154.041;64.896;154.178;0;0;0;0;0;0;1;30;1
2026-04-25 09:04:00;sin_act_cocina_comedor;0;0.283;0.202;0.239;42;42;42;0;26;26;26;0;153.767;152.343;154.11;0;0;0;0;0;0;1;30;1
2026-04-25 09:04:30;sin_act_cocina_comedor;0;0.292;0.201;0.217;42;42;42;0;26;26;26;0;153.75;64.467;154.521;0;0;0;0;0;0;1;25;1
2026-04-25 09:05:00;sin_act_cocina_comedor;0;0.269;0.205;0.241;42;42;42;0;26;26;26;0;154.041;63.987;155.893;0;0;0;0;0;0;1;25;1
2026-04-25 09:05:30;sin_act_cocina_comedor;0;0.284;0.195;0.231;42;42;42;0;26;26;26;0;153.184;46.751;160.095;0;0;0;0;0;0;1;30;1
2026-04-25 09:06:00;sin_act_cocina_comedor;0;0.317;0.18;0.236;42;42;42;0;26;26;26;0;65.787;64.896;154.556;0;0;0;0;0;0;1;30;1
2026-04-25 09:06:30;sin_act_cocina_comedor;0;0.269;0.21;0.22;42;42;42;0;26;26;26;0;153.647;65.307;155.653;0;0;0;0;0;0;1;30;1
2026-04-25 09:07:00;sin_act_cocina_comedor;0;0.278;0.175;0.216;42;42;42;0;26;26;26;0;153.235;152.206;154.11;0;0;0;0;0;0;1;23;1
2026-04-25 09:07:30;sin_act_cocina_comedor;0;0.27;0.222;0.222;42;42;42;0;26;26;26;0;154.058;65.359;162.205;0;0;0;0;0;0;1;26;1
2026-04-25 09:08:00;sin_act_cocina_comedor;0;0.301;0.179;0.218;42;42;42;0;26;26;26;0;154.47;64.896;154.521;0;0;0;0;0;0;0;30;1
2026-04-25 09:08:30;sin_act_cocina_comedor;0;0.282;0;0.214;42;42;42;0;26;26;26;0;153.218;64.518;154.47;0;0;0;0;0;0;1;25;1
2026-04-25 09:09:00;sin_act_cocina_comedor;0;0.298;0.18;0.227;42;42;42;0;26;26;26;0;166.767;64.844;166.767;0;0;0;0;0;0;1;30;1
2026-04-25 09:09:30;sin_act_cocina_comedor;0;0.285;0.187;0.229;42;42;42;0;26;26;26;0;154.093;47.471;181.533;0;0;0;0;0;0;1;30;1
2026-04-25 09:10:00;sin_act_cocina_comedor;0.262;0.276;0.199;0.213;42;42;42;0;26;26;26;0;153.698;65.376;154.762;0;0;0;0;0;0;1;30;1
2026-04-25 09:10:30;sin_act_cocina_comedor;0;0.273;0.194;0.219;42;42;42;0;26;26;26;0;159.564;64.57;159.564;0;0;0;0;0;0;0;20;1
2026-04-25 09:11:00;sin_act_cocina_comedor;0;0.274;0.219;0.219;42;42;42;0;26;26;26;0;153.715;65.376;159.564;0;0;0;0;0;0;1;10;1
2026-04-25 09:11:30;sin_act_cocina_comedor;0;0.278;0.186;0.234;42;42;42;0;26;26;26;0;153.664;64.896;172.255;0;0;0;0;0;0;1;30;1
2026-04-25 09:12:00;sin_act_cocina_comedor;0;0.267;0.189;0.218;42;42;42;0;26;26;26;0;153.681;64.467;155.053;0;0;0;0;0;0;1;25;1
2026-04-25 09:12:30;sin_act_cocina_comedor;0;0.287;0.214;0.233;42;42;42;0;26;26;26;0;153.664;152.789;178.051;0;0;0;0;0;0;1;24;1
2026-04-25 09:13:00;sin_act_cocina_comedor;0;0.304;0.205;0.239;42;42;42;0;26;26;26;0;154.076;64.467;154.521;0;0;0;0;0;0;0;25;1
2026-04-25 09:13:30;sin_act_cocina_comedor;0;0.28;0.23;0.239;42;42;42;0;26;26;26;0;153.75;64.484;154.11;0;0;0;0;0;0;1;26;1
2026-04-25 09:14:00;sin_act_cocina_comedor;0;0.286;0.195;0.217;42;42;42;0;26;26;26;0;154.093;65.753;177.605;0;0;0;0;0;0;1;19;1
2026-04-25 09:14:30;sin_act_cocina_comedor;0;0.263;0.206;0.231;42;42;42;0;26;26;26;0;154.093;153.287;173.832;0;0;0;0;0;0;1;29;1
2026-04-25 09:15:00;sin_act_cocina_comedor;0.264;0.27;0.194;0.222;42;42;42;0;26;26;26;0;154.624;64.896;154.624;0;0;0;0;0;0;1;30;1
2026-04-25 09:15:30;sin_act_cocina_comedor;0;0.266;0.208;0.234;42;42;42;0;26;26;26;0;154.521;64.518;154.521;0;0;0;0;0;0;0;30;1
2026-04-25 09:16:00;sin_act_cocina_comedor;0;0.289;0.211;0.236;42;42;42;0;26;26;26;0;154.093;64.998;165.686;0;0;0;0;0;0;1;30;1
2026-04-25 09:16:30;sin_act_cocina_comedor;0;0.289;0.187;0.246;42;42;42;0;26;26;26;0;153.647;64.844;154.521;0;0;0;0;0;0;1;30;1
2026-04-25 09:17:00;sin_act_cocina_comedor;0;0.263;0.239;0.239;42;42;42;0;26;26;26;0;153.27;65.324;154.95;0;0;0;0;0;0;1;30;1
2026-04-25 09:17:30;sin_act_cocina_comedor;0;0.321;0.2;0.253;42;42;42;0;26;26;26;0;152.875;45.739;190.314;0;0;0;0;0;0;1;30;1
2026-04-25 09:18:00;sin_act_cocina_comedor;0;0.277;0.205;0.242;42;42;42;0;26;26;26;0;153.664;64.947;154.144;0;0;0;0;0;0;0;30;1
2026-04-25 09:18:30;sin_act_cocina_comedor;0.267;0.267;0.211;0.219;42;42;42;0;26;26;26;0;153.664;64.964;154.144;0;0;0;0;0;0;1;30;1
2026-04-25 09:19:00;sin_act_cocina_comedor;0;0.286;0.184;0.23;42;42;42;0;26;26;26;0;153.613;65.324;156.185;0;0;0;0;0;0;1;30;1
2026-04-25 09:19:30;sin_act_cocina_comedor;0.263;0.267;0.194;0.226;42;42;42;0;26;26;26;0;153.252;64.878;154.521;0;0;0;0;0;0;1;30;1
2026-04-25 09:20:00;sin_act_cocina_comedor;0;0.264;0.205;0.228;42;42;42;0;26;26;26;0;153.252;64.484;178.411;0;0;0;0;0;0;1;30;1
2026-04-25 09:20:30;sin_act_cocina_comedor;0;0.279;0.192;0.24;42;42;42;0;26;26;26;0;153.75;61.277;154.899;0;0;0;0;0;0;0;30;1
2026-04-25 09:21:00;sin_act_cocina_comedor;0;0.269;0.193;0.23;42;42;42;0;26;26;26;0;154.47;64.535;154.47;0;0;0;0;0;0;1;30;1
2026-04-25 09:21:30;sin_act_cocina_comedor;0;0;0.207;0.243;42;42;42;0;26;26;26;0;153.681;64.844;168.739;0;0;0;0;0;0;1;29;1
2026-04-25 09:22:00;sin_act_cocina_comedor;0;0.275;0.19;0.224;42;42;42;0;26;26;26;0;153.63;64.964;157.711;0;0;0;0;0;0;1;30;1
2026-04-25 09:22:30;sin_act_cocina_comedor;0;0.262;0.204;0.231;42;42;42;0;26;26;26;0;153.664;64.896;154.076;0;0;0;0;0;0;1;30;1
2026-04-25 09:23:00;sin_act_cocina_comedor;0;0.278;0.19;0.231;42;42;42;0;26;26;26;0;153.698;65.273;154.419;0;0;0;0;0;0;0;30;1
2026-04-25 09:23:30;sin_act_cocina_comedor;0;0;0.205;0.216;42;42;42;0;26;26;26;0;154.093;58.807;154.556;0;0;0;0;0;0;1;30;1
2026-04-25 09:24:00;sin_act_cocina_comedor;0;0.276;0.18;0.218;42;42;42;0;26;26;26;0;153.595;64.878;154.419;0;0;0;0;0;0;1;30;1
2026-04-25 09:24:30;sin_act_cocina_comedor;0;0.284;0.217;0.217;42;42;42;0;26;26;26;0;154.453;64.844;154.985;0;0;0;0;0;0;1;25;1
2026-04-25 09:25:00;sin_act_cocina_comedor;0.278;0.28;0.195;0.221;42;42;42;0;26;26;26;0;153.595;64.93;154.076;0;0;0;0;0;0;1;30;1
2026-04-25 09:25:30;sin_act_cocina_comedor;0;0.292;0.192;0.219;42;42;42;0;26;26;26;0;153.698;153.252;154.556;0;0;0;0;0;0;0;30;1
2026-04-25 09:26:00;sin_act_cocina_comedor;0;0.291;0.2;0.247;42;42;42;0;26.266667;26;27;0.449776;153.218;64.947;160.61;0;0;0;0;0;0;1;29;1
2026-04-25 09:26:30;sin_act_cocina_comedor;0;0.273;0.202;0.22;42;42;42;0;27;27;27;0;152.772;65.359;154.556;0;0;0;0;0;0;1;29;1
2026-04-25 09:27:00;sin_act_cocina_comedor;0.262;0.289;0.223;0.223;42;42;42;0;27;27;27;0;153.595;64.947;162.822;0;0;0;0;0;0;1;26;1
2026-04-25 09:27:30;sin_act_cocina_comedor;0;0.277;0.192;0.219;42;42;42;0;27;27;27;0;153.167;65.736;175.084;0;0;0;0;0;0;1;30;1
2026-04-25 09:28:00;sin_act_cocina_comedor;0;0.284;0.199;0.219;42;42;42;0;26.433333;26;27;0.504007;153.647;64.896;158.535;0;0;0;0;0;0;0;29;1
2026-04-25 09:28:30;sin_act_cocina_comedor;0;0.266;0.175;0.211;42;42;42;0;26.566667;26;27;0.504007;154.453;65.239;154.916;0;0;0;0;0;0;1;29;1
2026-04-25 09:29:00;sin_act_cocina_comedor;0;0.284;0.177;0.213;42;42;42;0;26.8;26;27;0.406838;154.076;64.896;154.453;0;0;0;0;0;0;1;30;1
2026-04-25 09:29:30;sin_act_cocina_comedor;0;0.329;0.2;0.235;42;42;42;0;26.866667;26;27;0.345746;153.561;64.947;160.37;0;0;0;0;0;0;1;30;1
2026-04-25 09:30:00;sin_act_cocina_comedor;0;0.275;0.191;0.217;42;42;42;0;27;27;27;0;154.419;64.947;154.933;0;0;0;0;0;0;1;30;1
2026-04-25 09:30:30;sin_act_cocina_comedor;0.282;0.331;0.188;0.211;42;42;42;0;27;27;27;0;154.041;65.359;196.968;0;0;0;0;0;0;0;30;1
2026-04-25 09:31:00;sin_act_cocina_comedor;0;0.273;0.196;0.217;42;42;42;0;27;27;27;0;154.076;64.947;154.573;0;0;0;0;0;0;1;30;1
2026-04-25 09:31:30;sin_act_cocina_comedor;0;0.283;0.221;0.224;42;42;42;0;27;27;27;0;153.235;65.376;154.453;0;0;0;0;0;0;1;20;1
2026-04-25 09:32:00;sin_act_cocina_comedor;0;0.3;0.188;0.241;42;42;42;0;27;27;27;0;154.076;64.587;169.15;0;0;0;0;0;0;1;30;1
2026-04-25 09:32:30;sin_act_cocina_comedor;0;0.285;0.21;0.218;42;42;42;0;27;27;27;0;152.704;65.685;154.521;0;0;0;0;0;0;1;30;1
2026-04-25 09:33:00;sin_act_cocina_comedor;0;0.336;0.178;0.21;42;42;42;0;27;27;27;0;155.259;64.878;162.153;0;0;0;0;0;0;0;30;1
2026-04-25 09:33:30;sin_act_cocina_comedor;0;0.29;0.19;0.212;42;42;42;0;27;27;27;0;153.664;65.256;154.076;0;0;0;0;0;0;1;30;1
2026-04-25 09:34:00;sin_act_cocina_comedor;0;0.275;0.211;0.218;42;42;42;0;27;27;27;0;153.647;64.896;154.47;0;0;0;0;0;0;1;30;1
2026-04-25 09:34:30;sin_act_cocina_comedor;0;0.285;0.19;0.218;41.233333;41;42;0.430183;27;27;27;0;154.59;64.467;154.59;0;0;0;0;0;0;1;30;1
2026-04-25 09:35:00;sin_act_cocina_comedor;0;0.274;0.181;0.209;41.066667;41;42;0.253708;27;27;27;0;152.395;65.376;154.59;0;0;0;0;0;0;1;30;1
2026-04-25 09:35:30;sin_act_cocina_comedor;0;0.281;0.185;0.212;42;42;42;0;27;27;27;0;153.664;64.467;154.487;0;0;0;0;0;0;1;30;1
2026-04-25 09:36:00;sin_act_cocina_comedor;0;0.278;0.191;0.21;42;42;42;0;27;27;27;0;64.844;64.844;184.705;0;0;0;0;0;0;1;27;1
2026-04-25 09:36:30;sin_act_cocina_comedor;0;0.365;0.19;0.236;42;42;42;0;26.966667;26;27;0.182574;154.024;64.844;154.453;0;0;0;0;0;0;1;25;1
2026-04-25 09:37:00;sin_act_cocina_comedor;0;0.282;0.19;0.215;42;42;42;0;26;26;26;0;154.521;64.467;154.521;0;0;0;0;0;0;1;25;1
2026-04-25 09:37:30;sin_act_cocina_comedor;0;0.275;0.193;0.219;42;42;42;0;26;26;26;0;154.093;64.038;156.014;0;0;0;0;0;0;0;30;1
2026-04-25 09:38:00;sin_act_cocina_comedor;0;0.35;0.189;0.219;42;42;42;0;26;26;26;0;153.595;152.824;154.144;0;0;0;0;0;0;1;30;1
2026-04-25 09:38:30;sin_act_cocina_comedor;0.263;0.3;0.178;0.228;42;42;42;0;26;26;26;0;154.024;65.359;154.556;0;0;0;0;0;0;1;30;1
2026-04-25 09:39:00;sin_act_cocina_comedor;0;0.277;0.19;0.236;42;42;42;0;26;26;26;0;153.63;65.753;176.302;0;0;0;0;0;0;1;30;1
2026-04-25 09:39:30;sin_act_cocina_comedor;0;0.28;0.181;0.223;42;42;42;0;26;26;26;0;153.647;56.441;165.137;0;0;0;0;0;0;1;30;1
2026-04-25 09:40:00;sin_act_cocina_comedor;0;0.298;0.183;0.23;42;42;42;0;26;26;26;0;152.824;65.324;154.11;0;0;0;0;0;0;0;30;1
2026-04-25 09:40:30;sin_act_cocina_comedor;0;0.305;0.202;0.216;42;42;42;0;26;26;26;0;64.947;64.947;170.677;0;0;0;0;0;0;0;30;1
2026-04-25 09:41:00;sin_act_cocina_comedor;0;0;0.184;0.215;42;42;42;0;26;26;26;0;153.99;65.753;178.12;0;0;0;0;0;0;0;30;1
2026-04-25 09:41:30;sin_act_cocina_comedor;0;0.338;0.192;0.217;42;42;42;0;26;26;26;0;154.521;64.896;176.216;0;0;0;0;0;0;0;30;1
2026-04-25 09:42:00;sin_act_cocina_comedor;0;0.341;0.195;0.225;42;42;42;0;26;26;26;0;153.595;64.038;154.47;0;0;0;0;0;0;0;30;1
2026-04-25 09:42:30;sin_act_cocina_comedor;0.264;0.273;0.2;0.22;42;42;42;0;26;26;26;0;176.628;64.827;176.628;0;0;0;0;0;0;0;30;1
2026-04-25 09:43:00;sin_act_cocina_comedor;0;0.265;0.182;0.204;42;42;42;0;26;26;26;0;153.561;64.141;154.161;0;0;0;0;0;0;0;28;1
2026-04-25 09:43:30;sin_act_cocina_comedor;0;0.266;0.198;0.217;42;42;42;0;26;26;26;0;152.807;64.947;154.504;0;0;0;0;0;0;0;30;1
2026-04-25 09:44:00;sin_act_cocina_comedor;0;0.308;0.196;0.223;42;42;42;0;26;26;26;0;153.184;65.307;154.213;0;0;0;0;0;0;0;29;1
2026-04-25 09:44:30;sin_act_cocina_comedor;0.286;0.286;0.195;0.228;42;42;42;0;26;26;26;0;65.307;65.307;154.573;0;0;0;0;0;0;0;30;1
2026-04-25 09:45:00;sin_act_cocina_comedor;0.263;0.322;0.201;0.226;42;42;42;0;26;26;26;0;153.664;64.896;154.607;0;0;0;0;0;0;0;30;1
2026-04-25 09:45:30;sin_act_cocina_comedor;0;0.29;0.178;0.214;42;42;42;0;26;26;26;0;153.733;64.535;154.882;0;0;0;0;0;0;0;30;1
2026-04-25 09:46:00;sin_act_cocina_comedor;0.269;0.292;0.176;0.23;42;42;42;0;26;26;26;0;153.99;64.947;154.127;0;0;0;0;0;0;0;30;1
2026-04-25 09:46:30;sin_act_cocina_comedor;0;0.299;0.211;0.215;42;42;42;0;26;26;26;0;170.831;65.273;170.831;0;0;0;0;0;0;0;30;1
2026-04-25 09:47:00;sin_act_cocina_comedor;0;0.28;0.191;0.229;42;42;42;0;26;26;26;0;153.287;64.793;154.521;0;0;0;0;0;0;0;30;1
2026-04-25 09:47:30;sin_act_cocina_comedor;0.279;0.279;0.182;0.215;42;42;42;0;26;26;26;0;153.595;65.324;154.453;0;0;0;0;0;0;0;30;1
2026-04-25 09:48:00;sin_act_cocina_comedor;0;0.265;0;0.198;41.384615;41;42;0.496139;26;26;26;0;177.039;64.878;177.039;0;0;0;0;0;0;0;29;1
2026-04-25 09:48:30;sin_act_cocina_comedor;0;0.276;0;0.198;41.6;41;42;0.498273;26;26;26;0;153.664;65.273;177.039;0;0;0;0;0;0;0;30;1
2026-04-25 09:49:00;sin_act_cocina_comedor;0;0.264;0.181;0.199;42;42;42;0;26;26;26;0;153.715;65.324;154.213;0;0;0;0;0;0;0;30;1
2026-04-25 09:49:30;sin_act_cocina_comedor;0;0.272;0.176;0.218;42;42;42;0;26;26;26;0;153.733;64.364;154.573;0;0;0;0;0;0;0;30;1
2026-04-25 09:50:00;sin_act_cocina_comedor;0.261;0.295;0.177;0.199;42;42;42;0;26;26;26;0;154.487;64.844;154.487;0;0;0;0;0;0;0;29;1
2026-04-25 09:50:30;sin_act_cocina_comedor;0;0.316;0.182;0.222;41.433333;41;42;0.504007;26;26;26;0;153.338;37.576;154.933;0;0;0;0;0;0;0;30;1
2026-04-25 09:51:00;sin_act_cocina_comedor;0.306;0.306;0;0.216;41;41;41;0;26.2;26;27;0.406838;153.664;153.184;154.504;0;0;0;0;0;0;0;30;1
2026-04-25 09:51:30;sin_act_cocina_comedor;0;0.306;0;0.199;41;41;41;0;27;27;27;0;154.058;64.844;154.093;0;0;0;0;0;0;0;28;1
2026-04-25 09:52:00;sin_act_cocina_comedor;0.28;0.296;0;0.209;41;41;41;0;27;27;27;0;157.008;65.359;157.008;0;0;0;0;0;0;0;30;1
2026-04-25 09:52:30;sin_act_cocina_comedor;0.269;0.319;0.182;0.203;41;41;41;0;26.166667;26;27;0.379049;153.167;65.376;154.178;0;0;0;0;0;0;0;30;1
2026-04-25 09:53:00;sin_act_cocina_comedor;0;0.285;0.175;0.221;41;41;41;0;26;26;26;0;153.63;64.535;163.388;0;0;0;0;0;0;0;30;1
2026-04-25 09:53:30;sin_act_cocina_comedor;0.273;0.285;0.188;0.193;41;41;41;0;26;26;26;0;64.896;64.896;154.916;0;0;0;0;0;0;0;30;1
2026-04-25 09:54:00;sin_act_cocina_comedor;0;0.276;0.19;0.217;41;41;41;0;26;26;26;0;153.801;64.947;154.59;0;0;0;0;0;0;0;30;1
2026-04-25 09:54:30;sin_act_cocina_comedor;0;0.29;0.187;0.209;41;41;41;0;26.466667;26;27;0.507416;153.27;65.307;154.11;0;0;0;0;0;0;0;30;1
2026-04-25 09:55:00;sin_act_cocina_comedor;0;0.307;0;0.231;41;41;41;0;26.2;26;27;0.406838;153.201;64.896;154.573;0;0;0;0;0;0;0;30;1
2026-04-25 09:55:30;sin_act_cocina_comedor;0;0.275;0.183;0.208;41;41;41;0;26.666667;26;27;0.479463;153.287;34.609;154.521;0;0;0;0;0;0;0;26;1
2026-04-25 09:56:00;sin_act_cocina_comedor;0;0.302;0.185;0.222;41;41;41;0;26;26;26;0;141.23;64.844;154.521;0;0;0;0;0;0;0;29;1
2026-04-25 09:56:30;sin_act_cocina_comedor;0;0.301;0.197;0.216;41;41;41;0;26;26;26;0;153.681;64.467;154.521;0;0;0;0;0;0;0;24;1
2026-04-25 09:57:00;sin_act_cocina_comedor;0.282;0.284;0.189;0.234;41;41;41;0;26;26;26;0;152.824;65.273;154.213;0;0;0;0;0;0;0;24;1
2026-04-25 09:57:30;sin_act_cocina_comedor;0;0.298;0.195;0.214;41;41;41;0;26;26;26;0;153.252;65.753;180.932;0;0;0;0;0;0;0;30;1
2026-04-25 09:58:00;sin_act_cocina_comedor;0;0.304;0.223;0.223;41;41;41;0;26;26;26;0;153.664;65.273;177.52;0;0;0;0;0;0;0;30;1
2026-04-25 09:58:30;sin_act_cocina_comedor;0;0.285;0.196;0.226;41;41;41;0;26;26;26;0;153.287;65.341;169.253;0;0;0;0;0;0;0;24;1
2026-04-25 09:59:00;sin_act_cocina_comedor;0.263;0.288;0.192;0.222;41;41;41;0;26;26;26;0;154.299;64.947;154.299;0;0;0;0;0;0;0;30;1
2026-04-25 09:59:30;sin_act_cocina_comedor;0;0.291;0.201;0.217;41;41;41;0;26;26;26;0;152.824;64.844;154.539;0;0;0;0;0;0;0;24;1
2026-04-25 10:00:00;sin_act_cocina_comedor;0;0.278;0.201;0.232;41;41;41;0;26;26;26;0;153.784;64.947;154.933;0;0;0;0;0;0;0;30;1
2026-04-25 10:00:30;sin_act_cocina_comedor;0;0.279;0.189;0.226;41;41;41;0;26;26;26;0;153.647;64.535;154.281;0;0;0;0;0;0;0;19;1
2026-04-25 10:01:00;sin_act_cocina_comedor;0;0.27;0.182;0.232;41;41;41;0;26;26;26;0;153.75;64.364;154.178;0;0;0;0;0;0;0;25;1
2026-04-25 10:01:30;sin_act_cocina_comedor;0.263;0.317;0.195;0.218;41;41;41;0;26;26;26;0;154.093;148.468;154.521;0;0;0;0;0;0;0;25;1
2026-04-25 10:02:00;sin_act_cocina_comedor;0;0.326;0.193;0.228;41;41;41;0;26;26;26;0;150.234;150.234;155.328;0;0;0;0;0;0;1;30;1
2026-04-25 10:02:30;sin_act_cocina_comedor;0;0;0.206;0.222;41;41;41;0;26;26;26;0;153.664;65.787;154.213;0;0;0;0;0;0;1;30;1
2026-04-25 10:03:00;sin_act_cocina_comedor;0;0.27;0.194;0.223;41;41;41;0;26;26;26;0;153.698;64.467;154.178;0;0;0;0;0;0;0;30;1
2026-04-25 10:03:30;sin_act_cocina_comedor;0.263;0.277;0.183;0.227;41;41;41;0;26;26;26;0;154.47;152.824;154.47;0;0;0;0;0;0;1;30;1
2026-04-25 10:04:00;sin_act_cocina_comedor;0;0.277;0.192;0.241;41;41;41;0;26;26;26;0;64.896;64.896;162.359;0;0;0;0;0;0;1;30;1
2026-04-25 10:04:30;sin_act_cocina_comedor;0;0.303;0.207;0.221;41;41;41;0;26;26;26;0;153.287;64.484;157.883;0;0;0;0;0;0;1;30;1
2026-04-25 10:05:00;sin_act_cocina_comedor;0.27;0.275;0.227;0.227;41;41;41;0;26;26;26;0;154.093;41.349;156.014;0;0;0;0;0;0;1;30;1
2026-04-25 10:05:30;sin_act_cocina_comedor;0;0.281;0.21;0.229;41;41;41;0;26;26;26;0;153.75;64.896;156.391;0;0;0;0;0;0;0;30;1
2026-04-25 10:06:00;sin_act_cocina_comedor;0;0.294;0.185;0.229;41.5;41;42;0.508548;26;26;26;0;154.093;63.215;188.273;0;0;0;0;0;0;1;30;1
2026-04-25 10:06:30;sin_act_cocina_comedor;0.272;0.272;0.181;0.215;42;42;42;0;26;26;26;0;154.573;64.896;160.558;0;0;0;0;0;0;1;30;1
2026-04-25 10:07:00;sin_act_cocina_comedor;0;0.288;0.187;0.221;42;42;42;0;26;26;26;0;154.024;64.896;169.065;0;0;0;0;0;0;1;30;1
2026-04-25 10:07:30;sin_act_cocina_comedor;0;0.274;0;0.209;42;42;42;0;26;26;26;0;154.093;64.827;173.695;0;0;0;0;0;0;1;30;1
2026-04-25 10:08:00;sin_act_cocina_comedor;0;0.267;0.176;0.211;42;42;42;0;26;26;26;0;152.892;64.518;178.326;0;0;0;0;0;0;1;29;1
2026-04-25 10:08:30;sin_act_cocina_comedor;0;0.275;0.185;0.206;42;42;42;0;26;26;26;0;153.235;63.215;184.723;0;0;0;0;0;0;1;30;1
2026-04-25 10:09:00;sin_act_cocina_comedor;0;0.263;0;0.211;42;42;42;0;26;26;26;0;153.664;152.841;155.568;0;0;0;0;0;0;0;30;1
2026-04-25 10:09:30;sin_act_cocina_comedor;0;0.285;0.193;0.221;42;42;42;0;26;26;26;0;66.233;66.233;154.521;0;0;0;0;0;0;1;30;1
2026-04-25 10:10:00;sin_act_cocina_comedor;0;0.312;0.203;0.237;42;42;42;0;26;26;26;0;154.093;64.844;154.144;0;0;0;0;0;0;1;30;1
2026-04-25 10:10:30;sin_act_cocina_comedor;0.263;0.287;0.192;0.223;42;42;42;0;26;26;26;0;153.784;64.844;205.611;0;0;0;0;0;0;1;30;1
2026-04-25 10:11:00;sin_act_cocina_comedor;0;0.294;0.183;0.217;42;42;42;0;26;26;26;0;153.818;64.896;154.607;0;0;0;0;0;0;1;30;1
2026-04-25 10:11:30;sin_act_cocina_comedor;0;0.271;0.184;0.214;42;42;42;0;26;26;26;0;153.698;64.896;154.196;0;0;0;0;0;0;0;30;1
2026-04-25 10:12:00;sin_act_cocina_comedor;0;0;0.178;0.215;42;42;42;0;26;26;26;0;154.556;65.41;154.59;0;0;0;0;0;0;1;30;1
2026-04-25 10:12:30;sin_act_cocina_comedor;0;0;0;0.214;42;42;42;0;26;26;26;0;153.784;64.364;154.556;0;0;0;0;0;0;1;30;1
2026-04-25 10:13:00;sin_act_cocina_comedor;0;0.326;0.183;0.209;42;42;42;0;26;26;26;0;153.784;65.324;178.48;0;0;0;0;0;0;1;29;1
2026-04-25 10:13:30;sin_act_cocina_comedor;0;0;0.195;0.206;42;42;42;0;26;26;26;0;78.941;64.896;154.213;0;0;0;0;0;0;1;30;1
2026-04-25 10:14:00;sin_act_cocina_comedor;0;0.284;0.186;0.198;42;42;42;0;26;26;26;0;154.573;64.878;154.573;0;0;0;0;0;0;1;30;1
2026-04-25 10:14:30;sin_act_cocina_comedor;0;0.262;0;0.214;42;42;42;0;26;26;26;0;153.784;153.27;154.23;0;0;0;0;0;0;1;30;1
2026-04-25 10:15:00;sin_act_cocina_comedor;0;0.292;0.177;0.215;42;42;42;0;26;26;26;0;154.573;153.681;154.573;0;0;0;0;0;0;1;28;1
2026-04-25 10:15:30;sin_act_cocina_comedor;0.298;0.298;0.193;0.22;42;42;42;0;26;26;26;0;154.196;148.69;154.573;0;0;0;0;0;0;0;27;1
2026-04-25 10:16:00;sin_act_cocina_comedor;0;0.298;0.199;0.22;42;42;42;0;26;26;26;0;152.927;65.702;154.23;0;0;0;0;0;0;1;30;1
2026-04-25 10:16:30;sin_act_cocina_comedor;0;0.276;0.177;0.215;42;42;42;0;26;26;26;0;154.247;140.544;154.247;0;0;0;0;0;0;1;30;1
2026-04-25 10:17:00;sin_act_cocina_comedor;0;0.275;0;0.219;42;42;42;0;26;26;26;0;154.521;46.699;154.659;0;0;0;0;0;0;1;30;1
2026-04-25 10:17:30;sin_act_cocina_comedor;0;0.261;0.224;0.224;42;42;42;0;26;26;26;0;154.573;64.518;154.624;0;0;0;0;0;0;1;25;1
2026-04-25 10:18:00;sin_act_cocina_comedor;0.262;0.276;0.183;0.218;41.766667;41;42;0.430183;26;26;26;0;64.947;64.947;154.676;0;0;0;0;0;0;1;24;1
2026-04-25 10:18:30;sin_act_cocina_comedor;0;0.268;0.179;0.208;41.233333;41;42;0.430183;26;26;26;0;153.818;65.307;174.124;0;0;0;0;0;0;0;25;1
2026-04-25 10:19:00;sin_act_cocina_comedor;0;0.281;0.19;0.195;42;42;42;0;26;26;26;0;154.161;64.947;180.83;0;0;0;0;0;0;1;25;1
2026-04-25 10:19:30;sin_act_cocina_comedor;0;0.283;0.179;0.202;42;42;42;0;26;26;26;0;167.864;64.878;167.864;0;0;0;0;0;0;0;30;1
2026-04-25 10:20:00;sin_act_cocina_comedor;0;0.285;0;0.202;41.5;41;42;0.508548;26;26;26;0;153.767;64.81;154.693;0;0;0;0;0;0;1;30;1
2026-04-25 10:20:30;sin_act_cocina_comedor;0;0.28;0;0.208;41.333333;41;42;0.479463;26;26;26;0;153.784;66.285;163.388;0;0;0;0;0;0;1;25;1
2026-04-25 10:21:00;sin_act_cocina_comedor;0;0.272;0;0.227;41.133333;41;42;0.345746;26;26;26;0;154.23;64.518;169.219;0;0;0;0;0;0;1;24;1
2026-04-25 10:21:30;sin_act_cocina_comedor;0;0;0;0.191;42;42;42;0;26;26;26;0;152.446;65.307;155.276;0;0;0;0;0;0;1;20;1
2026-04-25 10:22:00;sin_act_cocina_comedor;0;0;0;0.198;42;42;42;0;26;26;26;0;154.23;64.947;155.036;0;0;0;0;0;0;0;30;1
2026-04-25 10:22:30;sin_act_cocina_comedor;0;0;0.187;0.195;41.233333;41;42;0.430183;26;26;26;0;154.556;64.896;154.624;0;0;0;0;0;0;1;29;1
2026-04-25 10:23:00;sin_act_cocina_comedor;0;0.271;0.177;0.208;41.733333;41;42;0.449776;26;26;26;0;154.161;64.896;239.002;0;0;0;0;0;0;1;25;1
2026-04-25 10:23:30;sin_act_cocina_comedor;0;0;0.176;0.209;42;42;42;0;26;26;26;0;153.338;64.827;155.053;0;0;0;0;0;0;1;25;1
2026-04-25 10:24:00;sin_act_cocina_comedor;0;0.267;0;0.213;41.633333;41;42;0.490133;26;26;26;0;155.053;64.518;155.053;0;0;0;0;0;0;1;25;1
2026-04-25 10:24:30;sin_act_cocina_comedor;0;0.282;0.188;0.203;41;41;41;0;26;26;26;0;154.178;64.467;154.659;0;0;0;0;0;0;1;25;1
2026-04-25 10:25:00;sin_act_cocina_comedor;0;0.3;0.184;0.197;41;41;41;0;26;26;26;0;154.727;153.304;157.746;0;0;0;0;0;0;1;25;1
2026-04-25 10:25:30;sin_act_cocina_comedor;0;0.266;0.178;0.207;41;41;41;0;26;26;26;0;153.784;151.606;154.727;0;0;0;0;0;0;1;25;1
2026-04-25 10:26:00;sin_act_cocina_comedor;0;0.283;0.185;0.205;41;41;41;0;26;26;26;0;154.624;76.609;154.624;0;0;0;0;0;0;1;24;1
2026-04-25 10:26:30;sin_act_cocina_comedor;0;0.279;0.175;0.21;41;41;41;0;26;26;26;0;152.961;145.895;154.624;0;0;0;0;0;0;1;30;1
2026-04-25 10:27:00;sin_act_cocina_comedor;0;0;0.176;0.204;41;41;41;0;26;26;26;0;64.107;64.107;172.941;0;0;0;0;0;0;0;30;1
2026-04-25 10:27:30;sin_act_cocina_comedor;0;0.268;0.178;0.209;41;41;41;0;26;26;26;0;154.196;153.767;155.053;0;0;0;0;0;0;1;30;1
2026-04-25 10:28:00;sin_act_cocina_comedor;0;0.294;0.175;0.212;41;41;41;0;26;26;26;0;153.304;65.427;156.871;0;0;0;0;0;0;1;30;1
2026-04-25 10:28:30;sin_act_cocina_comedor;0;0.306;0.204;0.218;41;41;41;0;26;26;26;0;154.813;64.896;155.036;0;0;0;0;0;0;1;30;1
2026-04-25 10:29:00;sin_act_cocina_comedor;0;0.269;0.187;0.22;41;41;41;0;26;26;26;0;155.087;65.359;159.461;0;0;0;0;0;0;1;29;1
2026-04-25 10:29:30;sin_act_cocina_comedor;0;0.275;0.18;0.222;41;41;41;0;26;26;26;0;152.927;65.376;155.087;0;0;0;0;0;0;1;30;1
2026-04-25 10:30:00;sin_act_cocina_comedor;0;0.304;0.186;0.207;41;41;41;0;26;26;26;0;152.978;64.57;154.23;0;0;0;0;0;0;1;30;1
2026-04-25 10:30:30;sin_act_cocina_comedor;0;0.278;0.18;0.222;41;41;41;0;26;26;26;0;154.196;152.978;154.196;0;0;0;0;0;0;0;29;1
2026-04-25 10:31:00;sin_act_cocina_comedor;0;0.279;0;0.211;41;41;41;0;26;26;26;0;153.355;64.844;154.642;0;0;0;0;0;0;1;30;1
2026-04-25 10:31:30;sin_act_cocina_comedor;0;0.273;0.197;0.202;41;41;41;0;26;26;26;0;153.355;66.216;221.458;0;0;0;0;0;0;1;30;1
2026-04-25 10:32:00;sin_act_cocina_comedor;0;0.275;0.176;0.211;41;41;41;0;26;26;26;0;153.835;136.154;154.11;0;0;0;0;0;0;1;30;1
2026-04-25 10:32:30;sin_act_cocina_comedor;0;0.291;0.178;0.214;41;41;41;0;26;26;26;0;143.254;64.141;154.607;0;0;0;0;0;0;1;25;1
2026-04-25 10:33:00;sin_act_cocina_comedor;0;0.342;0.192;0.214;41;41;41;0;26;26;26;0;153.287;65.016;153.784;0;0;0;0;0;0;0;29;1
2026-04-25 10:33:30;sin_act_cocina_comedor;0;0.27;0;0.223;41;41;41;0;26;26;26;0;152.978;152.978;154.196;0;0;0;0;0;0;1;25;1
2026-04-25 10:34:00;sin_act_cocina_comedor;0;0.33;0.177;0.213;41;41;41;0;26;26;26;0;153.853;64.947;154.693;0;0;0;0;0;0;1;30;1
2026-04-25 10:34:30;sin_act_cocina_comedor;0;0.272;0;0.201;41;41;41;0;26;26;26;0;130.975;65.787;169.27;0;0;0;0;0;0;1;30;1
2026-04-25 10:35:00;sin_act_cocina_comedor;0;0.283;0.176;0.207;41;41;41;0;26;26;26;0;154.178;152.927;154.178;0;0;0;0;0;0;1;30;1
2026-04-25 10:35:30;sin_act_cocina_comedor;0;0.277;0;0.205;41;41;41;0;26;26;26;0;154.521;64.518;154.624;0;0;0;0;0;0;1;30;1
2026-04-25 10:36:00;sin_act_cocina_comedor;0;0.262;0;0.191;41;41;41;0;26;26;26;0;153.784;63.181;154.521;0;0;0;0;0;0;1;30;1
2026-04-25 10:36:30;sin_act_cocina_comedor;0.315;0.315;0.188;0.207;41;41;41;0;26;26;26;0;154.196;65.221;155.568;0;0;0;0;0;0;0;30;1
2026-04-25 10:37:00;sin_act_cocina_comedor;0;0.276;0.198;0.22;41;41;41;0;26;26;26;0;153.407;65.273;154.642;0;0;0;0;0;0;1;10;1
2026-04-25 10:37:30;sin_act_cocina_comedor;0;0.309;0.181;0.201;41;41;41;0;26;26;26;0;153.047;135.399;153.818;0;0;0;0;0;0;1;25;1
2026-04-25 10:38:00;sin_act_cocina_comedor;0;0.307;0.189;0.213;41;41;41;0;26;26;26;0;153.767;64.844;154.676;0;0;0;0;0;0;1;30;1
2026-04-25 10:38:30;sin_act_cocina_comedor;0;0.289;0.206;0.228;41;41;41;0;26;26;26;0;153.355;65.324;154.247;0;0;0;0;0;0;1;29;1
2026-04-25 10:39:00;sin_act_cocina_comedor;0.302;0.302;0.184;0.224;41;41;41;0;26;26;26;0;153.372;64.896;154.213;0;0;0;0;0;0;0;30;1
2026-04-25 10:39:30;sin_act_cocina_comedor;0;0.272;0.196;0.212;41;41;41;0;26;26;26;0;152.927;152.498;177.074;0;0;0;0;0;0;1;30;1
2026-04-25 10:40:00;sin_act_cocina_comedor;0;0.271;0;0.235;41;41;41;0;26;26;26;0;153.047;152.155;153.835;0;0;0;0;0;0;1;30;1
2026-04-25 10:40:30;sin_act_cocina_comedor;0.264;0.284;0;0.2;41;41;41;0;26;26;26;0;153.681;64.896;154.093;0;0;0;0;0;0;1;25;1
2026-04-25 10:41:00;sin_act_cocina_comedor;0;0.278;0;0.214;41;41;41;0;26;26;26;0;153.818;64.518;154.59;0;0;0;0;0;0;1;30;1
2026-04-25 10:41:30;sin_act_cocina_comedor;0;0.291;0;0.208;41;41;41;0;26;26;26;0;154.196;17.853;155.105;0;0;0;0;0;0;1;30;1
2026-04-25 10:42:00;sin_act_cocina_comedor;0;0.282;0;0.215;41;41;41;0;26;26;26;0;153.835;153.39;154.281;0;0;0;0;0;0;1;25;1
2026-04-25 10:42:30;sin_act_cocina_comedor;0;0;0.179;0.195;41;41;41;0;26;26;26;0;154.161;152.395;154.299;0;0;0;0;0;0;1;29;1
2026-04-25 10:43:00;sin_act_cocina_comedor;0;0.274;0;0.241;41;41;41;0;26;26;26;0;120.993;65.753;184.534;0;0;0;0;0;0;1;26;1
2026-04-25 10:43:30;sin_act_cocina_comedor;0;0.271;0.187;0.205;41;41;41;0;26;26;26;0;154.573;64.107;154.573;0;0;0;0;0;0;1;25;1
2026-04-25 10:44:00;sin_act_cocina_comedor;0;0.286;0.193;0.203;41;41;41;0;26;26;26;0;182.047;65.29;182.047;0;0;0;0;0;0;0;29;1
2026-04-25 10:44:30;sin_act_cocina_comedor;0;0;0;0.215;41;41;41;0;26;26;26;0;154.71;64.673;182.047;0;0;0;0;0;0;1;11;1
2026-04-25 10:45:00;sin_act_cocina_comedor;0;0.272;0;0.206;41;41;41;0;26;26;26;0;154.521;64.998;154.71;0;0;0;0;0;0;1;30;1
2026-04-25 10:45:30;sin_act_cocina_comedor;0;0.268;0;0.198;40.866667;40;41;0.345746;26;26;26;0;153.338;65.376;154.521;0;0;0;0;0;0;1;26;1
2026-04-25 10:46:00;sin_act_cocina_comedor;0;0.279;0;0.191;40;40;40;0;26;26;26;0;153.355;153.252;154.659;0;0;0;0;0;0;1;20;1
2026-04-25 10:46:30;sin_act_cocina_comedor;0;0.291;0;0.205;40;40;40;0;26;26;26;0;153.87;153.304;185.769;0;0;0;0;0;0;0;25;1
2026-04-25 10:47:00;sin_act_cocina_comedor;0;0.283;0.209;0.218;40;40;40;0;26;26;26;0;153.853;66.165;154.83;0;0;0;0;0;0;1;25;1
2026-04-25 10:47:30;sin_act_cocina_comedor;0;0.262;0;0.203;40;40;40;0;26;26;26;0;154.196;64.518;174.913;0;0;0;0;0;0;1;30;1
2026-04-25 10:48:00;sin_act_cocina_comedor;0;0.291;0;0.207;40;40;40;0;26;26;26;0;154.161;132.124;155.053;0;0;0;0;0;0;1;29;1
2026-04-25 10:48:30;sin_act_cocina_comedor;0;0;0.186;0.186;40;40;40;0;26;26;26;0;153.733;65.324;154.693;0;0;0;0;0;0;1;25;1
2026-04-25 10:49:00;sin_act_cocina_comedor;0;0.267;0;0.204;40;40;40;0;26;26;26;0;153.801;65.393;155.07;0;0;0;0;0;0;0;30;1
2026-04-25 10:49:30;sin_act_cocina_comedor;0;0.298;0.197;0.211;40;40;40;0;26;26;26;0;152.464;152.464;154.247;0;0;0;0;0;0;1;25;1
2026-04-25 10:50:00;sin_act_cocina_comedor;0.287;0.287;0.175;0.217;40;40;40;0;26;26;26;0;154.161;65.307;167.075;0;0;0;0;0;0;1;30;1
2026-04-25 10:50:30;sin_act_cocina_comedor;0;0.279;0;0.211;40;40;40;0;26;26;26;0;152.927;64.57;159.632;0;0;0;0;0;0;1;26;1
2026-04-25 10:51:00;sin_act_cocina_comedor;0;0.294;0.183;0.235;40;40;40;0;26;26;26;0;153.304;64.518;154.573;0;0;0;0;0;0;1;25;1
2026-04-25 10:51:30;sin_act_cocina_comedor;0;0.268;0.186;0.216;40;40;40;0;26;26;26;0;154.607;64.896;195.596;0;0;0;0;0;0;0;22;1
2026-04-25 10:52:00;sin_act_cocina_comedor;0;0.311;0.2;0.22;40;40;40;0;26;26;26;0;153.733;65.427;154.573;0;0;0;0;0;0;1;23;1
2026-04-25 10:52:30;sin_act_cocina_comedor;0;0.271;0.212;0.22;40;40;40;0;26;26;26;0;154.127;64.518;158.192;0;0;0;0;0;0;1;25;1
2026-04-25 10:53:00;sin_act_cocina_comedor;0;0.319;0.184;0.228;40;40;40;0;26;26;26;0;153.372;64.535;154.144;0;0;0;0;0;0;1;30;1
2026-04-25 10:53:30;sin_act_cocina_comedor;0;0.274;0.198;0.221;40;40;40;0;26;26;26;0;154.144;64.433;154.247;0;0;0;0;0;0;1;20;1
2026-04-25 10:54:00;sin_act_cocina_comedor;0;0.276;0.197;0.219;40;40;40;0;26;26;26;0;153.767;64.878;154.521;0;0;0;0;0;0;0;25;1
2026-04-25 10:54:30;sin_act_cocina_comedor;0;0.278;0.181;0.211;40;40;40;0;26;26;26;0;64.947;64.947;154.624;0;0;0;0;0;0;1;25;1
2026-04-25 10:55:00;sin_act_cocina_comedor;0;0.279;0;0.216;40;40;40;0;26;26;26;0;154.093;64.896;187.827;0;0;0;0;0;0;1;29;1
2026-04-25 10:55:30;sin_act_cocina_comedor;0;0.304;0.204;0.22;40;40;40;0;26;26;26;0;153.818;64.947;154.573;0;0;0;0;0;0;1;21;1
2026-04-25 10:56:00;sin_act_cocina_comedor;0;0.283;0.199;0.227;40;40;40;0;26;26;26;0;153.801;59.082;184.568;0;0;0;0;0;0;1;30;1
2026-04-25 10:56:30;sin_act_cocina_comedor;0.277;0.277;0.187;0.219;40;40;40;0;26;26;26;0;153.835;152.944;154.144;0;0;0;0;0;0;0;29;1
2026-04-25 10:57:00;sin_act_cocina_comedor;0;0.265;0.195;0.236;40;40;40;0;26;26;26;0;154.521;152.807;158.62;0;0;0;0;0;0;1;21;1
2026-04-25 10:57:30;sin_act_cocina_comedor;0;0.285;0.192;0.223;40;40;40;0;26;26;26;0;154.178;64.467;157.608;0;0;0;0;0;0;1;24;1
2026-04-25 10:58:00;sin_act_cocina_comedor;0;0.285;0.219;0.219;40;40;40;0;26;26;26;0;154.161;64.844;154.539;0;0;0;0;0;0;1;25;1
2026-04-25 10:58:30;sin_act_cocina_comedor;0;0.295;0.192;0.234;40;40;40;0;26;26;26;0;152.824;64.947;154.676;0;0;0;0;0;0;1;30;1
2026-04-25 10:59:00;sin_act_cocina_comedor;0;0.307;0.181;0.217;40;40;40;0;26;26;26;0;154.161;65.427;154.659;0;0;0;0;0;0;0;25;1
2026-04-25 10:59:30;sin_act_cocina_comedor;0;0.297;0.185;0.221;40;40;40;0;26;26;26;0;153.681;64.467;154.23;0;0;0;0;0;0;1;24;1
2026-04-25 11:00:00;sin_act_cocina_comedor;0;0.313;0.18;0.231;40;40;40;0;26;26;26;0;153.664;127.63;175.633;0;0;0;0;0;0;1;26;1
2026-04-25 11:00:30;sin_act_cocina_comedor;0;0.334;0.182;0.205;40;40;40;0;26;26;26;0;153.338;152.858;173.232;0;0;0;0;0;0;1;25;1
2026-04-25 11:01:00;sin_act_cocina_comedor;0;0.273;0.174;0.204;40;40;40;0;26;26;26;0;154.642;65.324;154.642;0;0;0;0;0;0;1;25;1
2026-04-25 11:01:30;sin_act_cocina_comedor;0;0.285;0.185;0.241;40;40;40;0;26;26;26;0;153.287;130.529;169.716;0;0;0;0;0;0;0;30;1
2026-04-25 11:02:00;sin_act_cocina_comedor;0;0.272;0.175;0.238;40;40;40;0;26;26;26;0;153.39;64.896;177.297;0;0;0;0;0;0;1;25;1
2026-04-25 11:02:30;sin_act_cocina_comedor;0;0.264;0;0.204;40;40;40;0;26;26;26;0;153.853;153.39;154.453;0;0;0;0;0;0;1;20;1
2026-04-25 11:03:00;sin_act_cocina_comedor;0.29;0.307;0;0.195;40;40;40;0;26;26;26;0;154.076;64.896;179.303;0;0;0;0;0;0;1;25;1
2026-04-25 11:03:30;sin_act_cocina_comedor;0;0.27;0.203;0.224;40;40;40;0;26;26;26;0;109.811;65.307;175.41;0;0;0;0;0;0;1;30;1
2026-04-25 11:04:00;sin_act_cocina_comedor;0;0.285;0.237;0.248;40;40;40;0;26;26;26;0;153.304;65.324;154.933;0;0;0;0;0;0;1;30;1
2026-04-25 11:04:30;sin_act_cocina_comedor;0;0.272;0.197;0.238;40;40;40;0;26;26;26;0;153.715;64.793;154.196;0;0;0;0;0;0;1;30;1
2026-04-25 11:05:00;sin_act_cocina_comedor;0;0.276;0.195;0.222;40;40;40;0;26;26;26;0;154.196;65.359;154.281;0;0;0;0;0;0;0;30;1
2026-04-25 11:05:30;sin_act_cocina_comedor;0;0.274;0.217;0.232;40;40;40;0;26;26;26;0;153.818;152.498;170.54;0;0;0;0;0;0;1;30;1
2026-04-25 11:06:00;sin_act_cocina_comedor;0;0.273;0.197;0.233;40;40;40;0;26;26;26;0;154.196;65.856;154.779;0;0;0;0;0;0;1;30;1
2026-04-25 11:06:30;sin_act_cocina_comedor;0;0.272;0.194;0.223;40;40;40;0;26;26;26;0;153.287;65.273;154.71;0;0;0;0;0;0;1;30;1
2026-04-25 11:07:00;sin_act_cocina_comedor;0;0.349;0.196;0.213;40;40;40;0;26;26;26;0;154.642;65.256;155.19;0;0;0;0;0;0;1;30;1
2026-04-25 11:07:30;sin_act_cocina_comedor;0;0.287;0.184;0.211;40;40;40;0;26;26;26;0;154.693;141.985;155.019;0;0;0;0;0;0;0;30;1
2026-04-25 11:08:00;sin_act_cocina_comedor;0;0.297;0.194;0.219;40;40;40;0;26;26;26;0;153.424;153.407;154.693;0;0;0;0;0;0;1;29;1
2026-04-25 11:08:30;sin_act_cocina_comedor;0;0.272;0.198;0.209;40;40;40;0;26;26;26;0;156.288;65.479;156.288;0;0;0;0;0;0;1;30;1
2026-04-25 11:09:00;sin_act_cocina_comedor;0;0.271;0.208;0.215;40;40;40;0;26;26;26;0;154.196;65.805;179.869;0;0;0;0;0;0;1;30;1
2026-04-25 11:09:30;sin_act_cocina_comedor;0.263;0.266;0.207;0.223;40;40;40;0;26;26;26;0;153.424;153.39;179.338;0;0;0;0;0;0;1;30;1
2026-04-25 11:10:00;sin_act_cocina_comedor;0;0.266;0.191;0.22;40;40;40;0;26;26;26;0;154.281;153.492;154.813;0;0;0;0;0;0;0;30;1
2026-04-25 11:10:30;sin_act_cocina_comedor;0;0.275;0.188;0.218;40;40;40;0;26;26;26;0;156.82;153.287;156.82;0;0;0;0;0;0;1;30;1
2026-04-25 11:11:00;sin_act_cocina_comedor;0;0.274;0.189;0.207;40;40;40;0;26;26;26;0;154.573;151.452;154.573;0;0;0;0;0;0;1;30;1
2026-04-25 11:11:30;sin_act_cocina_comedor;0.267;0.27;0.192;0.23;40;40;40;0;26;26;26;0;153.475;153.475;222.521;0;0;0;0;0;0;1;30;1
2026-04-25 11:12:00;sin_act_cocina_comedor;0;0.282;0.195;0.223;40;40;40;0;26;26;26;0;153.956;153.441;181.67;0;0;0;0;0;0;1;30;1
2026-04-25 11:12:30;sin_act_cocina_comedor;0;0.266;0.195;0.223;40;40;40;0;26;26;26;0;153.887;153.355;215.919;0;0;0;0;0;0;0;30;1
2026-04-25 11:13:00;sin_act_cocina_comedor;0.263;0.292;0.19;0.225;40;40;40;0;26;26;26;0;154.178;65.753;154.247;0;0;0;0;0;0;1;29;1
2026-04-25 11:13:30;sin_act_cocina_comedor;0;0.289;0.184;0.221;40;40;40;0;26;26;26;0;153.853;64.844;154.676;0;0;0;0;0;0;1;30;1
2026-04-25 11:14:00;sin_act_cocina_comedor;0;0;0;0.211;40;40;40;0;26;26;26;0;153.818;153.012;154.573;0;0;0;0;0;0;1;30;1
2026-04-25 11:14:30;sin_act_cocina_comedor;0;0.275;0.188;0.219;40;40;40;0;26;26;26;0;153.904;65.444;154.281;0;0;0;0;0;0;1;30;1
2026-04-25 11:15:00;sin_act_cocina_comedor;0;0.281;0.182;0.226;40;40;40;0;26;26;26;0;153.835;153.75;168.927;0;0;0;0;0;0;0;24;1
2026-04-25 11:15:30;sin_act_cocina_comedor;0.262;0.272;0.2;0.22;40;40;40;0;26;26;26;0;154.71;65.05;154.71;0;0;0;0;0;0;1;25;1
2026-04-25 11:16:00;sin_act_cocina_comedor;0;0.285;0.198;0.214;40;40;40;0;26;26;26;0;127.63;64.57;154.71;0;0;0;0;0;0;1;30;1
2026-04-25 11:16:30;sin_act_cocina_comedor;0;0.303;0.217;0.24;40;40;40;0;26;26;26;0;153.784;127.63;194.241;0;0;0;0;0;0;1;30;1
2026-04-25 11:17:00;sin_act_cocina_comedor;0;0.315;0.193;0.227;40;40;40;0;26;26;26;0;153.39;65.324;154.985;0;0;0;0;0;0;1;25;1
2026-04-25 11:17:30;sin_act_cocina_comedor;0;0.306;0.207;0.209;40;40;40;0;26;26;26;0;136.257;86.093;155.568;0;0;0;0;0;0;0;30;1
2026-04-25 11:18:00;sin_act_cocina_comedor;0;0.287;0.19;0.218;40;40;40;0;26;26;26;0;153.407;136.257;154.727;0;0;0;0;0;0;1;21;1
2026-04-25 11:18:30;sin_act_cocina_comedor;0;0.297;0.181;0.218;40;40;40;0;26;26;26;0;154.384;152.978;154.384;0;0;0;0;0;0;1;27;1
2026-04-25 11:19:00;sin_act_cocina_comedor;0;0.267;0.187;0.219;40;40;40;0;26;26;26;0;154.23;153.784;157.557;0;0;0;0;0;0;1;30;1
2026-04-25 11:19:30;sin_act_cocina_comedor;0;0.296;0.198;0.216;40;40;40;0;26;26;26;0;154.127;128.985;196.865;0;0;0;0;0;0;1;25;1
2026-04-25 11:20:00;sin_act_cocina_comedor;0;0.276;0.197;0.234;40;40;40;0;26;26;26;0;153.818;64.844;196.899;0;0;0;0;0;0;0;30;1
2026-04-25 11:20:30;sin_act_cocina_comedor;0.279;0.288;0.189;0.221;40;40;40;0;26;26;26;0;153.321;64.947;162.599;0;0;0;0;0;0;1;30;1
2026-04-25 11:21:00;sin_act_cocina_comedor;0;0.298;0.185;0.213;40;40;40;0;26;26;26;0;154.247;152.927;154.281;0;0;0;0;0;0;1;30;1
2026-04-25 11:21:30;sin_act_cocina_comedor;0;0.264;0.202;0.221;40;40;40;0;26;26;26;0;153.475;142.705;165.978;0;0;0;0;0;0;1;30;1
2026-04-25 11:22:00;sin_act_cocina_comedor;0;0.314;0.19;0.215;40;40;40;0;26;26;26;0;152.944;152.944;154.556;0;0;0;0;0;0;1;23;1
2026-04-25 11:22:30;sin_act_cocina_comedor;0;0.266;0.197;0.24;40;40;40;0;26;26;26;0;154.642;153.355;154.642;0;0;0;0;0;0;0;25;1
2026-04-25 11:23:00;sin_act_cocina_comedor;0;0.263;0.178;0.213;40;40;40;0;26;26;26;0;153.75;153.75;154.642;0;0;0;0;0;0;1;30;1
2026-04-25 11:23:30;sin_act_cocina_comedor;0;0;0.218;0.238;40;40;40;0;26;26;26;0;153.235;153.235;154.281;0;0;0;0;0;0;1;30;1
2026-04-25 11:24:00;sin_act_cocina_comedor;0;0.278;0.206;0.226;40;40;40;0;26;26;26;0;153.424;60.608;155.053;0;0;0;0;0;0;1;30;1
2026-04-25 11:24:30;sin_act_cocina_comedor;0;0.278;0.199;0.228;40;40;40;0;26;26;26;0;65.273;65.016;154.213;0;0;0;0;0;0;1;30;1
2026-04-25 11:25:00;sin_act_cocina_comedor;0;0.302;0.18;0.237;40;40;40;0;26;26;26;0;154.247;153.304;154.573;0;0;0;0;0;0;1;29;1
2026-04-25 11:25:30;sin_act_cocina_comedor;0;0.273;0.188;0.217;40;40;40;0;26;26;26;0;153.784;65.427;154.727;0;0;0;0;0;0;1;30;1
2026-04-25 11:26:00;sin_act_cocina_comedor;0;0.323;0.196;0.231;40;40;40;0;26;26;26;0;65.307;65.307;159.255;0;0;0;0;0;0;1;30;1
2026-04-25 11:26:30;sin_act_cocina_comedor;0;0.307;0.182;0.224;40;40;40;0;26;26;26;0;153.698;65.787;154.659;0;0;0;0;0;0;0;30;1
2026-04-25 11:27:00;sin_act_cocina_comedor;0;0.305;0.196;0.222;40;40;40;0;26;26;26;0;153.715;64.947;162.565;0;0;0;0;0;0;1;30;1
2026-04-25 11:27:30;sin_act_cocina_comedor;0;0.28;0.212;0.215;40;40;40;0;26;26;26;0;151.194;64.433;155.002;0;0;0;0;0;0;1;30;1
2026-04-25 11:28:00;sin_act_cocina_comedor;0;0.262;0.184;0.23;40;40;40;0;26;26;26;0;64.896;64.896;187.227;0;0;0;0;0;0;1;25;1
2026-04-25 11:28:30;sin_act_cocina_comedor;0;0.27;0.198;0.233;40;40;40;0;26;26;26;0;154.093;64.518;154.676;0;0;0;0;0;0;0;30;1
2026-04-25 11:29:00;sin_act_cocina_comedor;0;0.276;0.186;0.236;40;40;40;0;26;26;26;0;153.698;64.998;170.505;0;0;0;0;0;0;1;24;1
2026-04-25 11:29:30;sin_act_cocina_comedor;0;0.268;0.181;0.221;40;40;40;0;26;26;26;0;153.595;64.467;155.396;0;0;0;0;0;0;1;30;1
2026-04-25 11:30:00;sin_act_cocina_comedor;0;0.314;0.173;0.206;40;40;40;0;26;26;26;0;154.521;65.307;155.019;0;0;0;0;0;0;1;25;1
2026-04-25 11:30:30;sin_act_cocina_comedor;0;0.273;0.203;0.213;40;40;40;0;26;26;26;0;152.858;73.591;156.391;0;0;0;0;0;0;1;30;1
2026-04-25 11:31:00;sin_act_cocina_comedor;0;0;0.217;0.219;40;40;40;0;26;26;26;0;154.058;65.256;154.539;0;0;0;0;0;0;0;25;1
2026-04-25 11:31:30;sin_act_cocina_comedor;0;0;0.18;0.213;40;40;40;0;26;26;26;0;153.715;60.745;154.607;0;0;0;0;0;0;1;25;1
2026-04-25 11:32:00;sin_act_cocina_comedor;0;0.291;0;0.217;40;40;40;0;26;26;26;0;153.733;64.947;202.199;0;0;0;0;0;0;1;30;1
2026-04-25 11:32:30;sin_act_cocina_comedor;0;0.269;0.198;0.214;40;40;40;0;26;26;26;0;64.998;64.947;155.07;0;0;0;0;0;0;1;20;1
2026-04-25 11:33:00;sin_act_cocina_comedor;0;0.264;0.177;0.228;40;40;40;0;26;26;26;0;133.701;64.844;154.196;0;0;0;0;0;0;1;28;1
2026-04-25 11:33:30;sin_act_cocina_comedor;0;0.268;0.177;0.205;40;40;40;0;26;26;26;0;153.733;131.266;163.165;0;0;0;0;0;0;1;22;1
2026-04-25 11:34:00;sin_act_cocina_comedor;0;0.277;0.189;0.215;40;40;40;0;26;26;26;0;153.75;64.896;166.321;0;0;0;0;0;0;1;25;1
2026-04-25 11:34:30;sin_act_cocina_comedor;0;0.265;0.192;0.23;40;40;40;0;26;26;26;0;145.552;64.878;166.304;0;0;0;0;0;0;1;30;1
2026-04-25 11:35:00;sin_act_cocina_comedor;0;0.271;0.188;0.214;40;40;40;0;26;26;26;0;153.733;65.41;154.607;0;0;0;0;0;0;1;20;1
2026-04-25 11:35:30;sin_act_cocina_comedor;0;0.273;0.196;0.224;40;40;40;0;26;26;26;0;154.196;40.474;154.659;0;0;0;0;0;0;1;25;1
2026-04-25 11:36:00;sin_act_cocina_comedor;0;0.298;0.191;0.221;40;40;40;0;26;26;26;0;153.287;152.858;156.665;0;0;0;0;0;0;1;25;1
2026-04-25 11:36:30;sin_act_cocina_comedor;0.265;0.318;0.191;0.217;40;40;40;0;26;26;26;0;154.127;65.376;154.556;0;0;0;0;0;0;1;24;1
2026-04-25 11:37:00;sin_act_cocina_comedor;0.279;0.279;0.179;0.226;40;40;40;0;26;26;26;0;153.664;65.307;155.139;0;0;0;0;0;0;0;26;1
2026-04-25 11:37:30;sin_act_cocina_comedor;0;0.329;0.202;0.234;40;40;40;0;26;26;26;0;154.058;65.324;154.47;0;0;0;0;0;0;1;25;1
2026-04-25 11:38:00;sin_act_cocina_comedor;0;0.268;0.199;0.228;40;40;40;0;26;26;26;0;154.521;65.273;154.59;0;0;0;0;0;0;1;24;1
2026-04-25 11:38:30;sin_act_cocina_comedor;0.263;0.293;0.217;0.229;41;41;41;0;26;26;26;0;154.882;29.549;154.933;0;0;0;0;0;0;1;25;1
2026-04-25 11:39:00;sin_act_cocina_comedor;0;0.274;0.197;0.22;41;41;41;0;26;26;26;0;153.698;64.896;182.27;0;0;0;0;0;0;1;25;1
2026-04-25 11:39:30;sin_act_cocina_comedor;0;0.287;0.214;0.219;41;41;41;0;26;26;26;0;153.595;58.824;165.429;0;0;0;0;0;0;1;25;1
2026-04-25 11:40:00;sin_act_cocina_comedor;0;0.276;0.191;0.236;41;41;41;0;26;26;26;0;154.419;65.273;154.899;0;0;0;0;0;0;1;20;1
2026-04-25 11:40:30;sin_act_cocina_comedor;0;0.33;0.19;0.223;41;41;41;0;26;26;26;0;154.024;44.041;155.019;0;0;0;0;0;0;0;30;1
2026-04-25 11:41:00;sin_act_cocina_comedor;0;0;0.206;0.224;41;41;41;0;26;26;26;0;153.99;64.484;186.815;0;0;0;0;0;0;1;20;1
2026-04-25 11:41:30;sin_act_cocina_comedor;0;0.298;0.231;0.245;41;41;41;0;26;26;26;0;154.521;64.433;154.521;0;0;0;0;0;0;1;24;1
2026-04-25 11:42:00;sin_act_cocina_comedor;0.263;0.275;0.204;0.229;41;41;41;0;26;26;26;0;154.024;64.947;154.504;0;0;0;0;0;0;1;20;1
2026-04-25 11:42:30;sin_act_cocina_comedor;0;0.281;0.198;0.229;41;41;41;0;26;26;26;0;65.376;64.45;154.453;0;0;0;0;0;0;1;28;1
2026-04-25 11:43:00;sin_act_cocina_comedor;0;0.287;0.185;0.233;41;41;41;0;26.5;26;27;0.508548;150.285;38.382;167.607;0;0;0;0;0;0;0;27;1
2026-04-25 11:43:30;sin_act_cocina_comedor;0;0.289;0.191;0.227;41;41;41;0;27;27;27;0;154.093;65.427;154.453;0;0;0;0;0;0;1;24;1
2026-04-25 11:44:00;sin_act_cocina_comedor;0;0.28;0.197;0.236;41;41;41;0;27;27;27;0;154.504;64.844;154.504;0;0;0;0;0;0;0;25;1
2026-04-25 11:44:30;sin_act_cocina_comedor;0;0;0.194;0.218;40.166667;40;41;0.379049;27;27;27;0;153.956;64.038;154.556;0;0;0;0;0;0;1;20;1
2026-04-25 11:45:00;sin_act_cocina_comedor;0;0;0.216;0.246;40;40;40;0;27;27;27;0;154.024;153.544;175.685;0;0;0;0;0;0;1;30;1
2026-04-25 11:45:30;sin_act_cocina_comedor;0;0.27;0.196;0.243;40;40;40;0;27;27;27;0;153.613;131.283;156.871;0;0;0;0;0;0;1;25;1
2026-04-25 11:46:00;sin_act_cocina_comedor;0;0.272;0.211;0.223;40;40;40;0;27;27;27;0;153.064;64.947;154.83;0;0;0;0;0;0;1;25;1
2026-04-25 11:46:30;sin_act_cocina_comedor;0;0.275;0.2;0.224;40;40;40;0;27;27;27;0;153.561;144.266;185.443;0;0;0;0;0;0;0;30;1
2026-04-25 11:47:00;sin_act_cocina_comedor;0;0.265;0.204;0.235;40;40;40;0;27;27;27;0;153.527;65.359;154.882;0;0;0;0;0;0;1;30;1
2026-04-25 11:47:30;sin_act_cocina_comedor;0;0;0.177;0.221;40;40;40;0;27;27;27;0;153.956;152.669;162.908;0;0;0;0;0;0;1;24;1
2026-04-25 11:48:00;sin_act_cocina_comedor;0;0.279;0.187;0.222;40;40;40;0;27;27;27;0;154.401;65.221;154.401;0;0;0;0;0;0;1;30;1
2026-04-25 11:48:30;sin_act_cocina_comedor;0;0.269;0.174;0.22;40;40;40;0;27;27;27;0;153.578;135.193;154.504;0;0;0;0;0;0;1;21;1
2026-04-25 11:49:00;sin_act_cocina_comedor;0;0.303;0;0.196;40;40;40;0;27;27;27;0;154.83;65.787;156.854;1;19;1;0;0;0;1;29;1
2026-04-25 11:49:30;sin_act_cocina_comedor;0;0.287;0.197;0.218;40;40;40;0;27;27;27;0;153.921;153.921;154.83;1;30;1;0;0;0;1;20;1
2026-04-25 11:50:00;sin_act_cocina_comedor;0;0.306;0.205;0.232;40;40;40;0;27;27;27;0;154.281;59.133;154.281;1;30;1;0;0;0;1;30;1
2026-04-25 11:50:30;uso_lavaplatos;0.289;0.289;0.191;0.236;40;40;40;0;27;27;27;0;153.887;153.475;154.762;1;30;1;1;14;1;1;30;1
2026-04-25 11:51:00;uso_lavaplatos;0;0.289;0.246;0.246;40;40;40;0;27;27;27;0;154.024;153.475;154.539;1;30;1;1;30;1;1;30;1
2026-04-25 11:51:30;uso_lavaplatos;0;0.278;0.224;0.236;40;40;40;0;27;27;27;0;154.487;153.492;154.504;1;30;1;1;30;1;0;30;1
2026-04-25 11:52:00;sin_act_cocina_comedor;0;0.264;0.249;0.249;40;40;40;0;27;27;27;0;155.259;153.561;155.259;1;30;1;0;12;1;1;30;1
2026-04-25 11:52:30;uso_lavaplatos;0;0.287;0.21;0.261;40;40;40;0;27;27;27;0;154.316;153.87;154.83;1;30;1;1;13;1;1;30;1
2026-04-25 11:53:00;cocinando;7.621;7.778;0.218;0.236;40;40;40;0;27;27;27;0;125.469;125.469;155.242;1;30;1;0;4;1;1;30;1
2026-04-25 11:53:30;sin_act_cocina_comedor;7.538;7.553;0.231;0.244;40;40;40;0;27;27;27;0;153.527;153.115;154.865;1;30;1;1;17;1;1;30;1
2026-04-25 11:54:00;cocinando;7.61;7.715;0.212;0.246;40;40;40;0;27;27;27;0;153.938;59.03;154.401;1;30;1;0;4;1;0;30;1
2026-04-25 11:54:30;sin_act_cocina_comedor;7.575;7.742;0.224;0.245;40;40;40;0;27;27;27;0;154.11;152.824;156.665;1;30;1;1;25;1;1;30;1
2026-04-25 11:55:00;sin_act_cocina_comedor;7.504;7.712;0.197;0.244;40;40;40;0;27;27;27;0;155.259;64.896;155.259;1;30;1;1;30;1;1;20;1
2026-04-25 11:55:30;cocinando;7.52;7.693;0.197;0.247;40;40;40;0;27;27;27;0;65.805;64.998;155.225;1;29;1;0;12;1;1;25;1
2026-04-25 11:56:00;cocinando;7.646;7.692;0.199;0.235;40;40;40;0;27;27;27;0;154.058;82.834;154.539;1;30;1;0;0;0;1;25;1
2026-04-25 11:56:30;cocinando;7.569;7.739;0.198;0.241;40;40;40;0;27;27;27;0;153.904;133.255;154.487;1;30;1;0;0;0;0;24;1
2026-04-25 11:57:00;sin_act_cocina_comedor;7.523;7.728;0.205;0.235;40;40;40;0;27;27;27;0;153.561;153.561;154.521;1;30;1;1;27;1;1;26;1
2026-04-25 11:57:30;cocinando;7.491;7.692;0.215;0.238;40;40;40;0;27;27;27;0;154.024;50.438;155.739;1;30;1;0;9;1;0;20;1
2026-04-25 11:58:00;sin_act_cocina_comedor;7.586;7.706;0.206;0.24;40;40;40;0;27;27;27;0;150.611;150.611;154.847;1;30;1;1;30;1;1;30;1
2026-04-25 11:58:30;sin_act_cocina_comedor;7.597;7.702;0.202;0.225;40;40;40;0;27;27;27;0;134.748;51.707;154.95;1;30;1;1;30;1;1;25;1
2026-04-25 11:59:00;sin_act_cocina_comedor;7.731;7.731;0.183;0.229;40;40;40;0;27;27;27;0;153.184;18.128;154.813;1;30;1;1;16;1;1;25;1
2026-04-25 11:59:30;cocinando;7.553;7.726;0.189;0.223;40;40;40;0;27;27;27;0;64.896;43.132;153.938;1;30;1;0;6;1;1;30;1
2026-04-25 12:00:00;cocinando;7.507;7.704;0.18;0.218;40;40;40;0;27;27;27;0;153.149;64.878;176.782;1;30;1;0;0;0;1;25;1
2026-04-25 12:00:30;cocinando;7.672;7.715;0.196;0.208;40;40;40;0;27;27;27;0;65.376;65.376;154.521;1;30;1;0;0;0;1;25;1
2026-04-25 12:01:00;cocinando;7.502;7.729;0.178;0.214;40;40;40;0;27;27;27;0;8.712;8.712;154.487;1;30;1;0;0;0;0;25;1
2026-04-25 12:01:30;sin_act_cocina_comedor;7.577;7.717;0.212;0.232;40;40;40;0;27;27;27;0;153.561;16.138;154.47;1;30;1;1;4;1;1;30;1
2026-04-25 12:02:00;cocinando;7.443;7.729;0.207;0.221;40;40;40;0;27;27;27;0;106.261;46.614;154.127;1;30;1;0;23;1;1;20;1
2026-04-25 12:02:30;cocinando;7.478;7.655;0.19;0.228;40;40;40;0;27;27;27;0;24.061;24.061;160.695;1;30;1;0;11;1;1;30;1
2026-04-25 12:03:00;sin_act_cocina_comedor;0.272;7.632;0.205;0.232;40;40;40;0;27;27;27;0;65.307;16.344;160.232;1;29;1;0;0;0;1;25;1
2026-04-25 12:03:30;sin_act_cocina_comedor;0;7.62;0.203;0.241;40;40;40;0;27;27;27;0;159.632;64.021;160.507;1;29;1;0;6;1;0;20;1
2026-04-25 12:04:00;sin_act_cocina_comedor;0.265;0.294;0;0.221;40;40;40;0;27;27;27;0;153.87;44.401;159.632;1;30;1;0;0;0;1;26;1
2026-04-25 12:04:30;sin_act_cocina_comedor;0;0.306;0;0.196;40;40;40;0;27;27;27;0;153.835;64.844;275.721;1;29;1;0;0;0;1;25;1
2026-04-25 12:05:00;cocinando;7.502;7.678;0.186;0.217;40;40;40;0;27;27;27;0;159.101;151.898;159.101;1;30;1;0;0;0;1;24;1
2026-04-25 12:05:30;sin_act_cocina_comedor;0.286;7.501;0.203;0.236;40;40;40;0;27;27;27;0;69.183;54.143;254.094;1;30;1;0;2;1;1;25;1
2026-04-25 12:06:00;sin_act_cocina_comedor;0.275;0.294;0.208;0.241;40;40;40;0;27;27;27;0;69.56;28.743;159.066;1;30;1;0;0;0;0;20;1
2026-04-25 12:06:30;sin_act_cocina_comedor;0.265;0.293;0.218;0.225;40;40;40;0;27;27;27;0;154.727;24.593;159.992;1;30;1;0;0;0;1;25;1
2026-04-25 12:07:00;sin_act_cocina_comedor;0.3;7.776;0.184;0.252;40;40;40;0;27.2;27;28;0.406838;158.963;64.947;184.723;1;30;1;0;0;0;1;30;1
2026-04-25 12:07:30;sin_act_cocina_comedor;0.269;0.323;0.208;0.267;40;40;40;0;28;28;28;0;31.899;23.221;241.403;1;30;1;0;0;0;1;25;1
2026-04-25 12:08:00;sin_act_cocina_comedor;0;0.307;0.188;0.245;40;40;40;0;28;28;28;0;39.737;31.899;159.324;1;30;1;0;0;0;1;20;1
2026-04-25 12:08:30;sin_act_cocina_comedor;0.276;0.298;0.192;0.232;40;40;40;0;28;28;28;0;70.864;23.53;84.018;1;30;1;0;0;0;1;25;1
2026-04-25 12:09:00;sin_act_cocina_comedor;0.285;7.696;0.219;0.234;40;40;40;0;28;28;28;0;69.475;16.344;241.472;1;30;1;0;0;0;0;25;1
2026-04-25 12:09:30;sin_act_cocina_comedor;0.325;0.325;0.198;0.235;40;40;40;0;28;28;28;0;16.413;16.344;159.495;1;30;1;0;0;0;1;25;1
2026-04-25 12:10:00;sin_act_cocina_comedor;0;0.374;0.233;0.235;39.6;39;40;0.498273;28;28;28;0;68.96;7.34;159.324;1;30;1;0;3;1;1;25;1
2026-04-25 12:10:30;sin_act_cocina_comedor;0;0.295;0.204;0.251;39;39;39;0;28;28;28;0;16.413;16.395;159.049;1;30;1;0;0;0;1;20;1
2026-04-25 12:11:00;sin_act_cocina_comedor;0.262;0.28;0.213;0.243;39;39;39;0;28;28;28;0;154.316;7.049;160.987;1;30;1;0;0;0;1;25;1
2026-04-25 12:11:30;sin_act_cocina_comedor;0;0.288;0.211;0.241;39;39;39;0;29;29;29;0;16.447;7.049;158.946;1;30;1;0;0;0;1;25;1
2026-04-25 12:12:00;sin_act_cocina_comedor;0;0.296;0.197;0.237;39;39;39;0;29;29;29;0;158.86;16.344;159.392;1;30;1;0;0;0;1;26;1
2026-04-25 12:12:30;sin_act_cocina_comedor;0;0.303;0.199;0.241;38.666667;38;39;0.479463;29;29;29;0;64.312;64.295;159.392;1;30;1;0;7;1;1;20;1
2026-04-25 12:13:00;sin_act_cocina_comedor;0;0.303;0.188;0.252;39;39;39;0;29;29;29;0;4.888;4.888;50.438;1;30;1;0;0;0;1;29;1
2026-04-25 12:13:30;sin_act_cocina_comedor;0;0.281;0.196;0.242;38.033333;38;39;0.182574;29;29;29;0;21.952;16.413;180.624;1;30;1;0;0;0;1;20;1
2026-04-25 12:14:00;sin_act_cocina_comedor;0;0.302;0.192;0.237;38;38;38;0;29;29;29;0;16.927;16.756;74.568;1;30;1;0;0;0;1;27;1
2026-04-25 12:14:30;sin_act_cocina_comedor;0.274;0.31;0.19;0.232;38;38;38;0;29;29;29;0;125.932;17.39;159.426;1;30;1;0;0;0;1;23;1
2026-04-25 12:15:00;sin_act_cocina_comedor;0.274;0.286;0.21;0.222;38;38;38;0;29;29;29;0;156.579;83.709;175.307;1;30;1;0;0;0;1;30;1
2026-04-25 12:15:30;uso_lavaplatos;0;0.36;0.207;0.235;38;38;38;0;29;29;29;0;159.152;65.204;159.495;1;30;1;1;6;1;1;24;1
2026-04-25 12:16:00;uso_lavaplatos;0.262;0.298;0.223;0.23;38;38;38;0;28.133333;28;29;0.345746;111.355;111.355;184.38;1;30;1;1;30;1;1;24;1
2026-04-25 12:16:30;sin_act_cocina_comedor;0;0.293;0.187;0.24;38;38;38;0;28;28;28;0;159.032;64.741;174.587;1;25;1;0;16;1;1;29;1
2026-04-25 12:17:00;sin_act_cocina_comedor;0;0.301;0.201;0.219;37.5;37;38;0.508548;28;28;28;0;158.603;156.014;158.963;1;30;1;0;0;0;1;21;1
2026-04-25 12:17:30;uso_lavaplatos;0;0.312;0.202;0.223;37;37;37;0;28;28;28;0;160.627;64.312;171.98;1;30;1;1;4;1;1;30;1
2026-04-25 12:18:00;sin_act_cocina_comedor;0;0.322;0.205;0.234;37;37;37;0;28;28;28;0;159.101;64.364;160.627;1;30;1;0;5;1;1;26;1
2026-04-25 12:18:30;sin_act_cocina_comedor;0;0.348;0.198;0.233;37;37;37;0;28;28;28;0;174.93;109.211;174.93;1;30;1;0;0;0;1;19;1
2026-04-25 12:19:00;sin_act_cocina_comedor;0;0.283;0.195;0.24;37;37;37;0;28;28;28;0;159.032;110.154;159.152;1;30;1;0;0;0;1;23;1
2026-04-25 12:19:30;sin_act_cocina_comedor;0;0.279;0.218;0.241;37;37;37;0;28;28;28;0;159.118;112.315;159.667;1;29;1;0;0;0;1;20;1
2026-04-25 12:20:00;sin_act_cocina_comedor;0;0.287;0.191;0.221;37;37;37;0;28;28;28;0;159.495;144.523;159.512;1;30;1;0;0;0;1;26;1
2026-04-25 12:20:30;sin_act_cocina_comedor;0;0.303;0.222;0.247;37;37;37;0;28;28;28;0;110.806;64.467;159.049;1;29;1;0;0;0;1;24;1
2026-04-25 12:21:00;sin_act_cocina_comedor;0;0.291;0.193;0.225;37;37;37;0;28;28;28;0;158.895;64.741;169.425;1;30;1;0;0;0;1;20;1
2026-04-25 12:21:30;sin_act_cocina_comedor;0;0.306;0.221;0.227;37;37;37;0;28;28;28;0;159.101;146.29;159.649;1;30;1;0;0;0;1;25;1
2026-04-25 12:22:00;sin_act_cocina_comedor;0;0.283;0.184;0.223;37;37;37;0;28;28;28;0;159.118;64.398;159.684;1;30;1;0;0;0;1;25;1
2026-04-25 12:22:30;sin_act_cocina_comedor;0;0.295;0.182;0.234;37;37;37;0;28;28;28;0;159.392;158.637;159.512;1;30;1;0;0;0;1;25;1
2026-04-25 12:23:00;cocinando;2.146;2.382;17.2;17.2;37;37;37;0;28;28;28;0;159.015;158.586;159.392;1;30;1;0;0;0;0;26;1
2026-04-25 12:23:30;cocinando;2.188;2.261;16.519;17.143;37;37;37;0;28;28;28;0;155.087;154.316;159.049;1;30;1;0;0;0;1;21;1
2026-04-25 12:24:00;cocinando;2.039;2.162;16.662;17.015;37;37;37;0;28;28;28;0;107.462;65.119;159.118;1;30;1;0;4;1;1;29;1
2026-04-25 12:24:30;cocinando;2.102;2.184;16.443;16.822;37;37;37;0;28;28;28;0;159.512;107.205;159.924;1;30;1;0;0;0;1;25;1
2026-04-25 12:25:00;uso_lavaplatos;0;2.163;1.041;16.744;37.3;37;38;0.466092;28;28;28;0;158.946;64.638;161.056;1;30;1;1;8;1;1;25;1
2026-04-25 12:25:30;uso_lavaplatos;0.286;0.29;1.036;1.045;38;38;38;0;28;28;28;0;110.909;64.896;173.112;1;30;1;1;25;1;1;25;1
2026-04-25 12:26:00;cocinando;2.036;2.174;16.413;16.938;38;38;38;0;28;28;28;0;158.809;43.818;159.444;1;30;1;0;15;1;1;22;1
2026-04-25 12:26:30;cocinando;0;2.156;12.583;16.827;38;38;38;0;28;28;28;0;159.804;51.073;161.21;1;30;1;0;0;0;1;28;1
2026-04-25 12:27:00;cocinando;0;0.275;1.007;12.583;38;38;38;0;28;28;28;0;159.324;110.48;175.616;1;30;1;0;0;0;1;20;1
2026-04-25 12:27:30;cocinando;2.045;2.045;16.528;16.528;38;38;38;0;28;28;28;0;158.586;64.844;159.444;1;30;1;0;0;0;1;25;1
2026-04-25 12:28:00;cocinando;2.011;2.156;16.419;17.006;38;38;38;0;28;28;28;0;158.535;64.364;159.409;1;30;1;0;0;0;0;30;1
2026-04-25 12:28:30;sin_act_cocina_comedor;0;2.134;1.002;16.914;38;38;38;0;28;28;28;0;159.049;62.872;159.375;1;30;1;0;0;0;1;23;1
2026-04-25 12:29:00;sin_act_cocina_comedor;0.298;0.298;0;1.032;38;38;38;0;28;28;28;0;158.963;64.793;159.135;1;15;1;0;0;0;1;22;1
2026-04-25 12:29:30;sin_act_cocina_comedor;0;0.301;0.187;0.194;38;38;38;0;28;28;28;0;159.015;64.793;159.392;1;29;1;0;0;0;1;28;1
2026-04-25 12:30:00;sin_act_cocina_comedor;0.268;0.285;0;0.202;38.2;38;39;0.406838;28;28;28;0;159.049;65.17;159.392;1;30;1;0;0;0;1;27;1
2026-04-25 12:30:30;sin_act_cocina_comedor;0;0.268;0;0.225;39;39;39;0;28;28;28;0;159.015;64.312;159.444;1;30;1;0;0;0;1;30;1
2026-04-25 12:31:00;sin_act_cocina_comedor;0;0.332;0;0.202;39;39;39;0;28;28;28;0;159.272;64.793;159.804;1;30;1;0;18;1;1;25;1
2026-04-25 12:31:30;sin_act_cocina_comedor;0;0.281;0.18;0.191;39;39;39;0;28;28;28;0;176.113;64.741;181.687;1;30;1;0;0;0;1;30;1
2026-04-25 12:32:00;sin_act_cocina_comedor;0;0.322;0.179;0.203;39;39;39;0;28;28;28;0;159.444;65.153;176.113;1;30;1;0;0;0;1;28;1
2026-04-25 12:32:30;sin_act_cocina_comedor;0;0.283;0;0.221;39;39;39;0;28;28;28;0;159.392;65.221;159.769;0;21;1;0;0;0;1;27;1
2026-04-25 12:33:00;sin_act_cocina_comedor;0.27;0.299;0;0.197;39;39;39;0;28;28;28;0;158.929;64.656;171.929;1;29;1;0;0;0;1;22;1
2026-04-25 12:33:30;sin_act_cocina_comedor;0.267;0.313;0.174;0.2;39;39;39;0;28;28;28;0;159.804;64.741;159.924;1;30;1;0;0;0;1;29;1
2026-04-25 12:34:00;sin_act_cocina_comedor;0.297;0.3;0;0.197;39;39;39;0;28;28;28;0;158.929;64.415;159.804;1;30;1;0;0;0;0;20;1
2026-04-25 12:34:30;sin_act_cocina_comedor;0.266;0.301;0.192;0.204;39;39;39;0;28;28;28;0;153.218;16.876;238.608;1;30;1;0;0;0;1;25;1
2026-04-25 12:35:00;sin_act_cocina_comedor;0;0.299;0.188;0.191;39;39;39;0;28;28;28;0;76.386;16.447;160.781;1;29;1;0;1;1;1;25;1
2026-04-25 12:35:30;sin_act_cocina_comedor;0.268;0.358;0;0.204;39;39;39;0;28;28;28;0;67.863;42.361;160.25;1;30;1;0;0;0;0;21;1
2026-04-25 12:36:00;sin_act_cocina_comedor;0.269;0.299;0;0.203;39.666667;39;40;0.479463;28;28;28;0;158.98;0.086;159.444;1;30;1;0;0;0;1;29;1
2026-04-25 12:36:30;sin_act_cocina_comedor;0;0.275;0;0.206;40;40;40;0;28;28;28;0;159.324;64.312;159.821;1;30;1;0;4;1;1;25;1
2026-04-25 12:37:00;sin_act_cocina_comedor;0.278;0.278;0;0.196;40;40;40;0;28;28;28;0;24.387;24.387;160.044;1;30;1;0;0;0;1;25;1
2026-04-25 12:37:30;sin_act_cocina_comedor;0;0.285;0.18;0.199;40;40;40;0;28;28;28;0;137.543;58.276;159.341;1;30;1;0;0;0;1;26;1
2026-04-25 12:38:00;sin_act_cocina_comedor;0;0.347;0;0.211;39.7;39;40;0.466092;28;28;28;0;158.912;65.204;159.804;0;27;1;0;0;0;1;25;1
2026-04-25 12:38:30;sin_act_cocina_comedor;0;0.284;0.19;0.2;39;39;39;0;28;28;28;0;64.364;64.364;177.846;0;0;0;0;0;0;1;30;1
2026-04-25 12:39:00;sin_act_cocina_comedor;0;0.287;0;0.233;39;39;39;0;28;28;28;0;159.409;64.312;159.495;0;0;0;0;0;0;1;21;1
2026-04-25 12:39:30;sin_act_cocina_comedor;0;0.295;0.181;0.214;39;39;39;0;28;28;28;0;159.015;38.382;159.924;1;13;1;0;0;0;1;25;1
2026-04-25 12:40:00;sin_act_cocina_comedor;0;0.285;0.174;0.226;39;39;39;0;28;28;28;0;65.582;16.395;160.936;1;30;1;0;7;1;1;25;1
2026-04-25 12:40:30;sin_act_cocina_comedor;0;0.304;0.193;0.209;39.566667;39;40;0.504007;28;28;28;0;159.375;65.187;159.752;1;30;1;0;0;0;1;24;1
2026-04-25 12:41:00;sin_act_cocina_comedor;0;0.302;0.182;0.218;40;40;40;0;28;28;28;0;158.929;64.724;160.335;1;30;1;0;0;0;1;22;1
2026-04-25 12:41:30;sin_act_cocina_comedor;0;0.277;0.219;0.219;39.8;39;40;0.406838;28;28;28;0;155.808;65.204;193.452;1;30;1;0;11;1;1;30;1
2026-04-25 12:42:00;sin_act_cocina_comedor;0.265;0.346;0.194;0.219;39;39;39;0;28;28;28;0;159.289;64.776;179.286;1;30;1;0;0;0;1;25;1
2026-04-25 12:42:30;sin_act_cocina_comedor;0;0.294;0.201;0.201;39;39;39;0;28;28;28;0;158.98;64.741;162.891;1;30;1;0;0;0;1;30;1
2026-04-25 12:43:00;sin_act_cocina_comedor;0.266;0.298;0;0.198;39;39;39;0;28;28;28;0;158.963;77.552;159.426;0;13;1;0;0;0;1;20;1
2026-04-25 12:43:30;sin_act_cocina_comedor;0;0.275;0.182;0.209;39;39;39;0;28;28;28;0;159.341;50.627;192.766;0;0;0;0;0;0;1;25;1
2026-04-25 12:44:00;sin_act_cocina_comedor;0;0.286;0.209;0.21;39;39;39;0;28;28;28;0;159.341;64.844;159.444;0;0;0;0;0;0;1;25;1
2026-04-25 12:44:30;sin_act_cocina_comedor;0;0.31;0.175;0.213;39;39;39;0;28;28;28;0;158.86;64.741;191.6;0;0;0;0;0;0;1;20;1
2026-04-25 12:45:00;sin_act_cocina_comedor;0;0.288;0.184;0.217;39;39;39;0;28;28;28;0;156.785;61.894;168.996;0;0;0;0;0;0;1;30;1
2026-04-25 12:45:30;sin_act_cocina_comedor;0;0.279;0.182;0.207;39;39;39;0;28;28;28;0;158.946;64.415;159.752;0;0;0;0;0;0;1;20;1
2026-04-25 12:46:00;sin_act_cocina_comedor;0;0.309;0.175;0.21;39;39;39;0;28;28;28;0;158.912;78.924;159.341;0;0;0;0;0;0;1;25;1
2026-04-25 12:46:30;sin_act_cocina_comedor;0;0.306;0;0.213;39;39;39;0;28;28;28;0;159.272;158.432;159.735;0;0;0;0;0;0;1;30;1
2026-04-25 12:47:00;sin_act_cocina_comedor;0;0.28;0;0.223;38.233333;38;39;0.430183;28;28;28;0;159.701;78.496;159.701;0;0;0;0;0;0;1;20;1
2026-04-25 12:47:30;sin_act_cocina_comedor;0;0.271;0;0.211;38.766667;38;39;0.430183;28;28;28;0;159.289;77.106;163.457;1;7;1;0;0;0;1;25;1
2026-04-25 12:48:00;sin_act_cocina_comedor;0;0.276;0.178;0.223;39;39;39;0;28;28;28;0;159.221;77.981;166.029;1;30;1;0;0;0;1;25;1
2026-04-25 12:48:30;sin_act_cocina_comedor;0;0.345;0.206;0.214;38.933333;38;39;0.253708;28;28;28;0;158.86;77.226;159.426;0;18;1;0;0;0;1;30;1
2026-04-25 12:49:00;sin_act_cocina_comedor;0.264;0.296;0.174;0.233;38;38;38;0;28;28;28;0;158.912;80.193;159.341;0;0;0;0;0;0;1;23;1
2026-04-25 12:49:30;sin_act_cocina_comedor;0;0.276;0.174;0.216;38;38;38;0;28;28;28;0;158.432;77.981;171.071;0;0;0;0;0;0;1;27;1
2026-04-25 12:50:00;sin_act_cocina_comedor;0.266;0.29;0.174;0.224;38;38;38;0;28;28;28;0;156.734;65.53;159.667;0;0;0;0;0;0;1;23;1
2026-04-25 12:50:30;sin_act_cocina_comedor;0;0.309;0.178;0.229;38;38;38;0;28;28;28;0;156.734;78.821;159.735;0;0;0;0;0;0;1;22;1
2026-04-25 12:51:00;sin_act_cocina_comedor;0;0.274;0.175;0.205;38;38;38;0;28;28;28;0;156.837;65.53;159.221;0;0;0;0;0;0;1;27;1
2026-04-25 12:51:30;sin_act_cocina_comedor;0;0.305;0;0.212;38;38;38;0;28;28;28;0;158.123;77.964;159.667;0;0;0;0;0;0;1;20;1
2026-04-25 12:52:00;sin_act_cocina_comedor;0;0.273;0;0.219;38;38;38;0;28;28;28;0;158.483;64.741;160.078;0;0;0;0;0;0;1;25;1
2026-04-25 12:52:30;sin_act_cocina_comedor;0;0.34;0;0.212;38;38;38;0;28;28;28;0;158.86;78.496;159.701;0;0;0;0;0;0;1;25;1
2026-04-25 12:53:00;sin_act_cocina_comedor;0;0.308;0.179;0.204;38;38;38;0;28;28;28;0;158.483;78.393;169.373;0;0;0;0;0;0;1;22;1
2026-04-25 12:53:30;sin_act_cocina_comedor;0;0.291;0;0.226;38;38;38;0;28;28;28;0;159.272;77.655;159.701;0;0;0;0;0;0;1;28;1
2026-04-25 12:54:00;sin_act_cocina_comedor;0.284;0.295;0;0.218;38;38;38;0;28;28;28;0;156.785;65.959;159.289;0;0;0;0;0;0;1;25;1
2026-04-25 12:54:30;sin_act_cocina_comedor;0;0.287;0;0.21;38;38;38;0;28;28;28;0;158.86;76.609;159.238;0;0;0;0;0;0;1;26;1
2026-04-25 12:55:00;sin_act_cocina_comedor;0.267;0.267;0;0.202;38.6;38;39;0.498273;28;28;28;0;159.701;77.552;159.701;0;0;0;0;0;0;1;21;1
2026-04-25 12:55:30;sin_act_cocina_comedor;0.273;0.286;0;0.202;39;39;39;0;28;28;28;0;158.826;64.793;159.341;0;0;0;0;0;0;1;25;1
2026-04-25 12:56:00;sin_act_cocina_comedor;0;0.286;0.179;0.21;39;39;39;0;28;28;28;0;157.729;76.283;159.169;0;0;0;0;0;0;0;25;1
2026-04-25 12:56:30;sin_act_cocina_comedor;0;0.297;0.18;0.224;39;39;39;0;28;28;28;0;158.432;76.798;159.838;0;0;0;0;0;0;1;23;1
2026-04-25 12:57:00;sin_act_cocina_comedor;0;0.299;0;0.212;39;39;39;0;28;28;28;0;78.924;78.924;159.238;0;0;0;0;0;0;0;22;1
2026-04-25 12:57:30;sin_act_cocina_comedor;0.269;0.301;0.182;0.216;39;39;39;0;28;28;28;0;159.341;77.552;159.341;0;0;0;0;0;0;1;25;1
2026-04-25 12:58:00;sin_act_cocina_comedor;0;0.336;0.194;0.224;39;39;39;0;28;28;28;0;158.86;155.893;159.701;0;0;0;0;0;0;1;25;1
2026-04-25 12:58:30;sin_act_cocina_comedor;0.266;0.283;0.197;0.221;39;39;39;0;28;28;28;0;157.266;65.221;159.324;0;0;0;0;0;0;1;19;1
2026-04-25 12:59:00;sin_act_cocina_comedor;0;0.32;0.176;0.222;39;39;39;0;28;28;28;0;158.517;78.496;159.752;0;0;0;0;0;0;1;24;1
2026-04-25 12:59:30;sin_act_cocina_comedor;0;0.287;0.186;0.212;39;39;39;0;28;28;28;0;156.854;76.695;159.341;0;0;0;0;0;0;1;26;1
2026-04-25 13:00:00;sin_act_cocina_comedor;0;0.288;0.179;0.212;39;39;39;0;28;28;28;0;158.809;78.393;164.932;0;0;0;0;0;0;1;25;1
2026-04-25 13:00:30;sin_act_cocina_comedor;0;0.295;0.174;0.206;39;39;39;0;28;28;28;0;158.895;158.792;159.272;0;0;0;0;0;0;1;25;1
2026-04-25 13:01:00;sin_act_cocina_comedor;0.276;0.294;0.185;0.2;39;39;39;0;28;28;28;0;158.895;65.153;159.324;0;0;0;0;0;0;1;30;1
2026-04-25 13:01:30;sin_act_cocina_comedor;0;0.297;0.18;0.203;39;39;39;0;28;28;28;0;158.432;75.854;159.752;0;0;0;0;0;0;1;25;1
2026-04-25 13:02:00;sin_act_cocina_comedor;0;0.296;0.192;0.213;39;39;39;0;28;28;28;0;158.878;65.204;189.079;0;0;0;0;0;0;1;30;1
2026-04-25 13:02:30;sin_act_cocina_comedor;0;0.264;0;0.2;39;39;39;0;28;28;28;0;160.85;78.393;180.058;0;0;0;0;0;0;1;30;1
2026-04-25 13:03:00;sin_act_cocina_comedor;0;0.287;0;0.188;39;39;39;0;28;28;28;0;158.38;77.981;160.85;0;0;0;0;0;0;1;19;1
2026-04-25 13:03:30;sin_act_cocina_comedor;0;0.295;0;0.214;39;39;39;0;28;28;28;0;156.871;77.981;159.289;0;0;0;0;0;0;1;0;0
2026-04-25 13:04:00;sin_act_cocina_comedor;0;0.285;0.177;0.221;39;39;39;0;28;28;28;0;159.735;76.781;159.804;0;0;0;0;0;0;1;0;0
2026-04-25 13:04:30;sin_act_cocina_comedor;0;0.283;0.201;0.202;39;39;39;0;28;28;28;0;155.928;77.226;159.735;0;0;0;0;0;0;1;15;1
2026-04-25 13:05:00;sin_act_cocina_comedor;0;0.285;0.185;0.215;39;39;39;0;28;28;28;0;156.357;77.226;159.752;0;0;0;0;0;0;1;25;1
2026-04-25 13:05:30;sin_act_cocina_comedor;0;0.303;0.177;0.228;39;39;39;0;28;28;28;0;156.734;77.552;173.764;0;0;0;0;0;0;1;25;1
2026-04-25 13:06:00;sin_act_cocina_comedor;0.265;0.303;0.178;0.222;39;39;39;0;28;28;28;0;159.272;76.695;159.615;0;0;0;0;0;0;1;25;1
2026-04-25 13:06:30;sin_act_cocina_comedor;0;0.355;0.187;0.211;39;39;39;0;28;28;28;0;156.357;132.672;158.895;0;0;0;0;0;0;1;20;1
2026-04-25 13:07:00;sin_act_cocina_comedor;0;0.302;0.184;0.213;39;39;39;0;28;28;28;0;78.821;65.067;187.329;0;0;0;0;0;0;1;25;1
2026-04-25 13:07:30;sin_act_cocina_comedor;0;0.31;0.191;0.222;39;39;39;0;28;28;28;0;156.802;65.53;159.289;0;0;0;0;0;0;0;30;1
2026-04-25 13:08:00;sin_act_cocina_comedor;0;0.303;0;0.215;39.633333;39;40;0.490133;28;28;28;0;77.552;65.959;160.078;0;0;0;0;0;0;1;25;1
2026-04-25 13:08:30;sin_act_cocina_comedor;0;0.303;0.183;0.209;40;40;40;0;28;28;28;0;159.289;65.959;162.342;0;0;0;0;0;0;1;21;1
2026-04-25 13:09:00;sin_act_cocina_comedor;0;0.291;0.178;0.221;40;40;40;0;28;28;28;0;159.649;65.479;181.721;0;0;0;0;0;0;1;24;1
2026-04-25 13:09:30;sin_act_cocina_comedor;0;0.296;0;0.212;40;40;40;0;28;28;28;0;156.734;60.419;160.13;0;0;0;0;0;0;1;30;1
2026-04-25 13:10:00;sin_act_cocina_comedor;0.279;0.298;0.187;0.211;40;40;40;0;28;28;28;0;77.432;69.56;159.684;0;0;0;0;0;0;1;25;1
2026-04-25 13:10:30;sin_act_cocina_comedor;0.317;0.317;0.183;0.205;40;40;40;0;28;28;28;0;154.521;66.319;159.289;0;0;0;0;0;0;1;20;1
2026-04-25 13:11:00;sin_act_cocina_comedor;0;0.317;0;0.229;40;40;40;0;28;28;28;0;137.8;76.249;159.787;0;0;0;0;0;0;1;25;1
2026-04-25 13:11:30;sin_act_cocina_comedor;0.286;0.287;0;0.204;40;40;40;0;28;28;28;0;160.027;78.084;161.159;0;0;0;0;0;0;1;24;1
2026-04-25 13:12:00;sin_act_cocina_comedor;0;0.303;0;0.22;40;40;40;0;28;28;28;0;78.821;65.101;167.264;0;0;0;0;0;0;1;25;1
2026-04-25 13:12:30;sin_act_cocina_comedor;0;0.286;0;0.216;40;40;40;0;28;28;28;0;159.649;64.638;160.009;0;0;0;0;0;0;1;25;1
2026-04-25 13:13:00;sin_act_cocina_comedor;0;0.3;0.182;0.204;40;40;40;0;28;28;28;0;156.751;47.831;159.667;0;0;0;0;0;0;1;25;1
2026-04-25 13:13:30;sin_act_cocina_comedor;0;0.298;0.185;0.226;40;40;40;0;28;28;28;0;158.62;64.21;159.598;1;8;1;0;0;0;1;29;1
2026-04-25 13:14:00;sin_act_cocina_comedor;0;0.281;0.184;0.208;40;40;40;0;28;28;28;0;157.883;40.525;160.936;1;30;1;0;2;1;1;21;1
2026-04-25 13:14:30;cocinando;2.213;2.29;16.837;17.29;40;40;40;0;28;28;28;0;81.051;65.05;159.615;1;30;1;0;0;0;1;25;1
2026-04-25 13:15:00;cocinando;2.104;2.235;16.897;16.903;40;40;40;0;28.8;28;29;0.406838;159.221;12.211;160.421;1;30;1;0;5;1;1;25;1
2026-04-25 13:15:30;sin_act_cocina_comedor;2.104;2.14;16.386;16.848;39.9;39;40;0.305129;29;29;29;0;65.513;64.158;168.653;1;30;1;1;8;1;0;25;1
2026-04-25 13:16:00;sin_act_cocina_comedor;1.907;2.142;16.198;16.873;39;39;39;0;29;29;29;0;159.238;54.468;159.735;1;30;1;1;30;1;1;25;1
2026-04-25 13:16:30;uso_lavaplatos;0.27;1.915;0.978;16.213;39;39;39;0;29;29;29;0;160.061;64.518;160.13;1;30;1;1;20;1;1;20;1
2026-04-25 13:17:00;sin_act_cocina_comedor;0.27;0.319;1.007;1.015;39;39;39;0;29;29;29;0;65.05;47.3;195.939;1;30;1;0;11;1;1;25;1
2026-04-25 13:17:30;cocinando;2.008;2.07;16.34;16.902;39;39;39;0;29;29;29;0;159.152;64.947;168.07;1;30;1;0;0;0;1;25;1
2026-04-25 13:18:00;sin_act_cocina_comedor;0.306;2.014;1.012;16.732;39;39;39;0;29;29;29;0;159.649;21.317;159.649;1;30;1;0;0;0;1;25;1
2026-04-25 13:18:30;sin_act_cocina_comedor;0.299;0.299;0.98;1.017;39;39;39;0;29;29;29;0;158.655;30.973;159.649;1;30;1;0;1;1;1;30;1
2026-04-25 13:19:00;sin_act_cocina_comedor;0.292;0.321;0.176;1.019;39;39;39;0;29;29;29;0;152.961;42.875;160.798;1;30;1;0;4;1;1;20;1
2026-04-25 13:19:30;cocinando;7.503;7.677;0;0.204;39;39;39;0;29;29;29;0;155.379;64.793;161.364;1;30;1;0;0;0;1;25;1
2026-04-25 13:20:00;cocinando;7.355;7.615;0.178;0.218;39;39;39;0;29;29;29;0;154.882;65.05;159.203;1;30;1;0;0;0;1;25;1
2026-04-25 13:20:30;sin_act_cocina_comedor;0.304;7.473;0;0.205;39;39;39;0;29;29;29;0;158.655;49.255;173.592;1;30;1;0;0;0;1;21;1
2026-04-25 13:21:00;sin_act_cocina_comedor;0.289;0.345;0.191;0.215;39;39;39;0;29;29;29;0;69.56;65.427;172.992;1;30;1;0;0;0;1;29;1
2026-04-25 13:21:30;sin_act_cocina_comedor;0.293;0.34;0.18;0.234;39;39;39;0;29;29;29;0;155.19;63.678;166.424;1;30;1;0;0;0;1;20;1
2026-04-25 13:22:00;sin_act_cocina_comedor;0.285;0.334;0.217;0.219;39;39;39;0;29;29;29;0;155.276;64.998;155.362;1;30;1;0;0;0;1;25;1
2026-04-25 13:22:30;sin_act_cocina_comedor;0.298;0.325;0.202;0.22;39;39;39;0;29.933333;29;30;0.253708;154.093;64.535;182.613;0;10;1;0;0;0;1;24;1
2026-04-25 13:23:00;sin_act_cocina_comedor;0.285;0.331;0.182;0.236;38.766667;38;39;0.430183;30;30;30;0;65.101;65.101;156.528;0;0;0;0;0;0;1;25;1
2026-04-25 13:23:30;sin_act_cocina_comedor;0.285;0.338;0.206;0.215;38;38;38;0;29.1;29;30;0.305129;155.002;54.588;155.362;0;0;0;0;0;0;1;30;1
2026-04-25 13:24:00;sin_act_cocina_comedor;0.324;0.365;0.194;0.225;38;38;38;0;29;29;29;0;154.899;64.141;155.362;0;0;0;0;0;0;1;20;1
2026-04-25 13:24:30;sin_act_cocina_comedor;0.31;0.325;0.197;0.22;38;38;38;0;29;29;29;0;137.149;67.863;156.357;0;0;0;0;0;0;0;25;1
2026-04-25 13:25:00;sin_act_cocina_comedor;0.28;0.329;0.204;0.219;38;38;38;0;29;29;29;0;155.945;68.72;173.284;0;0;0;0;0;0;1;25;1
2026-04-25 13:25:30;sin_act_cocina_comedor;0.31;0.318;0.191;0.216;38;38;38;0;29;29;29;0;156.082;155.002;156.374;0;0;0;0;0;0;1;23;1
2026-04-25 13:26:00;sin_act_cocina_comedor;0.266;0.316;0.199;0.233;38;38;38;0;29;29;29;0;156.357;67.914;156.357;0;0;0;0;0;0;1;22;1
2026-04-25 13:26:30;sin_act_cocina_comedor;0.309;0.317;0.21;0.226;38;38;38;0;29;29;29;0;155.43;108.782;196.693;0;0;0;0;0;0;1;23;1
2026-04-25 13:27:00;sin_act_cocina_comedor;0.282;0.318;0.191;0.239;38;38;38;0;29;29;29;0;155.928;70.538;156.494;0;0;0;0;0;0;1;25;1
2026-04-25 13:27:30;sin_act_cocina_comedor;0.293;0.331;0.183;0.221;38;38;38;0;29;29;29;0;155.533;69.286;182.699;0;0;0;0;0;0;1;21;1
2026-04-25 13:28:00;sin_act_cocina_comedor;0.284;0.336;0.176;0.209;38;38;38;0;29;29;29;0;155.928;69.2;156.339;0;0;0;0;0;0;1;25;1
2026-04-25 13:28:30;sin_act_cocina_comedor;0.294;0.347;0.198;0.203;38;38;38;0;29;29;29;0;88.563;69.612;156.271;0;0;0;0;0;0;1;20;1
2026-04-25 13:29:00;sin_act_cocina_comedor;0.269;0.312;0.198;0.217;38;38;38;0;29;29;29;0;155.808;51.776;201.838;0;0;0;0;0;0;1;29;1
2026-04-25 13:29:30;sin_act_cocina_comedor;0.285;0.337;0.182;0.222;38;38;38;0;29;29;29;0;154.693;113.704;174.227;0;0;0;0;0;0;1;21;1
2026-04-25 13:30:00;sin_act_cocina_comedor;0.294;0.316;0.223;0.226;38;38;38;0;29;29;29;0;155.928;68.24;156.271;0;0;0;0;0;0;1;25;1
2026-04-25 13:30:30;sin_act_cocina_comedor;0;0.311;0.188;0.217;38;38;38;0;29;29;29;0;155.791;68.394;156.014;1;17;1;0;0;0;1;30;1
2026-04-25 13:31:00;uso_lavaplatos;0.293;0.358;0.191;0.216;38;38;38;0;29;29;29;0;155.825;64.69;156.305;1;30;1;1;12;1;1;25;1
2026-04-25 13:31:30;uso_lavaplatos;0.278;0.312;0.195;0.203;38;38;38;0;29;29;29;0;155.791;68.754;158.706;1;30;1;1;8;1;1;25;1
2026-04-25 13:32:00;sin_act_cocina_comedor;0.295;0.308;0.213;0.213;38;38;38;0;29;29;29;0;154.95;29.635;202.456;1;26;1;0;9;1;1;28;1
2026-04-25 13:32:30;sin_act_cocina_comedor;0.277;0.336;0.179;0.213;38;38;38;0;29;29;29;0;155.053;110.618;180.761;1;30;1;0;0;0;1;25;1
2026-04-25 13:33:00;sin_act_cocina_comedor;0.31;0.314;0.183;0.246;38;38;38;0;29;29;29;0;155.876;64.21;155.945;0;13;1;0;0;0;1;25;1
2026-04-25 13:33:30;sin_act_cocina_comedor;0.286;0.344;0;0.208;38;38;38;0;29;29;29;0;155.876;68.394;156.374;0;0;0;0;0;0;1;28;1
2026-04-25 13:34:00;sin_act_cocina_comedor;0.266;0.321;0;0.21;38;38;38;0;29;29;29;0;155.087;68.24;182.819;0;0;0;0;0;0;1;22;1
2026-04-25 13:34:30;sin_act_cocina_comedor;0.311;0.362;0.184;0.217;38;38;38;0;29;29;29;0;155.465;69.286;159.975;0;0;0;0;0;0;1;20;1
2026-04-25 13:35:00;sin_act_cocina_comedor;0.275;0.318;0.175;0.212;38;38;38;0;29;29;29;0;154.144;67.914;158.432;0;0;0;0;0;0;1;25;1
2026-04-25 13:35:30;sin_act_cocina_comedor;0.305;0.323;0.181;0.215;38;38;38;0;29;29;29;0;155.139;68.24;155.859;0;0;0;0;0;0;1;25;1
2026-04-25 13:36:00;sin_act_cocina_comedor;0.285;0.333;0.188;0.228;38;38;38;0;29;29;29;0;157.334;68.291;157.334;0;0;0;0;0;0;1;25;1
2026-04-25 13:36:30;sin_act_cocina_comedor;0.272;0.323;0.177;0.21;38;38;38;0;29;29;29;0;155.516;67.502;157.334;0;0;0;0;0;0;1;20;1
2026-04-25 13:37:00;sin_act_cocina_comedor;0.318;0.318;0.195;0.232;38;38;38;0;29;29;29;0;155.911;68.291;185.7;0;0;0;0;0;0;1;25;1
2026-04-25 13:37:30;sin_act_cocina_comedor;0.262;0.316;0.178;0.209;38;38;38;0;29;29;29;0;155.002;64.261;155.928;0;0;0;0;0;0;1;25;1
2026-04-25 13:38:00;sin_act_cocina_comedor;0.283;0.335;0.191;0.217;38;38;38;0;29;29;29;0;155.053;68.823;155.893;0;0;0;0;0;0;1;25;1
2026-04-25 13:38:30;sin_act_cocina_comedor;0.3;0.32;0.196;0.216;38;38;38;0;29;29;29;0;155.396;63.712;155.911;0;0;0;0;0;0;1;25;1
2026-04-25 13:39:00;sin_act_cocina_comedor;0.276;0.313;0.194;0.216;38;38;38;0;29;29;29;0;155.087;67.571;190.056;0;0;0;0;0;0;1;20;1
2026-04-25 13:39:30;sin_act_cocina_comedor;0.276;0.317;0.18;0.233;38;38;38;0;29;29;29;0;155.482;68.343;155.825;0;0;0;0;0;0;1;25;1
2026-04-25 13:40:00;sin_act_cocina_comedor;0.279;0.328;0.182;0.22;38;38;38;0;29;29;29;0;68.874;68.291;155.962;0;0;0;0;0;0;1;25;1
2026-04-25 13:40:30;sin_act_cocina_comedor;0.286;0.331;0.178;0.222;38;38;38;0;29;29;29;0;155.465;68.411;163.337;0;0;0;0;0;0;1;26;1
2026-04-25 13:41:00;sin_act_cocina_comedor;0.303;0.352;0;0.219;38.833333;38;39;0.379049;29;29;29;0;152.515;68.857;156.339;0;0;0;0;0;0;0;23;1
2026-04-25 13:41:30;sin_act_cocina_comedor;0.283;0.308;0.189;0.219;39;39;39;0;29;29;29;0;155.465;68.36;156.374;0;0;0;0;0;0;1;25;1
2026-04-25 13:42:00;sin_act_cocina_comedor;0.265;0.325;0;0.226;39;39;39;0;29;29;29;0;155.911;67.863;156.288;0;0;0;0;0;0;1;24;1
2026-04-25 13:42:30;sin_act_cocina_comedor;0;0.305;0;0.217;39;39;39;0;29;29;29;0;155.053;68.823;156.031;0;0;0;0;0;0;1;21;1
2026-04-25 13:43:00;uso_lavaplatos;0.278;0.318;0.189;0.211;39;39;39;0;29;29;29;0;154.865;65.119;156.682;1;30;1;1;7;1;1;28;1
2026-04-25 13:43:30;uso_lavaplatos;0.267;0.321;0.177;0.203;39;39;39;0;28.233333;28;29;0.430183;155.259;68.326;166.629;1;30;1;1;30;1;1;26;1
2026-04-25 13:44:00;sin_act_cocina_comedor;0.298;0.298;0;0.212;39;39;39;0;28.4;28;29;0.498273;154.041;70.023;167.144;1;30;1;0;1;1;1;25;1
2026-04-25 13:44:30;sin_act_cocina_comedor;0.284;0.304;0.179;0.204;39;39;39;0;29;29;29;0;154.642;153.63;155.002;1;30;1;0;0;0;1;30;1
2026-04-25 13:45:00;sin_act_cocina_comedor;0.287;0.335;0.205;0.205;39;39;39;0;29;29;29;0;155.362;68.823;155.533;0;11;1;0;0;0;1;25;1
2026-04-25 13:45:30;sin_act_cocina_comedor;0.27;0.301;0.177;0.214;39;39;39;0;29;29;29;0;155.396;68.754;155.825;0;0;0;0;0;0;1;24;1
2026-04-25 13:46:00;sin_act_cocina_comedor;0.279;0.305;0.194;0.215;39;39;39;0;28.633333;28;29;0.490133;154.521;68.754;155.876;0;0;0;0;0;0;1;23;1
2026-04-25 13:46:30;sin_act_cocina_comedor;0.302;0.319;0.179;0.223;39;39;39;0;28;28;28;0;155.482;109.108;155.482;0;0;0;0;0;0;0;25;1
2026-04-25 13:47:00;sin_act_cocina_comedor;0.3;0.314;0.177;0.209;39;39;39;0;28;28;28;0;155.448;70.126;165.052;0;0;0;0;0;0;1;25;1
2026-04-25 13:47:30;sin_act_cocina_comedor;0.271;0.326;0.177;0.205;39;39;39;0;28;28;28;0;109.023;69.183;155.893;0;0;0;0;0;0;1;24;1
2026-04-25 13:48:00;sin_act_cocina_comedor;0.272;0.329;0.175;0.218;39.966667;39;40;0.182574;28;28;28;0;155.448;69.68;155.808;0;0;0;0;0;0;0;21;1
2026-04-25 13:48:30;sin_act_cocina_comedor;0.29;0.319;0;0.201;40;40;40;0;28;28;28;0;155.396;67.811;155.859;0;0;0;0;0;0;1;25;1
2026-04-25 13:49:00;sin_act_cocina_comedor;0.279;0.301;0.18;0.216;40;40;40;0;28;28;28;0;155.448;64.69;193.075;0;0;0;0;0;0;1;25;1
2026-04-25 13:49:30;sin_act_cocina_comedor;0.278;0.293;0.197;0.197;40;40;40;0;28;28;28;0;69.149;69.149;171.466;0;0;0;0;0;0;1;25;1
2026-04-25 13:50:00;sin_act_cocina_comedor;0.286;0.293;0;0.206;40;40;40;0;28;28;28;0;155.396;68.24;155.996;0;0;0;0;0;0;1;29;1
2026-04-25 13:50:30;sin_act_cocina_comedor;0.29;0.313;0.205;0.218;40;40;40;0;28;28;28;0;155.396;68.394;155.928;0;0;0;0;0;0;1;21;1
2026-04-25 13:51:00;sin_act_cocina_comedor;0.264;0.322;0.203;0.213;40;40;40;0;28;28;28;0;155.362;67.965;162.702;0;0;0;0;0;0;1;25;1
2026-04-25 13:51:30;sin_act_cocina_comedor;0.293;0.304;0.194;0.219;40;40;40;0;28;28;28;0;155.43;69.68;155.893;1;29;1;0;0;0;1;24;1
2026-04-25 13:52:00;sin_act_cocina_comedor;0.278;0.3;0.175;0.232;39.8;39;40;0.406838;28;28;28;0;154.933;69.252;155.911;0;22;1;0;0;0;1;21;1
2026-04-25 13:52:30;sin_act_cocina_comedor;0.268;0.287;0.19;0.217;39;39;39;0;28;28;28;0;154.453;68.343;155.482;0;0;0;0;0;0;1;30;1
2026-04-25 13:53:00;sin_act_cocina_comedor;0.302;0.311;0.182;0.224;39;39;39;0;28;28;28;0;154.573;64.57;155.036;0;0;0;0;0;0;1;20;1
2026-04-25 13:53:30;sin_act_cocina_comedor;0.276;0.307;0.202;0.222;39;39;39;0;28;28;28;0;154.521;64.69;154.882;0;0;0;0;0;0;1;25;1
2026-04-25 13:54:00;sin_act_cocina_comedor;0.264;0.31;0.203;0.213;39;39;39;0;28;28;28;0;153.287;51.176;155.465;0;0;0;0;0;0;0;30;1
2026-04-25 13:54:30;sin_act_cocina_comedor;0.262;0.371;0.212;0.225;39;39;39;0;28;28;28;0;154.95;68.823;155.859;0;0;0;0;0;0;1;20;1
2026-04-25 13:55:00;sin_act_cocina_comedor;0.273;0.319;0.188;0.219;39;39;39;0;28;28;28;0;68.291;65.153;200.038;0;0;0;0;0;0;1;30;1
2026-04-25 13:55:30;sin_act_cocina_comedor;0.291;0.324;0.197;0.219;39;39;39;0;28;28;28;0;154.521;68.754;155.396;0;0;0;0;0;0;1;23;1
2026-04-25 13:56:00;sin_act_cocina_comedor;0.265;0.309;0.198;0.234;39;39;39;0;28;28;28;0;154.539;68.326;210.293;0;0;0;0;0;0;0;25;1
2026-04-25 13:56:30;sin_act_cocina_comedor;0.279;0.324;0.22;0.221;39;39;39;0;28;28;28;0;154.95;64.535;154.95;0;0;0;0;0;0;1;24;1
2026-04-25 13:57:00;sin_act_cocina_comedor;0;0.303;0;0.23;39;39;39;0;28;28;28;0;154.504;63.781;154.95;0;0;0;0;0;0;0;22;1
2026-04-25 13:57:30;sin_act_cocina_comedor;0.262;0.328;0.197;0.208;39;39;39;0;28.033333;28;29;0.182574;154.47;65.101;155.362;0;0;0;0;0;0;1;28;1
2026-04-25 13:58:00;sin_act_cocina_comedor;0;0.289;0.189;0.21;39;39;39;0;29;29;29;0;154.007;65.582;155.448;0;0;0;0;0;0;1;20;1
2026-04-25 13:58:30;sin_act_cocina_comedor;0.293;0.296;0.193;0.221;39;39;39;0;29;29;29;0;154.521;64.21;198.871;0;0;0;0;0;0;1;24;1
2026-04-25 13:59:00;sin_act_cocina_comedor;0.311;0.327;0.19;0.218;39;39;39;0;28.666667;28;29;0.479463;154.007;50.215;155.345;0;0;0;0;0;0;1;30;1
2026-04-25 13:59:30;sin_act_cocina_comedor;0.288;0.296;0.207;0.215;39;39;39;0;29;29;29;0;154.024;68.326;175.582;0;0;0;0;0;0;0;23;1
2026-04-25 14:00:00;sin_act_cocina_comedor;0;0.334;0.22;0.236;39;39;39;0;29;29;29;0;153.149;64.57;155.242;0;0;0;0;0;0;1;27;1
2026-04-25 14:00:30;sin_act_cocina_comedor;0.314;0.314;0.204;0.232;39;39;39;0;29;29;29;0;153.664;149.719;154.882;0;0;0;0;0;0;1;19;1
2026-04-25 14:01:00;sin_act_cocina_comedor;0;0.303;0.184;0.229;39;39;39;0;29;29;29;0;154.041;68.291;154.436;0;0;0;0;0;0;1;25;1
2026-04-25 14:01:30;sin_act_cocina_comedor;0;0.298;0.196;0.218;39;39;39;0;28.433333;28;29;0.504007;154.35;64.621;154.967;0;0;0;0;0;0;1;25;1
2026-04-25 14:02:00;sin_act_cocina_comedor;0.271;0.328;0.204;0.223;39;39;39;0;28.866667;28;29;0.345746;154.453;68.291;154.83;0;0;0;0;0;0;0;24;1
2026-04-25 14:02:30;sin_act_cocina_comedor;0.285;0.334;0.221;0.257;39;39;39;0;29;29;29;0;68.308;68.308;155.345;0;0;0;0;0;0;1;26;1
2026-04-25 14:03:00;sin_act_cocina_comedor;0.281;0.298;0.211;0.234;39;39;39;0;29;29;29;0;154.967;65.05;163.645;0;0;0;0;0;0;1;20;1
2026-04-25 14:03:30;sin_act_cocina_comedor;0;0.302;0.183;0.239;39;39;39;0;29;29;29;0;154.865;64.158;155.053;0;0;0;0;0;0;1;25;1
2026-04-25 14:04:00;sin_act_cocina_comedor;0;0.284;0.194;0.229;39;39;39;0;29;29;29;0;152.772;46.185;164.194;0;0;0;0;0;0;1;28;1
2026-04-25 14:04:30;sin_act_cocina_comedor;0.274;0.311;0.202;0.23;39;39;39;0;29;29;29;0;153.252;68.326;154.916;0;0;0;0;0;0;1;24;1
2026-04-25 14:05:00;sin_act_cocina_comedor;0;0.306;0.181;0.232;39;39;39;0;29;29;29;0;154.916;67.965;154.916;0;0;0;0;0;0;1;23;1
2026-04-25 14:05:30;sin_act_cocina_comedor;0.284;0.307;0.23;0.236;39;39;39;0;29;29;29;0;154.521;50.901;154.865;0;0;0;0;0;0;0;19;1
2026-04-25 14:06:00;sin_act_cocina_comedor;0.273;0.323;0.205;0.235;39;39;39;0;29;29;29;0;154.47;64.261;171.328;0;0;0;0;0;0;1;24;1
2026-04-25 14:06:30;sin_act_cocina_comedor;0.29;0.296;0.196;0.245;39;39;39;0;29;29;29;0;154.47;68.326;154.539;0;0;0;0;0;0;1;25;1
2026-04-25 14:07:00;sin_act_cocina_comedor;0.302;0.302;0.188;0.23;39;39;39;0;29;29;29;0;154.024;67.88;154.916;0;0;0;0;0;0;1;25;1
2026-04-25 14:07:30;sin_act_cocina_comedor;0.272;0.323;0.199;0.24;39;39;39;0;29;29;29;0;153.63;64.261;156.065;0;0;0;0;0;0;1;25;1
2026-04-25 14:08:00;sin_act_cocina_comedor;0.282;0.294;0.213;0.24;39;39;39;0;29;29;29;0;154.607;64.621;154.985;0;0;0;0;0;0;1;26;1
2026-04-25 14:08:30;sin_act_cocina_comedor;0.265;0.304;0.186;0.216;39;39;39;0;29;29;29;0;154.573;68.754;161.33;0;0;0;0;0;0;1;23;1
2026-04-25 14:09:00;sin_act_cocina_comedor;0.267;0.315;0.215;0.232;39;39;39;0;29;29;29;0;148.227;64.69;155.31;0;0;0;0;0;0;0;25;1
2026-04-25 14:09:30;sin_act_cocina_comedor;0.264;0.306;0.176;0.228;39;39;39;0;29;29;29;0;154.573;69.063;155.362;0;0;0;0;0;0;1;24;1
2026-04-25 14:10:00;sin_act_cocina_comedor;0;0.364;0.186;0.25;39;39;39;0;29;29;29;0;154.47;68.823;154.796;0;0;0;0;0;0;0;25;1
2026-04-25 14:10:30;sin_act_cocina_comedor;0.311;0.317;0.189;0.234;39;39;39;0;29;29;29;0;153.99;69.492;155.002;0;0;0;0;0;0;1;30;1
2026-04-25 14:11:00;sin_act_cocina_comedor;0.302;0.316;0.198;0.203;39;39;39;0;28.4;28;29;0.498273;154.11;69.149;154.419;0;0;0;0;0;0;1;23;1
2026-04-25 14:11:30;sin_act_cocina_comedor;0.286;0.306;0.199;0.219;39;39;39;0;28;28;28;0;154.453;69.149;154.813;0;0;0;0;0;0;1;22;1
2026-04-25 14:12:00;sin_act_cocina_comedor;0.286;0.346;0.226;0.243;39;39;39;0;28;28;28;0;69.183;64.518;154.487;0;0;0;0;0;0;1;30;1
2026-04-25 14:12:30;sin_act_cocina_comedor;0.306;0.332;0.219;0.242;39;39;39;0;28;28;28;0;69.629;64.621;199.111;0;0;0;0;0;0;0;20;1
2026-04-25 14:13:00;sin_act_cocina_comedor;0.291;0.339;0.228;0.24;39;39;39;0;28.9;28;29;0.305129;70.006;67.983;154.882;0;0;0;0;0;0;1;25;1
2026-04-25 14:13:30;sin_act_cocina_comedor;0.307;0.307;0.234;0.234;39;39;39;0;28.1;28;29;0.305129;152.772;65.136;155.31;0;0;0;0;0;0;0;30;1
2026-04-25 14:14:00;sin_act_cocina_comedor;0.282;0.342;0.19;0.238;39;39;39;0;28.896552;28;29;0.309934;68.754;67.88;175.719;0;0;0;0;0;0;1;25;1
2026-04-25 14:14:30;sin_act_cocina_comedor;0.313;0.313;0.206;0.233;39;39;39;0;29;29;29;0;154.521;64.261;154.573;0;0;0;0;0;0;1;28;1
2026-04-25 14:15:00;sin_act_cocina_comedor;0.283;0.348;0.196;0.218;39;39;39;0;28.133333;28;29;0.345746;154.47;65.101;154.95;0;0;0;0;0;0;1;23;1
2026-04-25 14:15:30;sin_act_cocina_comedor;0;0.3;0.209;0.245;39;39;39;0;28.466667;28;29;0.507416;154.11;65.376;155.002;0;0;0;0;0;0;1;24;1
2026-04-25 14:16:00;sin_act_cocina_comedor;0.332;0.377;0.199;0.246;39;39;39;0;29;29;29;0;153.99;64.587;154.967;0;0;0;0;0;0;0;25;1
2026-04-25 14:16:30;sin_act_cocina_comedor;0.275;0.332;0.187;0.229;39;39;39;0;29;29;29;0;68.377;64.621;154.882;0;0;0;0;0;0;1;20;1
2026-04-25 14:17:00;sin_act_cocina_comedor;0;0.328;0.199;0.238;39;39;39;0;29;29;29;0;153.578;68.446;154.967;0;0;0;0;0;0;1;30;1
2026-04-25 14:17:30;sin_act_cocina_comedor;0.274;0.302;0.192;0.219;39;39;39;0;28.566667;28;29;0.504007;154.47;64.69;154.899;0;0;0;0;0;0;1;19;1
2026-04-25 14:18:00;sin_act_cocina_comedor;0;0.31;0.2;0.253;39;39;39;0;28;28;28;0;154.024;64.741;154.967;0;0;0;0;0;0;1;30;1
2026-04-25 14:18:30;sin_act_cocina_comedor;0.287;0.316;0.194;0.23;39;39;39;0;28;28;28;0;154.865;67.88;154.865;0;0;0;0;0;0;1;25;1
2026-04-25 14:19:00;sin_act_cocina_comedor;0.273;0.301;0.199;0.227;39;39;39;0;28;28;28;0;154.521;64.21;154.985;1;1;1;0;0;0;1;25;1
2026-04-25 14:19:30;sin_act_cocina_comedor;0.27;0.302;0.212;0.231;39;39;39;0;28;28;28;0;154.419;64.244;155.773;1;30;1;0;0;0;1;24;1
2026-04-25 14:20:00;sin_act_cocina_comedor;0.282;0.318;0.194;0.236;39;39;39;0;28;28;28;0;154.556;64.21;154.95;1;30;1;0;0;0;1;20;1
2026-04-25 14:20:30;sin_act_cocina_comedor;0.272;0.32;0.19;0.244;39;39;39;0;28;28;28;0;154.521;65.05;177.28;1;30;1;0;0;0;1;28;1
2026-04-25 14:21:00;sin_act_cocina_comedor;0.262;0.315;0.193;0.214;39;39;39;0;28;28;28;0;154.436;67.88;155.002;0;14;1;0;0;0;1;22;1
2026-04-25 14:21:30;sin_act_cocina_comedor;0.284;0.335;0.21;0.232;39;39;39;0;28;28;28;0;154.436;63.901;155.053;0;0;0;0;0;0;1;25;1
2026-04-25 14:22:00;sin_act_cocina_comedor;0.27;0.298;0.224;0.224;39;39;39;0;28;28;28;0;154.453;67.914;157.746;0;0;0;0;0;0;1;25;1
2026-04-25 14:22:30;sin_act_cocina_comedor;0;0.293;0.177;0.226;39;39;39;0;28;28;28;0;154.419;64.192;154.916;0;0;0;0;0;0;1;21;1
2026-04-25 14:23:00;sin_act_cocina_comedor;0;0.296;0.182;0.203;39;39;39;0;28;28;28;0;153.492;68.188;196.23;0;0;0;0;0;0;1;30;1
2026-04-25 14:23:30;sin_act_cocina_comedor;0;0.288;0.191;0.221;39;39;39;0;28;28;28;0;153.613;67.177;154.453;0;0;0;0;0;0;1;20;1
2026-04-25 14:24:00;sin_act_cocina_comedor;0;0.326;0.18;0.216;39;39;39;0;28;28;28;0;153.595;68.72;154.419;0;0;0;0;0;0;1;30;1
2026-04-25 14:24:30;sin_act_cocina_comedor;0.287;0.297;0.184;0.223;39;39;39;0;28;28;28;0;137.046;65.067;154.419;0;0;0;0;0;0;1;25;1
2026-04-25 14:25:00;sin_act_cocina_comedor;0.281;0.322;0.203;0.221;39;39;39;0;28;28;28;0;152.669;68.326;154.419;0;0;0;0;0;0;1;20;1
2026-04-25 14:25:30;sin_act_cocina_comedor;0;0.292;0.185;0.232;39;39;39;0;28.6;28;29;0.498273;153.613;68.72;154.453;0;0;0;0;0;0;1;30;1
2026-04-25 14:26:00;sin_act_cocina_comedor;0.262;0.305;0.182;0.218;39;39;39;0;29;29;29;0;154.093;64.57;154.453;0;0;0;0;0;0;1;19;1
2026-04-25 14:26:30;sin_act_cocina_comedor;0.265;0.291;0.175;0.21;39;39;39;0;29;29;29;0;153.956;67.914;154.762;0;0;0;0;0;0;1;25;1
2026-04-25 14:27:00;sin_act_cocina_comedor;0.267;0.289;0;0.204;39;39;39;0;29;29;29;0;154.367;56.921;154.47;0;0;0;0;0;0;0;25;1
2026-04-25 14:27:30;sin_act_cocina_comedor;0;0.288;0;0.219;39;39;39;0;29;29;29;0;153.99;68.326;154.882;0;0;0;0;0;0;1;25;1
2026-04-25 14:28:00;sin_act_cocina_comedor;0;0.297;0.174;0.209;39;39;39;0;29;29;29;0;154.367;68.326;156.511;0;0;0;0;0;0;1;25;1
2026-04-25 14:28:30;sin_act_cocina_comedor;0.289;0.305;0.214;0.223;39;39;39;0;29;29;29;0;153.595;67.88;154.762;0;0;0;0;0;0;1;23;1
2026-04-25 14:29:00;sin_act_cocina_comedor;0.291;0.327;0.198;0.229;39;39;39;0;29;29;29;0;154.007;68.72;154.521;0;0;0;0;0;0;1;29;1
2026-04-25 14:29:30;sin_act_cocina_comedor;0.279;0.302;0.199;0.232;39;39;39;0;29;29;29;0;154.333;68.291;155.379;0;0;0;0;0;0;1;25;1
2026-04-25 14:30:00;sin_act_cocina_comedor;0.274;0.314;0.194;0.22;39;39;39;0;29;29;29;0;67.965;67.965;154.419;0;0;0;0;0;0;1;19;1
2026-04-25 14:30:30;sin_act_cocina_comedor;0.276;0.308;0.217;0.239;39;39;39;0;29;29;29;0;153.99;65.05;190.811;0;0;0;0;0;0;0;27;1
2026-04-25 14:31:00;sin_act_cocina_comedor;0.313;0.32;0.197;0.233;39;39;39;0;29;29;29;0;154.144;68.291;154.899;0;0;0;0;0;0;1;23;1
2026-04-25 14:31:30;sin_act_cocina_comedor;0.302;0.355;0.194;0.227;39;39;39;0;29;29;29;0;153.99;68.754;154.882;0;0;0;0;0;0;1;25;1
2026-04-25 14:32:00;sin_act_cocina_comedor;0.273;0.322;0.187;0.22;39;39;39;0;29;29;29;0;153.544;63.609;184.517;0;0;0;0;0;0;1;25;1
2026-04-25 14:32:30;sin_act_cocina_comedor;0.282;0.306;0.191;0.218;39;39;39;0;29;29;29;0;154.024;67.863;189.044;0;0;0;0;0;0;1;30;1
2026-04-25 14:33:00;sin_act_cocina_comedor;0.29;0.299;0.182;0.239;39;39;39;0;29;29;29;0;154.453;67.863;154.813;0;0;0;0;0;0;1;25;1
2026-04-25 14:33:30;sin_act_cocina_comedor;0.274;0.328;0.185;0.221;39;39;39;0;28.9;28;29;0.305129;154.024;54.777;154.865;0;0;0;0;0;0;1;25;1
2026-04-25 14:34:00;sin_act_cocina_comedor;0.281;0.324;0.174;0.216;39;39;39;0;28;28;28;0;69.56;64.621;154.521;0;0;0;0;0;0;1;25;1
2026-04-25 14:34:30;sin_act_cocina_comedor;0.268;0.297;0.195;0.216;39;39;39;0;28;28;28;0;154.521;65.119;154.556;0;0;0;0;0;0;1;30;1
2026-04-25 14:35:00;sin_act_cocina_comedor;0.291;0.313;0.203;0.23;39;39;39;0;28.033333;28;29;0.182574;147.13;68.291;155.328;0;0;0;0;0;0;1;20;1
2026-04-25 14:35:30;sin_act_cocina_comedor;0.284;0.318;0.185;0.204;39;39;39;0;29;29;29;0;153.578;65.101;155.379;0;0;0;0;0;0;1;24;1
2026-04-25 14:36:00;sin_act_cocina_comedor;0.287;0.311;0.223;0.225;39;39;39;0;29;29;29;0;154.007;64.69;168.653;0;0;0;0;0;0;1;20;1
2026-04-25 14:36:30;sin_act_cocina_comedor;0.267;0.3;0;0.223;39;39;39;0;29;29;29;0;155.036;67.931;164.691;0;0;0;0;0;0;1;25;1
2026-04-25 14:37:00;sin_act_cocina_comedor;0.269;0.289;0.183;0.218;39;39;39;0;29;29;29;0;69.252;64.656;154.967;0;0;0;0;0;0;1;26;1
2026-04-25 14:37:30;sin_act_cocina_comedor;0.277;0.301;0.177;0.208;39;39;39;0;29;29;29;0;154.967;67.914;154.985;0;0;0;0;0;0;1;22;1
2026-04-25 14:38:00;sin_act_cocina_comedor;0;0.324;0.18;0.213;39;39;39;0;29;29;29;0;165.223;67.965;170.042;0;0;0;0;0;0;1;28;1
2026-04-25 14:38:30;sin_act_cocina_comedor;0.264;0.319;0.187;0.225;39;39;39;0;29;29;29;0;153.218;39.822;155.053;0;0;0;0;0;0;1;20;1
2026-04-25 14:39:00;sin_act_cocina_comedor;0;0.31;0.186;0.218;39;39;39;0;29;29;29;0;160.593;67.194;160.593;0;0;0;0;0;0;1;27;1
2026-04-25 14:39:30;sin_act_cocina_comedor;0.267;0.305;0.192;0.218;39;39;39;0;29;29;29;0;154.144;69.08;160.593;1;21;1;0;0;0;1;22;1
2026-04-25 14:40:00;sin_act_cocina_comedor;0.263;0.323;0.174;0.214;39;39;39;0;29;29;29;0;154.899;55.84;154.985;0;29;1;0;0;0;1;25;1
2026-04-25 14:40:30;sin_act_cocina_comedor;0.275;0.303;0.203;0.205;39;39;39;0;29;29;29;0;154.933;67.965;155.396;0;0;0;0;0;0;1;30;1
2026-04-25 14:41:00;sin_act_cocina_comedor;0.306;0.306;0.192;0.214;39;39;39;0;28.1;28;29;0.305129;69.989;68.291;154.985;0;0;0;0;0;0;1;20;1
2026-04-25 14:41:30;sin_act_cocina_comedor;0;0.324;0.186;0.218;39;39;39;0;28.566667;28;29;0.504007;154.967;22.621;160.713;0;0;0;0;0;0;1;25;1
2026-04-25 14:42:00;sin_act_cocina_comedor;0.262;0.314;0.198;0.221;39;39;39;0;28.1;28;29;0.305129;154.556;67.914;201.221;0;0;0;0;0;0;1;29;1
2026-04-25 14:42:30;sin_act_cocina_comedor;0.312;0.314;0.2;0.228;39;39;39;0;28;28;28;0;154.024;67.811;154.899;0;0;0;0;0;0;1;21;1
2026-04-25 14:43:00;sin_act_cocina_comedor;0.285;0.343;0.195;0.219;39;39;39;0;28;28;28;0;154.11;67.451;154.899;0;0;0;0;0;0;0;25;1
2026-04-25 14:43:30;sin_act_cocina_comedor;0.286;0.301;0.199;0.222;39;39;39;0;28;28;28;0;154.521;44.144;157.317;0;0;0;0;0;0;1;30;1
2026-04-25 14:44:00;sin_act_cocina_comedor;0;0.308;0.188;0.22;39;39;39;0;28;28;28;0;153.664;69.252;165.669;0;0;0;0;0;0;1;21;1
2026-04-25 14:44:30;sin_act_cocina_comedor;0.266;0.324;0.19;0.221;39;39;39;0;28;28;28;0;69.183;64.69;154.573;0;0;0;0;0;0;1;30;1
2026-04-25 14:45:00;sin_act_cocina_comedor;0.304;0.304;0.205;0.227;39;39;39;0;28;28;28;0;154.47;63.678;191.908;0;0;0;0;0;0;1;20;1
2026-04-25 14:45:30;sin_act_cocina_comedor;0.281;0.342;0.176;0.222;39;39;39;0;28;28;28;0;154.487;67.811;154.933;0;0;0;0;0;0;1;25;1
2026-04-25 14:46:00;sin_act_cocina_comedor;0.344;0.344;0.198;0.229;39;39;39;0;28;28;28;0;155.396;68.291;155.413;1;10;1;0;0;0;1;25;1
2026-04-25 14:46:30;sin_act_cocina_comedor;0.296;0.416;0.188;0.221;39;39;39;0;28;28;28;0;154.076;68.651;213.054;1;30;1;0;0;0;1;26;1
2026-04-25 14:47:00;sin_act_cocina_comedor;0.293;0.308;0.191;0.226;39;39;39;0;28;28;28;0;154.11;63.815;160.867;1;30;1;0;0;0;1;30;1
2026-04-25 14:47:30;sin_act_cocina_comedor;0.27;0.336;0.197;0.223;39;39;39;0;28;28;28;0;153.956;68.206;154.556;0;0;0;0;0;0;1;19;1
2026-04-25 14:48:00;sin_act_cocina_comedor;0.288;0.348;0.201;0.231;39;39;39;0;28;28;28;0;154.11;67.451;155.036;0;0;0;0;0;0;1;25;1
2026-04-25 14:48:30;sin_act_cocina_comedor;0.272;0.313;0.192;0.243;39;39;39;0;28;28;28;0;70.144;68.72;156.391;0;0;0;0;0;0;0;25;1
2026-04-25 14:49:00;sin_act_cocina_comedor;0.277;0.332;0.185;0.219;39;39;39;0;28;28;28;0;154.384;67.914;155.019;0;0;0;0;0;0;1;22;1
2026-04-25 14:49:30;sin_act_cocina_comedor;0.302;0.349;0.177;0.212;39;39;39;0;28;28;28;0;109.846;67.863;198.425;0;0;0;0;0;0;1;28;1
2026-04-25 14:50:00;sin_act_cocina_comedor;0.262;0.307;0.19;0.22;39;39;39;0;28;28;28;0;154.556;109.846;154.882;0;0;0;0;0;0;1;20;1
2026-04-25 14:50:30;sin_act_cocina_comedor;0.297;0.297;0.204;0.23;39;39;39;0;28;28;28;0;154.144;68.343;165.189;0;0;0;0;0;0;1;25;1
2026-04-25 14:51:00;sin_act_cocina_comedor;0.284;0.311;0.209;0.239;39;39;39;0;28;28;28;0;153.99;68.257;158.569;0;0;0;0;0;0;1;30;1
2026-04-25 14:51:30;sin_act_cocina_comedor;0.273;0.295;0.193;0.242;39;39;39;0;28;28;28;0;153.664;64.638;191.411;0;0;0;0;0;0;1;22;1
2026-04-25 14:52:00;sin_act_cocina_comedor;0.336;0.336;0.181;0.216;39;39;39;0;28;28;28;0;153.715;67.983;156.545;0;0;0;0;0;0;1;23;1
2026-04-25 14:52:30;sin_act_cocina_comedor;0.276;0.336;0.185;0.22;39;39;39;0;28;28;28;0;154.504;67.897;170.522;0;0;0;0;0;0;1;25;1
2026-04-25 14:53:00;sin_act_cocina_comedor;0.275;0.327;0.193;0.214;39;39;39;0;28;28;28;0;154.933;68.291;155.516;0;0;0;0;0;0;1;25;1
2026-04-25 14:53:30;sin_act_cocina_comedor;0.269;0.297;0.177;0.217;39;39;39;0;28;28;28;0;69.2;69.2;155.482;0;0;0;0;0;0;0;30;1
2026-04-25 14:54:00;sin_act_cocina_comedor;0.291;0.307;0.195;0.218;39;39;39;0;28;28;28;0;154.967;154.487;155.413;0;0;0;0;0;0;1;25;1
2026-04-25 14:54:30;sin_act_cocina_comedor;0.282;0.33;0.197;0.229;39;39;39;0;28;28;28;0;155.002;68.72;155.448;0;0;0;0;0;0;1;22;1
2026-04-25 14:55:00;sin_act_cocina_comedor;0.285;0.291;0.198;0.21;39;39;39;0;28;28;28;0;155.928;70.572;155.928;0;0;0;0;0;0;1;24;1
2026-04-25 14:55:30;sin_act_cocina_comedor;0.297;0.329;0.194;0.241;39;39;39;0;28;28;28;0;155.002;70.555;155.928;0;0;0;0;0;0;0;26;1
2026-04-25 14:56:00;sin_act_cocina_comedor;0.282;0.324;0.177;0.224;39;39;39;0;28;28;28;0;68.926;68.017;155.893;0;0;0;0;0;0;1;20;1
2026-04-25 14:56:30;sin_act_cocina_comedor;0.302;0.304;0;0.215;39;39;39;0;28;28;28;0;155.07;69.921;156.271;0;0;0;0;0;0;1;25;1
2026-04-25 14:57:00;sin_act_cocina_comedor;0.281;0.342;0.187;0.216;39;39;39;0;28;28;28;0;155.465;70.555;190.657;0;0;0;0;0;0;0;24;1
2026-04-25 14:57:30;sin_act_cocina_comedor;0.273;0.323;0.181;0.216;39.833333;39;40;0.379049;28;28;28;0;155.362;68.754;194.927;0;0;0;0;0;0;1;25;1
2026-04-25 14:58:00;sin_act_cocina_comedor;0.281;0.326;0.174;0.213;40;40;40;0;28;28;28;0;154.676;68.874;174.021;0;0;0;0;0;0;1;25;1
2026-04-25 14:58:30;sin_act_cocina_comedor;0;0.323;0.18;0.22;40;40;40;0;28;28;28;0;153.561;68.24;163.354;0;0;0;0;0;0;1;20;1
2026-04-25 14:59:00;sin_act_cocina_comedor;0.263;0.332;0;0.215;40;40;40;0;28;28;28;0;153.664;68.754;154.504;0;0;0;0;0;0;1;29;1
2026-04-25 14:59:30;sin_act_cocina_comedor;0.276;0.313;0.186;0.23;40;40;40;0;28;28;28;0;170.231;68.326;195.39;0;0;0;0;0;0;0;25;1
2026-04-25 15:00:00;sin_act_cocina_comedor;0.284;0.361;0.18;0.207;40;40;40;0;28;28;28;0;154.093;45.465;170.231;0;0;0;0;0;0;1;24;1
2026-04-25 15:00:30;sin_act_cocina_comedor;0;0.3;0.178;0.236;40;40;40;0;28;28;28;0;67.914;64.57;197.894;0;0;0;0;0;0;1;25;1
2026-04-25 15:01:00;sin_act_cocina_comedor;0.283;0.327;0.183;0.21;40;40;40;0;28;28;28;0;154.436;64.638;154.521;0;0;0;0;0;0;1;22;1
2026-04-25 15:01:30;sin_act_cocina_comedor;0.303;0.31;0.18;0.226;40;40;40;0;28;28;28;0;153.715;64.175;154.556;0;0;0;0;0;0;1;22;1
2026-04-25 15:02:00;sin_act_cocina_comedor;0;0.324;0.197;0.208;40;40;40;0;28;28;28;0;69.149;67.914;154.521;0;0;0;0;0;0;1;25;1
2026-04-25 15:02:30;sin_act_cocina_comedor;0.266;0.327;0.18;0.215;40;40;40;0;28;28;28;0;68.72;29.104;154.521;0;0;0;0;0;0;0;25;1
2026-04-25 15:03:00;sin_act_cocina_comedor;0.273;0.299;0.184;0.212;40;40;40;0;28;28;28;0;154.436;64.57;154.573;0;0;0;0;0;0;1;25;1
2026-04-25 15:03:30;sin_act_cocina_comedor;0;0.337;0;0.214;40;40;40;0;28;28;28;0;154.11;69.183;155.002;0;0;0;0;0;0;1;25;1
2026-04-25 15:04:00;sin_act_cocina_comedor;0.271;0.311;0;0.196;40;40;40;0;28;28;28;0;154.47;68.72;207.206;0;0;0;0;0;0;1;25;1
2026-04-25 15:04:30;sin_act_cocina_comedor;0;0.29;0.186;0.197;40;40;40;0;28;28;28;0;154.093;68.411;155.002;0;0;0;0;0;0;1;23;1
2026-04-25 15:05:00;sin_act_cocina_comedor;0.28;0.302;0;0.194;40;40;40;0;28;28;28;0;68.291;64.621;154.865;0;0;0;0;0;0;1;27;1
2026-04-25 15:05:30;sin_act_cocina_comedor;0.292;0.324;0.204;0.204;40;40;40;0;28;28;28;0;154.007;68.291;154.521;0;0;0;0;0;0;1;19;1
2026-04-25 15:06:00;sin_act_cocina_comedor;0.264;0.328;0;0.198;40;40;40;0;28;28;28;0;69.612;64.244;154.521;0;0;0;0;0;0;1;24;1
2026-04-25 15:06:30;sin_act_cocina_comedor;0;0.307;0;0.241;40;40;40;0;28;28;28;0;69.08;68.034;167.35;0;0;0;0;0;0;1;25;1
2026-04-25 15:07:00;sin_act_cocina_comedor;0.265;0.321;0.179;0.202;40;40;40;0;28;28;28;0;153.578;67.451;154.453;0;0;0;0;0;0;1;25;1
2026-04-25 15:07:30;sin_act_cocina_comedor;0;0.35;0.201;0.201;40;40;40;0;28;28;28;0;154.47;64.57;168.036;0;0;0;0;0;0;1;19;1
2026-04-25 15:08:00;sin_act_cocina_comedor;0.297;0.305;0.179;0.222;40;40;40;0;28;28;28;0;153.51;67.88;154.539;0;0;0;0;0;0;1;27;1
2026-04-25 15:08:30;sin_act_cocina_comedor;0;0.305;0.182;0.205;40;40;40;0;28;28;28;0;153.99;67.914;154.419;0;0;0;0;0;0;1;23;1
2026-04-25 15:09:00;sin_act_cocina_comedor;0.291;0.345;0;0.21;40;40;40;0;28;28;28;0;154.041;43.51;155.756;0;0;0;0;0;0;1;25;1
2026-04-25 15:09:30;sin_act_cocina_comedor;0.291;0.314;0.177;0.221;40;40;40;0;28;28;28;0;154.024;64.57;154.899;0;0;0;0;0;0;1;25;1
2026-04-25 15:10:00;sin_act_cocina_comedor;0.264;0.295;0.174;0.215;40;40;40;0;28;28;28;0;153.647;67.88;174.707;0;0;0;0;0;0;1;20;1
2026-04-25 15:10:30;sin_act_cocina_comedor;0.296;0.377;0.179;0.225;40;40;40;0;28;28;28;0;154.076;68.291;188.496;0;0;0;0;0;0;0;24;1
2026-04-25 15:11:00;sin_act_cocina_comedor;0.29;0.303;0.181;0.206;40;40;40;0;28;28;28;0;153.99;65.17;154.384;0;0;0;0;0;0;1;26;1
2026-04-25 15:11:30;sin_act_cocina_comedor;0.263;0.284;0.202;0.203;39.5;39;40;0.508548;28;28;28;0;68.754;43.938;154.521;0;0;0;0;0;0;0;24;1
2026-04-25 15:12:00;sin_act_cocina_comedor;0.291;0.319;0.187;0.206;39;39;39;0;28;28;28;0;153.029;67.382;193.949;0;0;0;0;0;0;1;25;1
2026-04-25 15:12:30;sin_act_cocina_comedor;0.269;0.291;0;0.222;39;39;39;0;28;28;28;0;68.291;64.621;154.453;0;0;0;0;0;0;1;20;1
2026-04-25 15:13:00;sin_act_cocina_comedor;0.262;0.306;0.186;0.221;39;39;39;0;28;28;28;0;154.384;66.045;158.243;0;0;0;0;0;0;1;26;1
2026-04-25 15:13:30;sin_act_cocina_comedor;0.292;0.312;0.183;0.236;39;39;39;0;28;28;28;0;154.419;64.69;156.614;0;0;0;0;0;0;1;30;1
2026-04-25 15:14:00;sin_act_cocina_comedor;0.271;0.316;0.177;0.212;39;39;39;0;28;28;28;0;69.183;64.158;154.847;0;0;0;0;0;0;1;23;1
2026-04-25 15:14:30;sin_act_cocina_comedor;0;0.289;0;0.21;39;39;39;0;28;28;28;0;153.475;67.914;154.504;0;0;0;0;0;0;0;30;1
2026-04-25 15:15:00;sin_act_cocina_comedor;0;0.297;0.189;0.209;39;39;39;0;28;28;28;0;153.956;68.291;154.316;0;0;0;0;0;0;0;20;1
2026-04-25 15:15:30;sin_act_cocina_comedor;0.278;0.309;0.189;0.228;39;39;39;0;28;28;28;0;68.291;68.291;168.499;0;0;0;0;0;0;1;25;1
2026-04-25 15:16:00;sin_act_cocina_comedor;0.275;0.301;0.175;0.218;39;39;39;0;28;28;28;0;154.058;67.554;154.899;0;0;0;0;0;0;1;30;1
2026-04-25 15:16:30;sin_act_cocina_comedor;0.298;0.306;0.197;0.23;39;39;39;0;28;28;28;0;70.452;64.158;165.257;0;0;0;0;0;0;1;20;1
2026-04-25 15:17:00;sin_act_cocina_comedor;0.303;0.364;0.213;0.224;39;39;39;0;28;28;28;0;69.183;53.851;154.487;0;0;0;0;0;0;1;26;1
2026-04-25 15:17:30;sin_act_cocina_comedor;0.281;0.327;0.195;0.229;39;39;39;0;28;28;28;0;153.51;65.479;154.47;0;0;0;0;0;0;0;24;1
2026-04-25 15:18:00;sin_act_cocina_comedor;0.269;0.35;0.184;0.222;39;39;39;0;28;28;28;0;154.384;64.141;155.928;0;0;0;0;0;0;1;25;1
2026-04-25 15:18:30;sin_act_cocina_comedor;0.266;0.361;0.198;0.244;39;39;39;0;28;28;28;0;69.56;63.626;154.556;0;0;0;0;0;0;1;30;1
2026-04-25 15:19:00;sin_act_cocina_comedor;0.279;0.362;0.197;0.207;39;39;39;0;28;28;28;0;67.897;54.897;170.248;0;0;0;0;0;0;0;25;1
2026-04-25 15:19:30;sin_act_cocina_comedor;0;0.306;0;0.218;39;39;39;0;28;28;28;0;68.754;67.983;154.487;0;0;0;0;0;0;1;25;1
2026-04-25 15:20:00;sin_act_cocina_comedor;0.295;0.307;0;0.209;39;39;39;0;28;28;28;0;153.99;67.965;154.35;0;0;0;0;0;0;1;25;1
2026-04-25 15:20:30;sin_act_cocina_comedor;0;0.297;0;0.197;39;39;39;0;28;28;28;0;153.51;64.621;163.783;0;0;0;0;0;0;1;21;1
2026-04-25 15:21:00;sin_act_cocina_comedor;0;0.286;0;0.215;39;39;39;0;28;28;28;0;153.904;64.244;154.504;0;0;0;0;0;0;0;24;1
2026-04-25 15:21:30;sin_act_cocina_comedor;0.288;0.288;0.18;0.21;39;39;39;0;28;28;28;0;153.132;70.452;154.436;0;0;0;0;0;0;1;30;1
2026-04-25 15:22:00;sin_act_cocina_comedor;0.269;0.28;0.18;0.227;39;39;39;0;28;28;28;0;153.527;68.326;191.771;0;0;0;0;0;0;1;23;1
2026-04-25 15:22:30;sin_act_cocina_comedor;0.292;0.306;0.195;0.235;39;39;39;0;28;28;28;0;153.561;64.072;172.632;0;0;0;0;0;0;1;19;1
2026-04-25 15:23:00;sin_act_cocina_comedor;0;0.311;0.208;0.231;39;39;39;0;28;28;28;0;153.973;68.754;154.419;0;0;0;0;0;0;1;26;1
2026-04-25 15:23:30;sin_act_cocina_comedor;0.264;0.307;0.217;0.217;39;39;39;0;28;28;28;0;154.453;64.21;154.813;0;0;0;0;0;0;0;23;1
2026-04-25 15:24:00;sin_act_cocina_comedor;0.265;0.301;0;0.214;39;39;39;0;28;28;28;0;69.612;62.615;157.711;0;0;0;0;0;0;0;25;1
2026-04-25 15:24:30;sin_act_cocina_comedor;0.321;0.321;0.195;0.219;39;39;39;0;28;28;28;0;154.007;69.183;163.268;0;0;0;0;0;0;0;30;1
2026-04-25 15:25:00;sin_act_cocina_comedor;0.305;0.31;0.19;0.234;39;39;39;0;28.833333;28;29;0.379049;69.2;69.149;154.487;0;0;0;0;0;0;0;25;1
2026-04-25 15:25:30;sin_act_cocina_comedor;0.307;0.307;0.231;0.24;39;39;39;0;29;29;29;0;69.509;69.183;154.813;0;0;0;0;0;0;0;25;1
2026-04-25 15:26:00;sin_act_cocina_comedor;0.3;0.316;0.209;0.24;39;39;39;0;28.866667;28;29;0.345746;153.492;64.947;154.333;0;0;0;0;0;0;0;25;1
2026-04-25 15:26:30;sin_act_cocina_comedor;0.268;0.341;0.197;0.241;39;39;39;0;28.8;28;29;0.406838;153.098;67.863;154.847;0;0;0;0;0;0;0;22;1
2026-04-25 15:27:00;sin_act_cocina_comedor;0.283;0.296;0.223;0.223;39;39;39;0;28.533333;28;29;0.507416;154.436;64.638;154.487;0;0;0;0;0;0;1;23;1
2026-04-25 15:27:30;sin_act_cocina_comedor;0.273;0.317;0.204;0.223;39;39;39;0;28;28;28;0;154.453;64.518;154.83;0;0;0;0;0;0;1;25;1
2026-04-25 15:28:00;sin_act_cocina_comedor;0.269;0.307;0.206;0.219;39;39;39;0;28;28;28;0;69.149;67.914;165.652;0;0;0;0;0;0;0;25;1
2026-04-25 15:28:30;sin_act_cocina_comedor;0.271;0.302;0.199;0.231;39;39;39;0;28;28;28;0;154.041;68.326;154.504;0;0;0;0;0;0;1;25;1
2026-04-25 15:29:00;sin_act_cocina_comedor;0.279;0.305;0.181;0.222;39;39;39;0;28.666667;28;29;0.479463;154.058;68.291;154.419;0;0;0;0;0;0;1;27;1
2026-04-25 15:29:30;sin_act_cocina_comedor;0.269;0.29;0.211;0.23;39;39;39;0;28.066667;28;29;0.253708;68.394;56.801;154.47;0;0;0;0;0;0;1;23;1
2026-04-25 15:30:00;sin_act_cocina_comedor;0;0.321;0.19;0.221;39;39;39;0;29;29;29;0;154.35;67.88;154.504;0;0;0;0;0;0;1;22;1
2026-04-25 15:30:30;sin_act_cocina_comedor;0.265;0.341;0.211;0.233;39;39;39;0;29;29;29;0;153.938;68.343;154.436;0;0;0;0;0;0;0;28;1
2026-04-25 15:31:00;sin_act_cocina_comedor;0.264;0.304;0;0.224;39;39;39;0;29;29;29;0;154.041;68.72;154.865;0;0;0;0;0;0;1;25;1
2026-04-25 15:31:30;sin_act_cocina_comedor;0;0.286;0;0.217;39;39;39;0;29;29;29;0;153.938;68.394;154.83;0;0;0;0;0;0;1;24;1
2026-04-25 15:32:00;sin_act_cocina_comedor;0;0.288;0.204;0.212;39;39;39;0;29;29;29;0;68.754;63.815;154.899;0;0;0;0;0;0;1;25;1
2026-04-25 15:32:30;sin_act_cocina_comedor;0.287;0.287;0;0.185;39;39;39;0;29;29;29;0;153.527;68.72;154.83;0;0;0;0;0;0;0;22;1
2026-04-25 15:33:00;sin_act_cocina_comedor;0.275;0.302;0.176;0.213;39;39;39;0;29;29;29;0;153.492;64.673;154.384;0;0;0;0;0;0;1;23;1
2026-04-25 15:33:30;sin_act_cocina_comedor;0;0.293;0.176;0.194;39;39;39;0;29;29;29;0;153.492;63.781;165.618;0;0;0;0;0;0;1;25;1
2026-04-25 15:34:00;sin_act_cocina_comedor;0.297;0.361;0.176;0.215;39;39;39;0;29;29;29;0;153.492;64.621;154.024;0;0;0;0;0;0;1;25;1
2026-04-25 15:34:30;sin_act_cocina_comedor;0.266;0.324;0.176;0.22;39;39;39;0;29;29;29;0;154.333;66.285;154.453;1;14;1;0;0;0;0;20;1
2026-04-25 15:35:00;sin_act_cocina_comedor;0.267;0.299;0.184;0.222;39;39;39;0;29;29;29;0;154.076;67.331;161.879;1;30;1;0;0;0;1;25;1
2026-04-25 15:35:30;sin_act_cocina_comedor;0.265;0.302;0.215;0.233;39;39;39;0;29;29;29;0;153.561;67.863;168.293;1;30;1;0;0;0;1;30;1
2026-04-25 15:36:00;sin_act_cocina_comedor;0.262;0.306;0.179;0.224;39;39;39;0;29;29;29;0;154.813;29.344;160.884;1;30;1;0;0;0;1;25;1
2026-04-25 15:36:30;sin_act_cocina_comedor;0.289;0.328;0.228;0.238;39;39;39;0;29;29;29;0;153.578;63.712;184.911;0;16;1;0;0;0;1;23;1
2026-04-25 15:37:00;sin_act_cocina_comedor;0.275;0.301;0.181;0.22;39;39;39;0;29;29;29;0;68.703;64.141;159.872;0;0;0;0;0;0;1;27;1
2026-04-25 15:37:30;sin_act_cocina_comedor;0.283;0.302;0.198;0.231;39;39;39;0;29;29;29;0;154.487;64.621;164.537;0;0;0;0;0;0;0;20;1
2026-04-25 15:38:00;sin_act_cocina_comedor;0;0.288;0.175;0.231;39;39;39;0;29;29;29;0;154.47;68.754;159.083;0;0;0;0;0;0;1;25;1
2026-04-25 15:38:30;sin_act_cocina_comedor;0;0.297;0.195;0.26;39;39;39;0;29;29;29;0;155.293;65.067;185.134;0;0;0;0;0;0;1;25;1
2026-04-25 15:39:00;sin_act_cocina_comedor;0.295;0.295;0.187;0.218;39;39;39;0;29;29;29;0;155.31;68.308;161.021;0;0;0;0;0;0;1;26;1
2026-04-25 15:39:30;sin_act_cocina_comedor;0.277;0.314;0.188;0.212;39;39;39;0;29;29;29;0;155.31;64.158;160.027;0;0;0;0;0;0;1;25;1
2026-04-25 15:40:00;sin_act_cocina_comedor;0.292;0.293;0.198;0.223;39;39;39;0;29;29;29;0;155.31;68.291;187.724;0;0;0;0;0;0;1;25;1
2026-04-25 15:40:30;sin_act_cocina_comedor;0;0.299;0.187;0.224;39;39;39;0;29;29;29;0;155.242;68.326;199.3;0;0;0;0;0;0;1;25;1
2026-04-25 15:41:00;sin_act_cocina_comedor;0;0.325;0.183;0.225;38.533333;38;39;0.507416;29;29;29;0;154.83;68.72;159.924;0;0;0;0;0;0;1;20;1
2026-04-25 15:41:30;sin_act_cocina_comedor;0.262;0.293;0.198;0.227;38;38;38;0;29;29;29;0;154.916;67.794;155.276;0;0;0;0;0;0;1;30;1
2026-04-25 15:42:00;sin_act_cocina_comedor;0.277;0.296;0.193;0.217;38;38;38;0;29;29;29;0;154.419;64.141;155.739;0;0;0;0;0;0;1;25;1
2026-04-25 15:42:30;sin_act_cocina_comedor;0.263;0.303;0.221;0.24;38;38;38;0;29;29;29;0;154.419;68.291;156.065;0;0;0;0;0;0;1;25;1
2026-04-25 15:43:00;sin_act_cocina_comedor;0;0.292;0;0.221;38;38;38;0;29;29;29;0;154.333;68.754;169.133;0;0;0;0;0;0;1;30;1
2026-04-25 15:43:30;sin_act_cocina_comedor;0;0.28;0.189;0.213;38;38;38;0;29;29;29;0;153.853;153.029;154.83;0;0;0;0;0;0;1;21;1
2026-04-25 15:44:00;sin_act_cocina_comedor;0.276;0.302;0.189;0.207;38;38;38;0;29;29;29;0;154.83;69.149;156.579;0;0;0;0;0;0;1;25;1
2026-04-25 15:44:30;sin_act_cocina_comedor;0.283;0.314;0.194;0.22;38;38;38;0;29;29;29;0;154.281;152.669;154.762;0;0;0;0;0;0;0;25;1
2026-04-25 15:45:00;sin_act_cocina_comedor;0;0.299;0;0.209;38;38;38;0;29;29;29;0;152.515;64.57;155.053;0;0;0;0;0;0;1;26;1
2026-04-25 15:45:30;sin_act_cocina_comedor;0;0.317;0.177;0.207;38;38;38;0;29;29;29;0;154.041;68.343;154.47;0;0;0;0;0;0;0;20;1
2026-04-25 15:46:00;sin_act_cocina_comedor;0.266;0.276;0;0.195;37.333333;37;38;0.479463;29;29;29;0;152.944;68.326;155.379;0;0;0;0;0;0;1;30;1
2026-04-25 15:46:30;sin_act_cocina_comedor;0;0.299;0;0.201;37;37;37;0;29;29;29;0;154.299;64.415;207.738;0;0;0;0;0;0;1;25;1
2026-04-25 15:47:00;sin_act_cocina_comedor;0;0.304;0;0.184;37;37;37;0;29;29;29;0;153.784;68.188;154.127;0;0;0;0;0;0;1;26;1
2026-04-25 15:47:30;sin_act_cocina_comedor;0.277;0.31;0;0.222;36.033333;36;37;0.182574;29;29;29;0;69.149;69.029;153.938;0;0;0;0;0;0;1;24;1
2026-04-25 15:48:00;sin_act_cocina_comedor;0;0.288;0;0.209;36;36;36;0;29;29;29;0;159.392;69.183;159.478;0;0;0;0;0;0;1;30;1
2026-04-25 15:48:30;sin_act_cocina_comedor;0.275;0.316;0;0.216;36;36;36;0;29;29;29;0;154.419;64.57;159.392;0;0;0;0;0;0;1;25;1
2026-04-25 15:49:00;sin_act_cocina_comedor;0.294;0.314;0;0.201;36;36;36;0;29;29;29;0;153.51;62.615;155.31;0;0;0;0;0;0;1;21;1
2026-04-25 15:49:30;sin_act_cocina_comedor;0;0.294;0;0.186;35.5;35;36;0.508548;29;29;29;0;153.372;64.981;211.082;0;0;0;0;0;0;1;24;1
2026-04-25 15:50:00;sin_act_cocina_comedor;0.281;0.288;0;0.208;35;35;35;0;29;29;29;0;155.31;63.987;157.025;0;0;0;0;0;0;0;30;1
2026-04-25 15:50:30;sin_act_cocina_comedor;0;0.314;0;0.193;35;35;35;0;29;29;29;0;153.973;67.743;154.659;0;0;0;0;0;0;1;25;1
2026-04-25 15:51:00;sin_act_cocina_comedor;0.262;0.303;0.226;0.24;35;35;35;0;29;29;29;0;153.047;68.72;154.95;0;0;0;0;0;0;1;19;1
2026-04-25 15:51:30;sin_act_cocina_comedor;0;0.299;0;0.222;35;35;35;0;29;29;29;0;149.497;67.794;154.762;0;0;0;0;0;0;1;26;1
2026-04-25 15:52:00;sin_act_cocina_comedor;0;0.276;0.191;0.198;35;35;35;0;29;29;29;0;70.881;70.778;154.316;0;0;0;0;0;0;1;24;1
2026-04-25 15:52:30;sin_act_cocina_comedor;0;0.302;0;0.222;34.233333;34;35;0.430183;29;29;29;0;153.098;69.886;170.488;0;0;0;0;0;0;1;24;1
2026-04-25 15:53:00;sin_act_cocina_comedor;0;0.296;0;0.207;34;34;34;0;29;29;29;0;153.818;68.223;194.207;0;0;0;0;0;0;1;25;1
2026-04-25 15:53:30;sin_act_cocina_comedor;0.271;0.302;0.221;0.221;34;34;34;0;29;29;29;0;68.291;68.291;155.722;0;0;0;0;0;0;1;25;1
2026-04-25 15:54:00;sin_act_cocina_comedor;0.29;0.312;0.191;0.227;34;34;34;0;29;29;29;0;159.066;67.76;159.872;0;0;0;0;0;0;1;23;1
2026-04-25 15:54:30;sin_act_cocina_comedor;0.278;0.304;0.177;0.21;34;34;34;0;29;29;29;0;153.938;69.149;182.63;0;0;0;0;0;0;1;22;1
2026-04-25 15:55:00;sin_act_cocina_comedor;0.266;0.302;0.188;0.226;34;34;34;0;29;29;29;0;153.767;68.617;153.938;0;0;0;0;0;0;1;26;1
2026-04-25 15:55:30;sin_act_cocina_comedor;0;0.318;0.186;0.224;34;34;34;0;29;29;29;0;160.267;64.57;160.267;0;0;0;0;0;0;1;25;1
2026-04-25 15:56:00;sin_act_cocina_comedor;0.263;0.31;0.189;0.243;34;34;34;0;29;29;29;0;152.995;68.754;160.267;0;0;0;0;0;0;1;25;1
2026-04-25 15:56:30;sin_act_cocina_comedor;0.315;0.315;0;0.226;34;34;34;0;29;29;29;0;153.853;82.749;154.762;0;0;0;0;0;0;1;24;1
2026-04-25 15:57:00;sin_act_cocina_comedor;0.32;0.32;0.196;0.218;34;34;34;0;29;29;29;0;153.544;153.047;154.779;0;0;0;0;0;0;1;21;1
2026-04-25 15:57:30;sin_act_cocina_comedor;0;0.312;0.184;0.219;34;34;34;0;29;29;29;0;155.293;68.754;159.426;0;0;0;0;0;0;1;30;1
2026-04-25 15:58:00;sin_act_cocina_comedor;0.269;0.315;0;0.221;34;34;34;0;29;29;29;0;155.756;63.832;196.316;0;0;0;0;0;0;1;25;1
2026-04-25 15:58:30;sin_act_cocina_comedor;0.287;0.321;0.185;0.224;34;34;34;0;29;29;29;0;155.722;67.914;159.512;0;0;0;0;0;0;1;25;1
2026-04-25 15:59:00;sin_act_cocina_comedor;0;0.302;0.193;0.216;34;34;34;0;29;29;29;0;68.446;68.446;159.461;0;0;0;0;0;0;0;30;1
2026-04-25 15:59:30;sin_act_cocina_comedor;0.291;0.325;0.174;0.211;34;34;34;0;29;29;29;0;158.929;68.291;185.426;0;0;0;0;0;0;1;25;1
2026-04-25 16:00:00;sin_act_cocina_comedor;0.267;0.302;0.176;0.205;34;34;34;0;29;29;29;0;159.083;66.405;159.546;0;0;0;0;0;0;1;25;1
2026-04-25 16:00:30;sin_act_cocina_comedor;0.268;0.299;0.217;0.217;34;34;34;0;29;29;29;0;155.722;64.638;177.451;0;0;0;0;0;0;1;25;1
2026-04-25 16:01:00;sin_act_cocina_comedor;0.31;0.31;0.179;0.229;34;34;34;0;29;29;29;0;158.98;67.88;159.632;0;0;0;0;0;0;1;30;1
2026-04-25 16:01:30;sin_act_cocina_comedor;0.298;0.333;0.197;0.234;34;34;34;0;28.166667;28;29;0.379049;69.149;67.022;162.479;0;0;0;0;0;0;0;25;1
2026-04-25 16:02:00;sin_act_cocina_comedor;0.277;0.303;0.198;0.224;34;34;34;0;28;28;28;0;155.396;69.252;159.495;0;0;0;0;0;0;1;25;1
2026-04-25 16:02:30;sin_act_cocina_comedor;0.271;0.304;0.19;0.218;34;34;34;0;28;28;28;0;159.101;68.291;159.546;0;0;0;0;0;0;1;20;1
2026-04-25 16:03:00;sin_act_cocina_comedor;0.266;0.297;0.204;0.225;34;34;34;0;28;28;28;0;159.495;68.72;159.546;0;0;0;0;0;0;1;25;1
2026-04-25 16:03:30;sin_act_cocina_comedor;0;0.288;0.186;0.213;34;34;34;0;28;28;28;0;159.101;64.57;162.41;0;0;0;0;0;0;1;25;1
2026-04-25 16:04:00;sin_act_cocina_comedor;0;0.309;0.186;0.221;34;34;34;0;28;28;28;0;157.951;69.149;159.495;0;0;0;0;0;0;1;25;1
2026-04-25 16:04:30;sin_act_cocina_comedor;0.265;0.295;0.188;0.227;34;34;34;0;28;28;28;0;158.637;68.343;160.232;0;0;0;0;0;0;1;25;1
2026-04-25 16:05:00;sin_act_cocina_comedor;0.277;0.329;0.205;0.217;33.566667;33;34;0.504007;28;28;28;0;68.806;67.914;159.529;0;0;0;0;0;0;0;20;1
2026-04-25 16:05:30;sin_act_cocina_comedor;0.304;0.307;0.22;0.22;33;33;33;0;28;28;28;0;158.312;67.485;159.135;0;0;0;0;0;0;1;25;1
2026-04-25 16:06:00;sin_act_cocina_comedor;0.269;0.307;0.195;0.238;33;33;33;0;28;28;28;0;159.118;67.88;159.615;0;0;0;0;0;0;0;25;1
2026-04-25 16:06:30;sin_act_cocina_comedor;0.276;0.31;0.202;0.213;33;33;33;0;28;28;28;0;159.066;67.965;159.529;0;0;0;0;0;0;1;25;1
2026-04-25 16:07:00;sin_act_cocina_comedor;0.312;0.312;0.175;0.238;33;33;33;0;28;28;28;0;158.552;67.914;159.546;0;0;0;0;0;0;1;25;1
2026-04-25 16:07:30;sin_act_cocina_comedor;0.268;0.315;0;0.195;33;33;33;0;28;28;28;0;159.135;68.823;159.461;0;0;0;0;0;0;1;21;1
2026-04-25 16:08:00;sin_act_cocina_comedor;0.31;0.337;0.175;0.203;33;33;33;0;28;28;28;0;154.453;68.754;159.546;0;0;0;0;0;0;1;24;1
2026-04-25 16:08:30;sin_act_cocina_comedor;0.282;0.312;0.19;0.218;33;33;33;0;28;28;28;0;158.758;68.343;159.118;0;0;0;0;0;0;1;30;1
2026-04-25 16:09:00;sin_act_cocina_comedor;0.27;0.314;0.227;0.227;33;33;33;0;28;28;28;0;185.066;68.291;185.066;0;0;0;0;0;0;0;25;1
2026-04-25 16:09:30;sin_act_cocina_comedor;0.306;0.356;0.202;0.223;33;33;33;0;28;28;28;0;158.723;41.28;162.153;0;0;0;0;0;0;1;25;1
2026-04-25 16:10:00;sin_act_cocina_comedor;0.276;0.319;0.237;0.237;33;33;33;0;28;28;28;0;69.183;64.192;216.947;0;0;0;0;0;0;1;25;1
2026-04-25 16:10:30;sin_act_cocina_comedor;0.28;0.311;0.195;0.218;33;33;33;0;28;28;28;0;153.51;67.965;159.872;0;0;0;0;0;0;1;24;1
2026-04-25 16:11:00;sin_act_cocina_comedor;0.272;0.311;0.191;0.219;33;33;33;0;28;28;28;0;155.139;69.612;155.688;0;0;0;0;0;0;1;26;1
2026-04-25 16:11:30;sin_act_cocina_comedor;0.29;0.307;0.173;0.246;33;33;33;0;28.733333;28;29;0.449776;152.892;68.12;159.324;0;0;0;0;0;0;1;21;1
2026-04-25 16:12:00;sin_act_cocina_comedor;0.269;0.33;0.194;0.213;32.266667;32;33;0.449776;29;29;29;0;152.481;68.617;157.763;0;0;0;0;0;0;1;23;1
2026-04-25 16:12:30;sin_act_cocina_comedor;0.271;0.329;0.175;0.216;32;32;32;0;29;29;29;0;154.23;67.777;154.264;0;0;0;0;0;0;0;30;1
2026-04-25 16:13:00;sin_act_cocina_comedor;0.282;0.354;0;0.218;32;32;32;0;29;29;29;0;170.797;65.376;194.395;0;0;0;0;0;0;1;30;1
2026-04-25 16:13:30;sin_act_cocina_comedor;0.282;0.307;0.174;0.212;32;32;32;0;29;29;29;0;69.183;69.183;177.074;0;0;0;0;0;0;1;20;1
2026-04-25 16:14:00;sin_act_cocina_comedor;0.265;0.341;0;0.208;32;32;32;0;29;29;29;0;155.602;69.509;158.878;0;0;0;0;0;0;1;24;1
2026-04-25 16:14:30;sin_act_cocina_comedor;0;0.308;0;0.209;32;32;32;0;29;29;29;0;155.636;153.029;158.98;0;0;0;0;0;0;1;23;1
2026-04-25 16:15:00;sin_act_cocina_comedor;0.298;0.317;0;0.192;32;32;32;0;29;29;29;0;159.289;64.621;159.289;0;0;0;0;0;0;1;22;1
2026-04-25 16:15:30;sin_act_cocina_comedor;0.263;0.297;0.18;0.221;32;32;32;0;29;29;29;0;158.483;64.57;159.495;0;0;0;0;0;0;0;7;1
2026-04-25 16:16:00;sin_act_cocina_comedor;0.293;0.318;0.182;0.213;32;32;32;0;29;29;29;0;158.466;153.818;158.912;0;0;0;0;0;0;1;25;1
2026-04-25 16:16:30;sin_act_cocina_comedor;0.262;0.311;0;0.202;32;32;32;0;29;29;29;0;158.449;158.02;159.015;0;0;0;0;0;0;1;15;1
2026-04-25 16:17:00;sin_act_cocina_comedor;0.263;0.307;0.185;0.199;32;32;32;0;29;29;29;0;153.475;68.72;158.449;0;0;0;0;0;0;1;20;1
2026-04-25 16:17:30;sin_act_cocina_comedor;0.268;0.325;0;0.191;32;32;32;0;29;29;29;0;155.276;65.256;155.31;0;0;0;0;0;0;1;25;1
2026-04-25 16:18:00;sin_act_cocina_comedor;0.291;0.338;0.202;0.211;32;32;32;0;29;29;29;0;188.307;43.835;188.307;0;0;0;0;0;0;1;22;1
2026-04-25 16:18:30;sin_act_cocina_comedor;0.265;0.32;0;0.211;32;32;32;0;29;29;29;0;152.961;67.743;159.221;0;0;0;0;0;0;1;24;1
2026-04-25 16:19:00;sin_act_cocina_comedor;0;0.35;0.207;0.207;31.433333;31;32;0.504007;29;29;29;0;154.161;64.57;159.101;0;0;0;0;0;0;1;14;1
2026-04-25 16:19:30;sin_act_cocina_comedor;0.28;0.286;0.174;0.208;31;31;31;0;29;29;29;0;158.655;60.78;159.838;0;0;0;0;0;0;1;16;1
2026-04-25 16:20:00;sin_act_cocina_comedor;0.316;0.316;0;0.207;31;31;31;0;29;29;29;0;154.161;64.107;159.049;0;0;0;0;0;0;0;26;1
2026-04-25 16:20:30;sin_act_cocina_comedor;0.262;0.316;0.179;0.216;31;31;31;0;29;29;29;0;154.607;64.896;154.659;0;0;0;0;0;0;1;23;1
2026-04-25 16:21:00;sin_act_cocina_comedor;0.271;0.324;0.181;0.225;31;31;31;0;29;29;29;0;154.178;69.08;155.105;0;0;0;0;0;0;0;27;1
2026-04-25 16:21:30;sin_act_cocina_comedor;0;0.323;0.218;0.242;31;31;31;0;29;29;29;0;64.673;64.673;169.322;0;0;0;0;0;0;1;25;1
2026-04-25 16:22:00;sin_act_cocina_comedor;0.269;0.32;0.176;0.213;31;31;31;0;29;29;29;0;158.535;64.621;159.392;0;0;0;0;0;0;1;25;1
2026-04-25 16:22:30;sin_act_cocina_comedor;0.268;0.301;0;0.21;31;31;31;0;29;29;29;0;158.363;29.79;159.392;1;17;1;0;0;0;1;25;1
2026-04-25 16:23:00;sin_act_cocina_comedor;0.263;0.313;0.195;0.204;31;31;31;0;29;29;29;0;155.293;46.511;158.86;1;30;1;0;0;0;1;28;1
2026-04-25 16:23:30;sin_act_cocina_comedor;0.325;0.343;0.175;0.224;31;31;31;0;29;29;29;0;154.847;66.645;158.775;1;30;1;0;0;0;1;22;1
2026-04-25 16:24:00;sin_act_cocina_comedor;0;0.349;0;0.213;31;31;31;0;29;29;29;0;64.021;64.021;158.878;1;30;1;0;0;0;1;25;1
2026-04-25 16:24:30;sin_act_cocina_comedor;0.269;0.355;0;0.192;31;31;31;0;29;29;29;0;152.978;69.921;158.86;1;30;1;0;0;0;1;25;1
2026-04-25 16:25:00;uso_lavaplatos;0.28;0.331;0;0.191;31;31;31;0;29;29;29;0;155.122;67.76;158.758;1;30;1;1;7;1;1;18;1
2026-04-25 16:25:30;sin_act_cocina_comedor;0.266;0.302;0.182;0.21;31;31;31;0;29;29;29;0;155.156;68.651;155.156;1;30;1;0;2;1;1;29;1
2026-04-25 16:26:00;sin_act_cocina_comedor;0.294;0.345;0.175;0.2;31;31;31;0;29;29;29;0;158.363;67.777;159.186;1;30;1;0;0;0;1;21;1
2026-04-25 16:26:30;sin_act_cocina_comedor;0.273;0.382;0.175;0.21;31;31;31;0;29;29;29;0;69.475;68.24;160.13;1;30;1;0;0;0;1;25;1
2026-04-25 16:27:00;sin_act_cocina_comedor;0.283;0.307;0.22;0.225;31;31;31;0;29;29;29;0;188.924;69.578;210.036;1;30;1;0;0;0;1;25;1
2026-04-25 16:27:30;sin_act_cocina_comedor;0.273;0.302;0.195;0.229;31;31;31;0;29;29;29;0;158.003;70.761;188.924;1;30;1;0;0;0;1;25;1
2026-04-25 16:28:00;sin_act_cocina_comedor;0.266;0.302;0.205;0.213;31;31;31;0;29;29;29;0;155.087;68.583;158.86;1;30;1;0;0;0;1;25;1
2026-04-25 16:28:30;sin_act_cocina_comedor;0.28;0.375;0.183;0.211;31;31;31;0;29;29;29;0;158.552;64.467;162.839;0;3;1;0;0;0;1;25;1
2026-04-25 16:29:00;sin_act_cocina_comedor;0.265;0.304;0;0.204;31;31;31;0;29;29;29;0;158.483;67.863;159.289;0;0;0;0;0;0;1;25;1
2026-04-25 16:29:30;sin_act_cocina_comedor;0.284;0.289;0;0.199;31;31;31;0;29;29;29;0;158.5;51.673;158.843;0;0;0;0;0;0;1;25;1
2026-04-25 16:30:00;sin_act_cocina_comedor;0.282;0.318;0.197;0.218;31;31;31;0;29;29;29;0;158.483;68.6;159.392;0;0;0;0;0;0;1;29;1
2026-04-25 16:30:30;sin_act_cocina_comedor;0.311;0.342;0.176;0.214;31;31;31;0;29;29;29;0;158.432;158.432;158.963;0;0;0;0;0;0;1;21;1
2026-04-25 16:31:00;sin_act_cocina_comedor;0.28;0.348;0.179;0.208;31;31;31;0;29;29;29;0;158.363;69.063;158.963;0;0;0;0;0;0;1;25;1
2026-04-25 16:31:30;sin_act_cocina_comedor;0.279;0.317;0.208;0.213;31;31;31;0;29;29;29;0;157.574;68.171;170.986;0;0;0;0;0;0;1;25;1
2026-04-25 16:32:00;sin_act_cocina_comedor;0.267;0.306;0;0.218;31;31;31;0;29;29;29;0;157.934;68.171;204.822;0;0;0;0;0;0;1;20;1
2026-04-25 16:32:30;sin_act_cocina_comedor;0.275;0.335;0;0.208;31;31;31;0;29;29;29;0;158.363;158.363;158.963;0;0;0;0;0;0;1;30;1
2026-04-25 16:33:00;sin_act_cocina_comedor;0.279;0.303;0;0.206;31;31;31;0;29;29;29;0;158.792;130.546;158.895;0;0;0;0;0;0;1;20;1
2026-04-25 16:33:30;sin_act_cocina_comedor;0;0.333;0.178;0.22;31;31;31;0;29;29;29;0;158.106;67.845;158.792;0;0;0;0;0;0;1;26;1
2026-04-25 16:34:00;sin_act_cocina_comedor;0.295;0.295;0;0.196;30.2;30;31;0.406838;29;29;29;0;158.603;65.513;158.655;0;0;0;0;0;0;1;24;1
2026-04-25 16:34:30;sin_act_cocina_comedor;0.267;0.328;0;0.206;30;30;30;0;29;29;29;0;158.226;70.006;158.689;0;0;0;0;0;0;1;26;1
2026-04-25 16:35:00;sin_act_cocina_comedor;0.282;0.282;0;0.197;30;30;30;0;29;29;29;0;68.874;68.394;158.963;0;0;0;0;0;0;1;25;1
2026-04-25 16:35:30;sin_act_cocina_comedor;0.269;0.291;0.184;0.207;30;30;30;0;29;29;29;0;158.26;66.816;158.706;0;0;0;0;0;0;0;20;1
2026-04-25 16:36:00;sin_act_cocina_comedor;0.264;0.321;0.195;0.223;30;30;30;0;29;29;29;0;158.603;69.2;158.603;0;0;0;0;0;0;1;30;1
2026-04-25 16:36:30;sin_act_cocina_comedor;0.274;0.308;0;0.218;30;30;30;0;29;29;29;0;159.015;69.578;159.718;0;0;0;0;0;0;1;25;1
2026-04-25 16:37:00;sin_act_cocina_comedor;0.292;0.346;0;0.21;30;30;30;0;29;29;29;0;155.328;68.754;158.998;0;0;0;0;0;0;1;25;1
2026-04-25 16:37:30;sin_act_cocina_comedor;0.291;0.356;0.179;0.213;30;30;30;0;29;29;29;0;67.794;67.794;159.255;0;0;0;0;0;0;1;30;1
2026-04-25 16:38:00;sin_act_cocina_comedor;0.273;0.31;0.189;0.215;30;30;30;0;29;29;29;0;154.144;68.617;158.792;0;0;0;0;0;0;0;20;1
2026-04-25 16:38:30;sin_act_cocina_comedor;0;0.313;0.178;0.228;30;30;30;0;29;29;29;0;154.247;69.046;159.203;0;0;0;0;0;0;1;25;1
2026-04-25 16:39:00;sin_act_cocina_comedor;0.269;0.301;0.175;0.219;30;30;30;0;29;29;29;0;137.371;68.651;158.843;0;0;0;0;0;0;1;24;1
2026-04-25 16:39:30;sin_act_cocina_comedor;0.273;0.291;0;0.213;30;30;30;0;29;29;29;0;152.395;64.861;202.884;0;0;0;0;0;0;1;22;1
2026-04-25 16:40:00;sin_act_cocina_comedor;0.287;0.304;0.188;0.225;30;30;30;0;29;29;29;0;153.355;64.553;158.637;0;0;0;0;0;0;1;27;1
2026-04-25 16:40:30;sin_act_cocina_comedor;0.283;0.306;0.187;0.214;30;30;30;0;29;29;29;0;158.74;64.415;169.682;0;0;0;0;0;0;1;20;1
2026-04-25 16:41:00;sin_act_cocina_comedor;0.305;0.319;0.197;0.217;30;30;30;0;29;29;29;0;155.396;66.954;160.558;0;0;0;0;0;0;0;25;1
2026-04-25 16:41:30;sin_act_cocina_comedor;0.297;0.332;0.191;0.227;30;30;30;0;29;29;29;0;154.316;67.76;154.539;0;0;0;0;0;0;1;25;1
2026-04-25 16:42:00;sin_act_cocina_comedor;0.304;0.304;0.191;0.212;30;30;30;0;29;29;29;0;153.835;68.24;159.324;0;0;0;0;0;0;1;25;1
2026-04-25 16:42:30;sin_act_cocina_comedor;0;0.322;0;0.216;30;30;30;0;29;29;29;0;158.809;153.835;159.769;0;0;0;0;0;0;1;30;1
2026-04-25 16:43:00;sin_act_cocina_comedor;0;0.356;0.207;0.207;30;30;30;0;29;29;29;0;158.432;68.291;158.998;0;0;0;0;0;0;1;25;1
2026-04-25 16:43:30;sin_act_cocina_comedor;0;0.316;0.184;0.224;30;30;30;0;29;29;29;0;158.963;64.57;159.083;0;0;0;0;0;0;1;25;1
2026-04-25 16:44:00;sin_act_cocina_comedor;0.268;0.353;0.19;0.224;30;30;30;0;29;29;29;0;158.483;64.192;159.032;0;0;0;0;0;0;1;30;1
2026-04-25 16:44:30;sin_act_cocina_comedor;0.292;0.303;0.198;0.223;30;30;30;0;29;29;29;0;158.483;68.223;158.963;0;0;0;0;0;0;1;20;1
2026-04-25 16:45:00;sin_act_cocina_comedor;0.271;0.289;0.191;0.216;30;30;30;0;29;29;29;0;159.392;67.88;159.392;0;0;0;0;0;0;1;25;1
2026-04-25 16:45:30;sin_act_cocina_comedor;0.274;0.311;0.218;0.221;30;30;30;0;29;29;29;0;158.843;64.09;160.13;0;0;0;0;0;0;1;25;1
2026-04-25 16:46:00;sin_act_cocina_comedor;0.272;0.323;0.182;0.227;30;30;30;0;29;29;29;0;155.07;70.847;158.878;0;0;0;0;0;0;1;22;1
2026-04-25 16:46:30;sin_act_cocina_comedor;0.265;0.312;0.186;0.201;30;30;30;0;29;29;29;0;68.617;68.086;159.238;0;0;0;0;0;0;1;26;1
2026-04-25 16:47:00;sin_act_cocina_comedor;0.281;0.331;0;0.22;30;30;30;0;29;29;29;0;158.38;68.754;158.98;0;0;0;0;0;0;1;20;1
2026-04-25 16:47:30;sin_act_cocina_comedor;0.282;0.306;0;0.214;30;30;30;0;29;29;29;0;158.86;68.754;159.306;0;0;0;0;0;0;0;25;1
2026-04-25 16:48:00;sin_act_cocina_comedor;0.28;0.302;0.177;0.227;30;30;30;0;29;29;29;0;158.072;68.754;159.444;0;0;0;0;0;0;1;25;1
2026-04-25 16:48:30;sin_act_cocina_comedor;0;0.295;0.177;0.202;30;30;30;0;29;29;29;0;157.986;69.029;158.535;0;0;0;0;0;0;1;24;1
2026-04-25 16:49:00;sin_act_cocina_comedor;0;0.275;0;0.205;30;30;30;0;29;29;29;0;158.483;68.188;158.86;0;0;0;0;0;0;1;26;1
2026-04-25 16:49:30;sin_act_cocina_comedor;0;0.347;0.188;0.204;30;30;30;0;29;29;29;0;157.951;68.188;158.483;0;0;0;0;0;0;1;25;1
2026-04-25 16:50:00;sin_act_cocina_comedor;0.281;0.304;0.175;0.202;30;30;30;0;29;29;29;0;153.87;153.064;158.912;0;0;0;0;0;0;1;25;1
2026-04-25 16:50:30;sin_act_cocina_comedor;0.262;0.307;0.18;0.212;30;30;30;0;29;29;29;0;153.818;67.983;158.963;0;0;0;0;0;0;1;20;1
2026-04-25 16:51:00;sin_act_cocina_comedor;0.262;0.298;0.18;0.229;30;30;30;0;29;29;29;0;158.895;69.578;159.392;0;0;0;0;0;0;1;29;1
2026-04-25 16:51:30;sin_act_cocina_comedor;0.264;0.312;0.198;0.214;30;30;30;0;29;29;29;0;158.569;68.291;159.015;0;0;0;0;0;0;0;21;1
2026-04-25 16:52:00;sin_act_cocina_comedor;0;0.32;0.21;0.233;30;30;30;0;29;29;29;0;157.831;157.523;159.272;0;0;0;0;0;0;0;25;1
2026-04-25 16:52:30;sin_act_cocina_comedor;0.294;0.294;0.194;0.224;30;30;30;0;29;29;29;0;154.196;68.651;207.635;0;0;0;0;0;0;0;26;1
2026-04-25 16:53:00;sin_act_cocina_comedor;0.269;0.324;0.19;0.22;30;30;30;0;29;29;29;0;154.779;153.424;159.409;0;0;0;0;0;0;1;24;1
2026-04-25 16:53:30;sin_act_cocina_comedor;0.31;0.31;0.228;0.228;30;30;30;0;29;29;29;0;154.178;69.475;159.341;0;0;0;0;0;0;1;25;1
2026-04-25 16:54:00;sin_act_cocina_comedor;0.275;0.305;0.186;0.213;30;30;30;0;29;29;29;0;154.779;65.17;159.272;0;0;0;0;0;0;1;25;1
2026-04-25 16:54:30;sin_act_cocina_comedor;0.274;0.313;0.182;0.218;30;30;30;0;29;29;29;0;154.985;69.046;160.13;0;0;0;0;0;0;0;25;1
2026-04-25 16:55:00;sin_act_cocina_comedor;0.274;0.33;0.179;0.218;30;30;30;0;29;29;29;0;159.581;68.24;159.975;0;0;0;0;0;0;1;20;1
2026-04-25 16:55:30;sin_act_cocina_comedor;0.295;0.307;0.18;0.208;30;30;30;0;29;29;29;0;153.75;69.08;180.058;0;0;0;0;0;0;1;25;1
2026-04-25 16:56:00;sin_act_cocina_comedor;0.301;0.301;0.174;0.213;30;30;30;0;29;29;29;0;157.797;64.844;158.792;0;0;0;0;0;0;1;25;1
2026-04-25 16:56:30;sin_act_cocina_comedor;0;0.31;0.174;0.215;30;30;30;0;29;29;29;0;158.432;67.743;159.152;0;0;0;0;0;0;1;25;1
2026-04-25 16:57:00;sin_act_cocina_comedor;0.277;0.304;0.207;0.223;30;30;30;0;29;29;29;0;158.878;68.634;205.851;0;0;0;0;0;0;1;30;1
2026-04-25 16:57:30;sin_act_cocina_comedor;0.278;0.306;0.177;0.232;30;30;30;0;29;29;29;0;159.306;68.308;159.392;0;0;0;0;0;0;1;20;1
2026-04-25 16:58:00;sin_act_cocina_comedor;0.277;0.319;0.184;0.204;30;30;30;0;29;29;29;0;158.192;69.063;159.461;0;0;0;0;0;0;0;25;1
2026-04-25 16:58:30;sin_act_cocina_comedor;0.27;0.321;0.193;0.224;30;30;30;0;29;29;29;0;158.535;157.677;158.998;0;0;0;0;0;0;1;25;1
2026-04-25 16:59:00;sin_act_cocina_comedor;0.287;0.302;0.196;0.233;29.833333;29;30;0.379049;29;29;29;0;154.779;68.771;159.289;0;0;0;0;0;0;1;20;1
2026-04-25 16:59:30;sin_act_cocina_comedor;0.267;0.313;0.208;0.222;29;29;29;0;29;29;29;0;69.886;68.6;159.667;0;0;0;0;0;0;1;30;1
2026-04-25 17:00:00;sin_act_cocina_comedor;0.318;0.318;0.174;0.205;29;29;29;0;29;29;29;0;153.853;63.575;159.186;0;0;0;0;0;0;1;19;1
2026-04-25 17:00:30;sin_act_cocina_comedor;0.277;0.318;0.209;0.219;29;29;29;0;29;29;29;0;158.449;68.651;160.181;0;0;0;0;0;0;1;24;1
2026-04-25 17:01:00;sin_act_cocina_comedor;0.287;0.337;0.181;0.213;29;29;29;0;29;29;29;0;150.08;69.492;158.843;0;0;0;0;0;0;1;25;1
2026-04-25 17:01:30;sin_act_cocina_comedor;0.263;0.31;0.177;0.218;28.2;28;29;0.406838;29;29;29;0;158.603;68.223;158.963;0;0;0;0;0;0;0;26;1
2026-04-25 17:02:00;sin_act_cocina_comedor;0.269;0.319;0.178;0.214;28;28;28;0;29;29;29;0;158.123;68.188;159.289;0;0;0;0;0;0;1;24;1
2026-04-25 17:02:30;sin_act_cocina_comedor;0.269;0.377;0.193;0.226;28;28;28;0;29;29;29;0;153.818;153.818;158.86;0;0;0;0;0;0;1;25;1
2026-04-25 17:03:00;sin_act_cocina_comedor;0.296;0.327;0.194;0.222;27.6;27;28;0.498273;29;29;29;0;154.813;64.192;166.527;0;0;0;0;0;0;1;25;1
2026-04-25 17:03:30;sin_act_cocina_comedor;0;0.314;0;0.207;27;27;27;0;29;29;29;0;158.174;68.188;158.569;0;0;0;0;0;0;1;20;1
2026-04-25 17:04:00;sin_act_cocina_comedor;0.279;0.3;0.192;0.194;27;27;27;0;29;29;29;0;158.054;64.57;161.261;0;0;0;0;0;0;1;30;1
2026-04-25 17:04:30;sin_act_cocina_comedor;0;0.294;0;0.219;26.6;26;27;0.498273;29;29;29;0;154.71;68.789;158.432;0;0;0;0;0;0;1;25;1
2026-04-25 17:05:00;sin_act_cocina_comedor;0.261;0.32;0.191;0.217;26;26;26;0;29;29;29;0;157.626;70.023;196.333;0;0;0;0;0;0;0;21;1
2026-04-25 17:05:30;sin_act_cocina_comedor;0.273;0.327;0.206;0.217;26;26;26;0;29;29;29;0;158.895;68.343;158.946;0;0;0;0;0;0;1;23;1
2026-04-25 17:06:00;sin_act_cocina_comedor;0.273;0.328;0.189;0.22;26;26;26;0;29;29;29;0;159.769;64.467;159.769;0;0;0;0;0;0;1;25;1
2026-04-25 17:06:30;sin_act_cocina_comedor;0.263;0.296;0.217;0.217;26;26;26;0;29;29;29;0;158.397;68.566;159.735;0;0;0;0;0;0;1;25;1
2026-04-25 17:07:00;sin_act_cocina_comedor;0;0.317;0.182;0.216;26;26;26;0;29;29;29;0;155.173;68.206;159.289;0;0;0;0;0;0;1;20;1
2026-04-25 17:07:30;sin_act_cocina_comedor;0.285;0.333;0.21;0.218;26;26;26;0;29;29;29;0;154.35;68.223;158.912;0;0;0;0;0;0;0;30;1
2026-04-25 17:08:00;sin_act_cocina_comedor;0.274;0.33;0.185;0.224;26;26;26;0;29;29;29;0;152.927;69.921;155.293;0;0;0;0;0;0;1;20;1
2026-04-25 17:08:30;sin_act_cocina_comedor;0;0.333;0.193;0.22;26;26;26;0;29;29;29;0;155.31;69.475;159.769;0;0;0;0;0;0;0;25;1
2026-04-25 17:09:00;sin_act_cocina_comedor;0.271;0.291;0;0.215;26;26;26;0;29;29;29;0;70.315;70.315;158.963;0;0;0;0;0;0;1;25;1
2026-04-25 17:09:30;sin_act_cocina_comedor;0.296;0.312;0.203;0.237;26;26;26;0;29;29;29;0;158.346;64.433;173.678;0;0;0;0;0;0;1;22;1
2026-04-25 17:10:00;sin_act_cocina_comedor;0.269;0.301;0.205;0.213;26;26;26;0;29;29;29;0;158.432;67.76;159.238;0;0;0;0;0;0;1;28;1
2026-04-25 17:10:30;sin_act_cocina_comedor;0;0.318;0.199;0.23;25.1;25;26;0.305129;29;29;29;0;154.281;154.281;159.324;0;0;0;0;0;0;0;24;1
2026-04-25 17:11:00;sin_act_cocina_comedor;0.266;0.312;0.182;0.22;25;25;25;0;29;29;29;0;158.895;67.691;158.895;0;0;0;0;0;0;1;24;1
2026-04-25 17:11:30;sin_act_cocina_comedor;0.28;0.3;0.209;0.219;25;25;25;0;29;29;29;0;153.75;67.691;159.735;0;0;0;0;0;0;1;25;1
2026-04-25 17:12:00;sin_act_cocina_comedor;0.307;0.313;0.193;0.23;25;25;25;0;29;29;29;0;155.259;152.995;191.754;0;0;0;0;0;0;1;23;1
2026-04-25 17:12:30;sin_act_cocina_comedor;0.277;0.32;0.201;0.226;25;25;25;0;29;29;29;0;159.015;68.223;162.891;0;0;0;0;0;0;1;22;1
2026-04-25 17:13:00;sin_act_cocina_comedor;0.286;0.312;0.181;0.246;25;25;25;0;29;29;29;0;159.444;68.326;159.444;0;0;0;0;0;0;1;25;1
2026-04-25 17:13:30;sin_act_cocina_comedor;0.287;0.314;0.19;0.217;25;25;25;0;29;29;29;0;158.655;69.097;159.444;0;0;0;0;0;0;1;25;1
2026-04-25 17:14:00;sin_act_cocina_comedor;0.291;0.309;0.174;0.229;25;25;25;0;29;29;29;0;158.809;67.76;159.289;0;0;0;0;0;0;1;24;1
2026-04-25 17:14:30;sin_act_cocina_comedor;0.264;0.294;0.194;0.222;25;25;25;0;29;29;29;0;162.513;64.467;162.513;0;0;0;0;0;0;1;22;1
2026-04-25 17:15:00;sin_act_cocina_comedor;0.278;0.334;0.233;0.233;24.866667;24;25;0.345746;29;29;29;0;153.458;68.617;162.513;0;0;0;0;0;0;0;22;1
2026-04-25 17:15:30;sin_act_cocina_comedor;0.281;0.312;0.19;0.212;24;24;24;0;29;29;29;0;153.784;68.549;159.272;0;0;0;0;0;0;1;25;1
2026-04-25 17:16:00;sin_act_cocina_comedor;0;0.317;0;0.238;24;24;24;0;29;29;29;0;158.586;67.348;158.929;0;0;0;0;0;0;0;24;1
2026-04-25 17:16:30;sin_act_cocina_comedor;0;0.293;0.175;0.204;24;24;24;0;29;29;29;0;159.066;68.651;159.066;0;0;0;0;0;0;1;25;1
2026-04-25 17:17:00;sin_act_cocina_comedor;0;0.298;0;0.211;24;24;24;0;29;29;29;0;153.527;153.527;159.444;0;0;0;0;0;0;0;25;1
2026-04-25 17:17:30;sin_act_cocina_comedor;0;0.297;0.211;0.211;24;24;24;0;29;29;29;0;158.003;69.183;158.963;0;0;0;0;0;0;1;25;1
2026-04-25 17:18:00;sin_act_cocina_comedor;0.278;0.3;0;0.211;24;24;24;0;29;29;29;0;158.655;69.217;158.946;0;0;0;0;0;0;1;20;1
2026-04-25 17:18:30;sin_act_cocina_comedor;0;0.314;0;0.207;24;24;24;0;29;29;29;0;157.3;46.065;158.655;0;0;0;0;0;0;1;25;1
2026-04-25 17:19:00;sin_act_cocina_comedor;0.266;0.313;0.179;0.202;24;24;24;0;29;29;29;0;158.586;67.863;158.706;0;0;0;0;0;0;0;25;1
2026-04-25 17:19:30;sin_act_cocina_comedor;0;0.291;0;0.206;24;24;24;0;29;29;29;0;158.054;68.754;158.637;0;0;0;0;0;0;1;24;1
2026-04-25 17:20:00;sin_act_cocina_comedor;0.281;0.298;0.18;0.212;24;24;24;0;29;29;29;0;158.62;154.453;158.998;0;0;0;0;0;0;1;26;1
2026-04-25 17:20:30;sin_act_cocina_comedor;0;0.297;0;0.208;24;24;24;0;29;29;29;0;69.183;68.188;159.032;0;0;0;0;0;0;1;26;1
2026-04-25 17:21:00;sin_act_cocina_comedor;0.267;0.304;0;0.205;24.666667;24;25;0.479463;29;29;29;0;154.83;69.457;195.904;0;0;0;0;0;0;1;26;1
2026-04-25 17:21:30;sin_act_cocina_comedor;0.267;0.3;0.185;0.22;25;25;25;0;29;29;29;0;154.762;69.063;159.306;0;0;0;0;0;0;1;30;1
2026-04-25 17:22:00;sin_act_cocina_comedor;0.262;0.301;0;0.227;25;25;25;0;29;29;29;0;158.878;107.325;172.34;0;0;0;0;0;0;1;25;1
2026-04-25 17:22:30;sin_act_cocina_comedor;0.282;0.322;0.191;0.206;25;25;25;0;29;29;29;0;153.492;127.545;188.307;0;0;0;0;0;0;1;25;1
2026-04-25 17:23:00;sin_act_cocina_comedor;0.271;0.327;0.193;0.193;25;25;25;0;29;29;29;0;159.015;69.183;159.015;0;0;0;0;0;0;1;25;1
2026-04-25 17:23:30;sin_act_cocina_comedor;0.271;0.323;0.182;0.211;25;25;25;0;29;29;29;0;158.963;64.21;159.015;0;0;0;0;0;0;0;25;1
2026-04-25 17:24:00;sin_act_cocina_comedor;0;0.321;0;0.211;25;25;25;0;29;29;29;0;169.185;69.132;169.185;0;0;0;0;0;0;1;20;1
2026-04-25 17:24:30;sin_act_cocina_comedor;0;0.3;0;0.199;25;25;25;0;29;29;29;0;154.71;68.24;169.185;0;0;0;0;0;0;1;26;1
2026-04-25 17:25:00;sin_act_cocina_comedor;0.275;0.306;0;0.211;25;25;25;0;29;29;29;0;158.672;65.153;159.032;0;0;0;0;0;0;1;24;1
2026-04-25 17:25:30;sin_act_cocina_comedor;0.307;0.326;0.192;0.213;25;25;25;0;29;29;29;0;158.157;64.673;158.655;0;0;0;0;0;0;0;25;1
2026-04-25 17:26:00;sin_act_cocina_comedor;0.288;0.311;0.196;0.236;25;25;25;0;29;29;29;0;69.149;64.638;159.032;0;0;0;0;0;0;1;25;1
2026-04-25 17:26:30;sin_act_cocina_comedor;0.275;0.306;0.23;0.23;25;25;25;0;29;29;29;0;157.711;68.72;212.609;0;0;0;0;0;0;1;20;1
2026-04-25 17:27:00;sin_act_cocina_comedor;0.269;0.305;0.223;0.232;25;25;25;0;29;29;29;0;158.878;153.87;158.98;0;0;0;0;0;0;1;27;1
2026-04-25 17:27:30;sin_act_cocina_comedor;0;0.295;0.175;0.227;25;25;25;0;29;29;29;0;158.02;70.041;158.912;0;0;0;0;0;0;1;23;1
2026-04-25 17:28:00;sin_act_cocina_comedor;0;0.327;0.181;0.221;25;25;25;0;29;29;29;0;159.632;152.978;184.74;0;0;0;0;0;0;0;22;1
2026-04-25 17:28:30;sin_act_cocina_comedor;0.271;0.315;0;0.212;25.133333;25;26;0.345746;29;29;29;0;153.956;153.51;159.889;0;0;0;0;0;0;1;28;1
2026-04-25 17:29:00;sin_act_cocina_comedor;0;0.288;0.175;0.218;26;26;26;0;29;29;29;0;154.796;64.69;159.392;0;0;0;0;0;0;1;25;1
2026-04-25 17:29:30;sin_act_cocina_comedor;0;0.332;0.192;0.203;26;26;26;0;29;29;29;0;159.495;69.149;159.495;0;0;0;0;0;0;1;25;1
2026-04-25 17:30:00;sin_act_cocina_comedor;0.266;0.316;0;0.197;26;26;26;0;29;29;29;0;154.093;67.863;159.495;0;0;0;0;0;0;1;21;1
2026-04-25 17:30:30;sin_act_cocina_comedor;0;0.294;0.191;0.204;26;26;26;0;29;29;29;0;158.62;67.485;159.083;0;0;0;0;0;0;0;30;1
2026-04-25 17:31:00;sin_act_cocina_comedor;0.275;0.319;0.188;0.223;26;26;26;0;29;29;29;0;156.082;64.244;159.667;0;0;0;0;0;0;1;25;1
2026-04-25 17:31:30;sin_act_cocina_comedor;0;0.306;0.174;0.217;26;26;26;0;29;29;29;0;158.226;64.518;183.436;0;0;0;0;0;0;0;25;1
2026-04-25 17:32:00;sin_act_cocina_comedor;0.289;0.303;0.184;0.225;26;26;26;0;29;29;29;0;158.209;68.72;158.637;0;0;0;0;0;0;1;28;1
2026-04-25 17:32:30;sin_act_cocina_comedor;0;0.304;0.182;0.209;26;26;26;0;29;29;29;0;158.277;65.05;158.655;0;0;0;0;0;0;1;22;1
2026-04-25 17:33:00;sin_act_cocina_comedor;0;0.294;0.196;0.205;26;26;26;0;29;29;29;0;69.183;64.175;159.032;0;0;0;0;0;0;1;30;1
2026-04-25 17:33:30;sin_act_cocina_comedor;0.265;0.324;0.19;0.201;26;26;26;0;29;29;29;0;154.744;153.458;158.586;0;0;0;0;0;0;1;30;1
2026-04-25 17:34:00;sin_act_cocina_comedor;0.268;0.313;0.194;0.213;26;26;26;0;29;29;29;0;157.951;50.678;159.752;0;0;0;0;0;0;0;23;1
2026-04-25 17:34:30;sin_act_cocina_comedor;0.267;0.319;0.188;0.249;26;26;26;0;29;29;29;0;158.535;68.737;158.535;0;0;0;0;0;0;1;22;1
2026-04-25 17:35:00;sin_act_cocina_comedor;0;0.316;0.183;0.23;26;26;26;0;29;29;29;0;158.037;68.206;158.98;0;0;0;0;0;0;0;30;1
2026-04-25 17:35:30;sin_act_cocina_comedor;0;0.323;0;0.213;26;26;26;0;29;29;29;0;158.38;68.72;158.62;0;0;0;0;0;0;1;30;1
2026-04-25 17:36:00;sin_act_cocina_comedor;0;0.305;0.182;0.208;26;26;26;0;29;29;29;0;155.036;69.08;174.724;0;0;0;0;0;0;0;19;1
2026-04-25 17:36:30;sin_act_cocina_comedor;0.281;0.293;0.177;0.205;26;26;26;0;29;29;29;0;152.892;67.708;158.792;0;0;0;0;0;0;1;30;1
2026-04-25 17:37:00;sin_act_cocina_comedor;0;0.284;0.175;0.206;26;26;26;0;29;29;29;0;69.355;63.987;158.689;0;0;0;0;0;0;1;26;1
2026-04-25 17:37:30;sin_act_cocina_comedor;0.282;0.308;0.196;0.212;26;26;26;0;29;29;29;0;152.464;64.518;155.499;0;0;0;0;0;0;1;24;1
2026-04-25 17:38:00;sin_act_cocina_comedor;0.277;0.326;0.189;0.221;26;26;26;0;29;29;29;0;157.677;64.072;159.238;0;0;0;0;0;0;0;21;1
2026-04-25 17:38:30;sin_act_cocina_comedor;0.279;0.315;0.178;0.22;26;26;26;0;29;29;29;0;158.02;70.847;181.018;0;0;0;0;0;0;1;25;1
2026-04-25 17:39:00;sin_act_cocina_comedor;0.27;0.368;0.214;0.235;26;26;26;0;29;29;29;0;158.449;148.639;159.272;0;0;0;0;0;0;1;25;1
2026-04-25 17:39:30;sin_act_cocina_comedor;0.275;0.308;0.193;0.223;26;26;26;0;29;29;29;0;154.642;68.651;161.09;0;0;0;0;0;0;1;20;1
2026-04-25 17:40:00;sin_act_cocina_comedor;0.311;0.34;0.208;0.225;26;26;26;0;29;29;29;0;158.363;67.691;158.363;0;0;0;0;0;0;1;29;1
2026-04-25 17:40:30;sin_act_cocina_comedor;0.297;0.346;0.189;0.229;26;26;26;0;29;29;29;0;152.189;65.376;158.758;0;0;0;0;0;0;1;21;1
2026-04-25 17:41:00;sin_act_cocina_comedor;0.283;0.32;0.191;0.234;26.533333;26;27;0.507416;29;29;29;0;98.955;68.531;159.169;0;0;0;0;0;0;1;25;1
2026-04-25 17:41:30;sin_act_cocina_comedor;0.294;0.334;0.2;0.249;27;27;27;0;29.866667;29;30;0.345746;158.397;64.776;159.649;0;0;0;0;0;0;1;26;1
2026-04-25 17:42:00;sin_act_cocina_comedor;0.296;0.299;0.217;0.236;27;27;27;0;30;30;30;0;158.157;64.467;169.631;0;0;0;0;0;0;1;20;1
2026-04-25 17:42:30;sin_act_cocina_comedor;0.293;0.33;0.188;0.252;27;27;27;0;30;30;30;0;153.681;67.657;178.257;0;0;0;0;0;0;1;30;1
2026-04-25 17:43:00;sin_act_cocina_comedor;0.27;0.315;0.184;0.226;27;27;27;0;30;30;30;0;153.733;67.262;158.346;0;0;0;0;0;0;1;25;1
2026-04-25 17:43:30;sin_act_cocina_comedor;0;0.314;0.217;0.228;27;27;27;0;30;30;30;0;157.849;64.518;159.238;0;0;0;0;0;0;1;25;1
2026-04-25 17:44:00;sin_act_cocina_comedor;0.275;0.307;0.19;0.217;27;27;27;0;30;30;30;0;157.488;47.265;158.466;0;0;0;0;0;0;1;25;1
2026-04-25 17:44:30;sin_act_cocina_comedor;0.267;0.307;0.202;0.225;27;27;27;0;29.2;29;30;0.406838;64.896;64.896;158.723;0;0;0;0;0;0;1;25;1
2026-04-25 17:45:00;sin_act_cocina_comedor;0.302;0.308;0.181;0.222;27;27;27;0;29;29;29;0;158.363;68.188;168.07;0;0;0;0;0;0;1;25;1
2026-04-25 17:45:30;sin_act_cocina_comedor;0.268;0.308;0.191;0.222;27;27;27;0;29.766667;29;30;0.430183;153.252;64.09;173.369;0;0;0;0;0;0;1;21;1
2026-04-25 17:46:00;sin_act_cocina_comedor;0.262;0.309;0.196;0.218;27;27;27;0;30;30;30;0;158.363;68.223;162.273;0;0;0;0;0;0;0;29;1
2026-04-25 17:46:30;sin_act_cocina_comedor;0.281;0.293;0;0.217;27;27;27;0;30;30;30;0;158.809;67.657;182.973;0;0;0;0;0;0;1;25;1
2026-04-25 17:47:00;sin_act_cocina_comedor;0;0.363;0;0.218;27;27;27;0;30;30;30;0;157.969;64.621;168.43;1;29;1;0;9;1;1;25;1
2026-04-25 17:47:30;sin_act_cocina_comedor;0.27;0.291;0.187;0.222;27;27;27;0;29.6;29;30;0.498273;153.698;67.691;158.552;1;30;1;0;0;0;1;26;1
2026-04-25 17:48:00;sin_act_cocina_comedor;0.263;0.324;0.178;0.214;27;27;27;0;29.7;29;30;0.466092;158.517;69.457;158.603;0;22;1;0;0;0;1;25;1
2026-04-25 17:48:30;sin_act_cocina_comedor;0.294;0.312;0.186;0.23;27;27;27;0;30;30;30;0;157.626;69.921;158.535;0;0;0;0;0;0;1;24;1
2026-04-25 17:49:00;sin_act_cocina_comedor;0.271;0.326;0.193;0.229;27;27;27;0;30;30;30;0;158.929;64.09;158.929;0;0;0;0;0;0;0;20;1
2026-04-25 17:49:30;sin_act_cocina_comedor;0.282;0.333;0;0.229;27;27;27;0;30;30;30;0;158.517;68.651;185.803;0;0;0;0;0;0;1;25;1
2026-04-25 17:50:00;sin_act_cocina_comedor;0.282;0.287;0.19;0.215;26.666667;26;27;0.479463;30;30;30;0;158.02;68.549;158.552;0;0;0;0;0;0;1;25;1
2026-04-25 17:50:30;sin_act_cocina_comedor;0;0.332;0.196;0.22;26;26;26;0;30;30;30;0;69.063;67.794;158.706;0;0;0;0;0;0;1;30;1
2026-04-25 17:51:00;sin_act_cocina_comedor;0;0.31;0.205;0.226;26;26;26;0;30;30;30;0;157.317;69.063;157.797;0;0;0;0;0;0;1;25;1
2026-04-25 17:51:30;sin_act_cocina_comedor;0;0.372;0.18;0.233;26;26;26;0;30;30;30;0;153.184;68.223;158.226;0;0;0;0;0;0;1;22;1
2026-04-25 17:52:00;sin_act_cocina_comedor;0.262;0.297;0.189;0.214;26;26;26;0;30;30;30;0;157.883;69.029;158.209;0;0;0;0;0;0;1;23;1
2026-04-25 17:52:30;sin_act_cocina_comedor;0;0.291;0.193;0.221;26;26;26;0;30;30;30;0;69.029;68.72;159.718;0;0;0;0;0;0;1;25;1
2026-04-25 17:53:00;sin_act_cocina_comedor;0.267;0.297;0.218;0.228;26;26;26;0;30;30;30;0;158.037;63.987;184.465;0;0;0;0;0;0;1;25;1
2026-04-25 17:53:30;sin_act_cocina_comedor;0.303;0.322;0.207;0.236;26;26;26;0;30;30;30;0;158.26;67.811;181.824;0;0;0;0;0;0;1;25;1
2026-04-25 17:54:00;sin_act_cocina_comedor;0.292;0.317;0.23;0.234;26;26;26;0;30;30;30;0;154.024;68.137;158.329;0;0;0;0;0;0;1;25;1
2026-04-25 17:54:30;sin_act_cocina_comedor;0.28;0.301;0.21;0.225;26;26;26;0;30;30;30;0;159.083;69.921;159.083;0;0;0;0;0;0;1;25;1
2026-04-25 17:55:00;sin_act_cocina_comedor;0.268;0.387;0.187;0.231;26;26;26;0;30;30;30;0;153.561;67.279;158.277;0;0;0;0;0;0;0;26;1
2026-04-25 17:55:30;sin_act_cocina_comedor;0.264;0.302;0.198;0.218;26;26;26;0;30;30;30;0;154.144;68.188;158.432;0;0;0;0;0;0;1;23;1
2026-04-25 17:56:00;sin_act_cocina_comedor;0.279;0.348;0.179;0.224;26;26;26;0;30;30;30;0;152.789;69.08;170.557;0;0;0;0;0;0;1;21;1
2026-04-25 17:56:30;sin_act_cocina_comedor;0.268;0.316;0.181;0.202;26;26;26;0;30;30;30;0;68.926;64.45;160.833;0;0;0;0;0;0;1;26;1
2026-04-25 17:57:00;sin_act_cocina_comedor;0.321;0.378;0.185;0.223;26;26;26;0;30;30;30;0;158.363;64.518;158.655;0;0;0;0;0;0;1;26;1
2026-04-25 17:57:30;sin_act_cocina_comedor;0.277;0.329;0.206;0.206;26;26;26;0;30;30;30;0;158.672;64.45;158.672;0;0;0;0;0;0;1;30;1
2026-04-25 17:58:00;sin_act_cocina_comedor;0.274;0.328;0;0.225;26;26;26;0;30;30;30;0;152.721;64.45;167.693;0;0;0;0;0;0;1;25;1
2026-04-25 17:58:30;sin_act_cocina_comedor;0.314;0.325;0;0.234;26;26;26;0;30;30;30;0;68.617;67.708;157.969;0;0;0;0;0;0;1;21;1
2026-04-25 17:59:00;sin_act_cocina_comedor;0.277;0.309;0;0.211;26;26;26;0;30;30;30;0;69.509;64.107;173.318;0;0;0;0;0;0;0;30;1
2026-04-25 17:59:30;sin_act_cocina_comedor;0.292;0.309;0.213;0.228;26;26;26;0;30;30;30;0;69.457;64.518;182.356;0;0;0;0;0;0;1;25;1
2026-04-25 18:00:00;sin_act_cocina_comedor;0.29;0.392;0.186;0.216;26;26;26;0;30;30;30;0;157.334;68.223;157.866;0;0;0;0;0;0;1;20;1
2026-04-25 18:00:30;sin_act_cocina_comedor;0.314;0.329;0.194;0.256;26;26;26;0;30;30;30;0;157.351;69.046;157.814;0;0;0;0;0;0;1;29;1
2026-04-25 18:01:00;sin_act_cocina_comedor;0.262;0.309;0.198;0.219;26;26;26;0;30;30;30;0;162.239;64.09;162.239;0;0;0;0;0;0;1;21;1
2026-04-25 18:01:30;sin_act_cocina_comedor;0.266;0.311;0.202;0.219;26;26;26;0;30;30;30;0;157.008;63.729;162.239;0;0;0;0;0;0;0;25;1
2026-04-25 18:02:00;sin_act_cocina_comedor;0.264;0.3;0;0.191;26;26;26;0;30;30;30;0;158.277;68.223;158.329;0;0;0;0;0;0;1;25;1
2026-04-25 18:02:30;sin_act_cocina_comedor;0.266;0.299;0;0.2;26;26;26;0;30;30;30;0;157.591;68.12;158.483;0;0;0;0;0;0;1;20;1
2026-04-25 18:03:00;sin_act_cocina_comedor;0;0.316;0;0.203;26;26;26;0;30;30;30;0;157.591;68.6;184.585;0;0;0;0;0;0;1;30;1
2026-04-25 18:03:30;sin_act_cocina_comedor;0.283;0.337;0.174;0.204;26;26;26;0;30;30;30;0;158.329;64.09;158.483;0;0;0;0;0;0;1;30;1
2026-04-25 18:04:00;sin_act_cocina_comedor;0.291;0.324;0.189;0.216;26;26;26;0;30;30;30;0;158.38;68.086;158.38;0;0;0;0;0;0;1;24;1
2026-04-25 18:04:30;sin_act_cocina_comedor;0.324;0.331;0.19;0.214;26;26;26;0;30;30;30;0;156.374;36.632;157.969;0;0;0;0;0;0;1;22;1
2026-04-25 18:05:00;sin_act_cocina_comedor;0.282;0.305;0.196;0.229;26;26;26;0;30;30;30;0;153.595;64.004;158.277;0;0;0;0;0;0;1;25;1
2026-04-25 18:05:30;sin_act_cocina_comedor;0.27;0.329;0.184;0.224;26;26;26;0;30;30;30;0;157.557;64.947;158.38;0;0;0;0;0;0;1;25;1
2026-04-25 18:06:00;sin_act_cocina_comedor;0.265;0.313;0.178;0.215;26;26;26;0;30;30;30;0;154.521;64.947;158.02;0;0;0;0;0;0;1;25;1
2026-04-25 18:06:30;sin_act_cocina_comedor;0.278;0.333;0.177;0.225;26;26;26;0;30;30;30;0;155.671;65.119;183.642;0;0;0;0;0;0;0;25;1
2026-04-25 18:07:00;sin_act_cocina_comedor;0.27;0.311;0;0.218;26;26;26;0;30;30;30;0;159.238;64.038;159.238;0;0;0;0;0;0;1;20;1
2026-04-25 18:07:30;sin_act_cocina_comedor;0.286;0.305;0;0.228;26;26;26;0;30;30;30;0;69.509;64.827;158.637;0;0;0;0;0;0;1;25;1
2026-04-25 18:08:00;sin_act_cocina_comedor;0.271;0.292;0.193;0.215;26;26;26;0;30;30;30;0;158.226;69.509;158.74;0;0;0;0;0;0;1;25;1
2026-04-25 18:08:30;sin_act_cocina_comedor;0.262;0.298;0.176;0.222;26;26;26;0;30;30;30;0;154.47;65.273;158.329;0;0;0;0;0;0;1;25;1
2026-04-25 18:09:00;sin_act_cocina_comedor;0.279;0.306;0;0.21;26;26;26;0;30;30;30;0;153.613;68.497;159.049;0;0;0;0;0;0;1;30;1
2026-04-25 18:09:30;sin_act_cocina_comedor;0;0.327;0.208;0.232;26;26;26;0;30;30;30;0;152.241;68.514;174.758;0;0;0;0;0;0;1;20;1
2026-04-25 18:10:00;sin_act_cocina_comedor;0.276;0.303;0.232;0.243;26;26;26;0;30;30;30;0;159.872;67.605;159.872;0;0;0;0;0;0;1;30;1
2026-04-25 18:10:30;sin_act_cocina_comedor;0.302;0.329;0.196;0.219;26;26;26;0;30;30;30;0;154.093;68.188;159.855;0;0;0;0;0;0;1;25;1
2026-04-25 18:11:00;sin_act_cocina_comedor;0.295;0.337;0.192;0.23;26;26;26;0;30;30;30;0;153.252;67.88;174.536;0;0;0;0;0;0;1;20;1
2026-04-25 18:11:30;sin_act_cocina_comedor;0.268;0.321;0.231;0.249;26;26;26;0;30;30;30;0;69.492;67.708;158.38;0;0;0;0;0;0;1;30;1
2026-04-25 18:12:00;sin_act_cocina_comedor;0.267;0.344;0.195;0.228;26;26;26;0;30;30;30;0;157.951;64.947;158.397;0;0;0;0;0;0;1;20;1
2026-04-25 18:12:30;sin_act_cocina_comedor;0.274;0.336;0.202;0.227;26;26;26;0;30;30;30;0;157.454;64.518;175.616;0;0;0;0;0;0;1;25;1
2026-04-25 18:13:00;sin_act_cocina_comedor;0.281;0.319;0.217;0.218;25.9;25;26;0.305129;30;30;30;0;155.31;64.09;157.9;0;0;0;0;0;0;1;25;1
2026-04-25 18:13:30;sin_act_cocina_comedor;0.303;0.336;0.193;0.221;25;25;25;0;30;30;30;0;153.492;68.549;158.689;0;0;0;0;0;0;1;25;1
2026-04-25 18:14:00;sin_act_cocina_comedor;0.293;0.346;0.204;0.223;25;25;25;0;30;30;30;0;154.865;75.7;157.626;0;0;0;0;0;0;1;25;1
2026-04-25 18:14:30;sin_act_cocina_comedor;0.285;0.323;0.193;0.238;25;25;25;0;30;30;30;0;154.813;150.954;158.706;0;0;0;0;0;0;1;25;1
2026-04-25 18:15:00;sin_act_cocina_comedor;0.275;0.324;0.215;0.222;25;25;25;0;30;30;30;0;67.76;67.76;159.203;0;0;0;0;0;0;1;25;1
2026-04-25 18:15:30;sin_act_cocina_comedor;0.274;0.34;0.177;0.222;25;25;25;0;30;30;30;0;157.643;64.467;158.74;0;0;0;0;0;0;1;21;1
2026-04-25 18:16:00;sin_act_cocina_comedor;0.274;0.321;0.178;0.221;25;25;25;0;30;30;30;0;157.283;67.691;158.174;0;0;0;0;0;0;0;25;1
2026-04-25 18:16:30;sin_act_cocina_comedor;0.262;0.32;0;0.209;25;25;25;0;30;30;30;0;153.853;50.404;158.415;0;0;0;0;0;0;0;25;1
2026-04-25 18:17:00;sin_act_cocina_comedor;0;0.3;0;0.208;25;25;25;0;30;30;30;0;68.24;67.76;158.312;0;0;0;0;0;0;0;25;1
2026-04-25 18:17:30;sin_act_cocina_comedor;0.263;0.283;0;0.207;25;25;25;0;30;30;30;0;157.849;68.549;177.897;0;0;0;0;0;0;1;25;1
2026-04-25 18:18:00;sin_act_cocina_comedor;0.283;0.332;0.182;0.218;26;26;26;0;30;30;30;0;65.616;65.616;187.278;1;1;1;0;0;0;1;20;1
2026-04-25 18:18:30;sin_act_cocina_comedor;0.266;0.304;0.174;0.235;26;26;26;0;30;30;30;0;158.277;67.691;158.706;1;30;1;0;0;0;1;30;1
2026-04-25 18:19:00;sin_act_cocina_comedor;0.269;0.305;0.189;0.227;26;26;26;0;30;30;30;0;157.334;70.675;158.277;1;30;1;0;0;0;1;25;1
2026-04-25 18:19:30;sin_act_cocina_comedor;0.279;0.308;0.183;0.216;26;26;26;0;30;30;30;0;153.012;69.886;158.946;0;29;1;0;0;0;1;21;1
2026-04-25 18:20:00;sin_act_cocina_comedor;0;0.31;0.205;0.224;26;26;26;0;30;30;30;0;153.492;67.965;159.289;0;0;0;0;0;0;1;24;1
2026-04-25 18:20:30;sin_act_cocina_comedor;0.284;0.3;0.198;0.219;26;26;26;0;30;30;30;0;153.595;67.605;158.174;0;0;0;0;0;0;1;25;1
2026-04-25 18:21:00;sin_act_cocina_comedor;0;0.295;0.198;0.207;26;26;26;0;30;30;30;0;152.721;69.509;158.689;0;0;0;0;0;0;0;25;1
2026-04-25 18:21:30;sin_act_cocina_comedor;0.267;0.325;0.192;0.227;26;26;26;0;30;30;30;0;153.973;67.811;159.118;1;26;1;0;0;0;1;20;1
2026-04-25 18:22:00;sin_act_cocina_comedor;0;0.308;0.191;0.217;26;26;26;0;30;30;30;0;68.909;68.909;154.041;1;29;1;0;0;0;1;25;1
2026-04-25 18:22:30;sin_act_cocina_comedor;0.284;0.331;0.216;0.223;26;26;26;0;30;30;30;0;155.859;67.691;159.118;1;30;1;0;0;0;1;24;1
2026-04-25 18:23:00;sin_act_cocina_comedor;0.28;0.336;0.196;0.22;26;26;26;0;30;30;30;0;157.9;64.896;176.559;0;15;1;0;0;0;1;22;1
2026-04-25 18:23:30;sin_act_cocina_comedor;0.285;0.314;0.204;0.22;26;26;26;0;30;30;30;0;157.591;125.607;188.461;0;0;0;0;0;0;1;29;1
2026-04-25 18:24:00;sin_act_cocina_comedor;0.277;0.302;0.176;0.223;26;26;26;0;30;30;30;0;155.448;68.223;157.951;0;0;0;0;0;0;1;18;1
2026-04-25 18:24:30;sin_act_cocina_comedor;0.282;0.324;0.182;0.242;26;26;26;0;30;30;30;0;157.951;69.492;179.046;0;0;0;0;0;0;0;25;1
2026-04-25 18:25:00;sin_act_cocina_comedor;0.29;0.324;0.197;0.238;26;26;26;0;30;30;30;0;153.75;68.223;158.432;0;0;0;0;0;0;1;30;1
2026-04-25 18:25:30;sin_act_cocina_comedor;0.28;0.293;0.185;0.213;26;26;26;0;30;30;30;0;157.934;63.987;166.235;1;30;1;0;0;0;1;21;1
2026-04-25 18:26:00;sin_act_cocina_comedor;0.273;0.304;0.196;0.22;26;26;26;0;30;30;30;0;183.728;64.467;183.728;1;30;1;0;0;0;1;23;1
2026-04-25 18:26:30;sin_act_cocina_comedor;0.272;0.306;0.188;0.225;26;26;26;0;30;30;30;0;153.287;68.137;185.46;0;6;1;0;0;0;1;25;1
2026-04-25 18:27:00;sin_act_cocina_comedor;0.28;0.311;0.191;0.213;26;26;26;0;30;30;30;0;157.934;64.055;158.758;0;0;0;0;0;0;1;25;1
2026-04-25 18:27:30;sin_act_cocina_comedor;0.288;0.33;0.191;0.228;26;26;26;0;30;30;30;0;68.206;67.691;160.575;0;0;0;0;0;0;1;25;1
2026-04-25 18:28:00;sin_act_cocina_comedor;0.292;0.331;0.195;0.226;26.7;26;27;0.466092;30;30;30;0;157.506;69.509;167.555;0;0;0;0;0;0;1;22;1
2026-04-25 18:28:30;sin_act_cocina_comedor;0.297;0.341;0.195;0.226;27;27;27;0;30;30;30;0;138.589;68.223;158.363;1;3;1;0;0;0;1;23;1
2026-04-25 18:29:00;uso_lavaplatos;0.296;0.297;0.204;0.227;27;27;27;0;30;30;30;0;64.347;64.347;200.655;1;30;1;1;29;1;1;22;1
2026-04-25 18:29:30;sin_act_cocina_comedor;0;0.325;0.213;0.229;27;27;27;0;30;30;30;0;60.076;60.076;197.208;1;30;1;0;16;1;1;28;1
2026-04-25 18:30:00;sin_act_cocina_comedor;0.265;0.368;0.184;0.221;27;27;27;0;30;30;30;0;157.797;67.76;187.655;1;30;1;0;0;0;0;25;1
2026-04-25 18:30:30;sin_act_cocina_comedor;0.267;0.301;0.198;0.225;27;27;27;0;30;30;30;0;157.454;63.969;158.277;0;12;1;0;0;0;1;30;1
2026-04-25 18:31:00;sin_act_cocina_comedor;0.283;0.31;0.188;0.214;27;27;27;0;30;30;30;0;68.24;64.535;157.917;0;0;0;0;0;0;1;26;1
2026-04-25 18:31:30;sin_act_cocina_comedor;0.265;0.36;0.179;0.219;27;27;27;0;30;30;30;0;69.818;68.223;155.791;0;0;0;0;0;0;1;25;1
2026-04-25 18:32:00;sin_act_cocina_comedor;0.282;0.315;0.183;0.226;27;27;27;0;30;30;30;0;153.235;64.158;155.791;0;0;0;0;0;0;1;25;1
2026-04-25 18:32:30;sin_act_cocina_comedor;0.264;0.297;0.203;0.239;27;27;27;0;30;30;30;0;69.886;64.827;158.329;0;0;0;0;0;0;1;22;1
2026-04-25 18:33:00;sin_act_cocina_comedor;0.282;0.34;0.23;0.23;27;27;27;0;30;30;30;0;157.506;67.708;158.432;0;0;0;0;0;0;0;23;1
2026-04-25 18:33:30;sin_act_cocina_comedor;0;0.356;0;0.227;27;27;27;0;30;30;30;0;153.235;64.45;196.127;0;0;0;0;0;0;1;25;1
2026-04-25 18:34:00;sin_act_cocina_comedor;0.27;0.316;0.183;0.217;27.166667;27;28;0.379049;30;30;30;0;147.198;68.651;158.792;0;0;0;0;0;0;1;25;1
2026-04-25 18:34:30;sin_act_cocina_comedor;0.297;0.333;0.187;0.229;28;28;28;0;30;30;30;0;148.776;64.038;162.273;0;0;0;0;0;0;1;25;1
2026-04-25 18:35:00;sin_act_cocina_comedor;0.281;0.302;0.193;0.22;28;28;28;0;30;30;30;0;154.041;64.364;163.645;0;0;0;0;0;0;1;8;1
2026-04-25 18:35:30;sin_act_cocina_comedor;0.297;0.298;0.188;0.256;28;28;28;0;30;30;30;0;68.651;39.479;158.706;1;12;1;0;0;0;1;0;0
2026-04-25 18:36:00;sin_act_cocina_comedor;0.313;0.314;0.185;0.223;28;28;28;0;30;30;30;0;148.982;64.501;175.479;1;30;1;0;0;0;1;0;0
2026-04-25 18:36:30;sin_act_cocina_comedor;0.283;0.313;0.195;0.223;28;28;28;0;30;30;30;0;154.093;68.086;157.951;1;30;1;0;0;0;1;0;0
2026-04-25 18:37:00;sin_act_cocina_comedor;0;0.299;0.192;0.226;28;28;28;0;30;30;30;0;157.969;46.717;157.969;1;30;1;0;0;0;1;0;0
2026-04-25 18:37:30;sin_act_cocina_comedor;0.281;0.345;0.192;0.222;28;28;28;0;30;30;30;0;154.093;67.777;157.969;1;30;1;0;0;0;1;0;0
2026-04-25 18:38:00;sin_act_cocina_comedor;0.299;0.316;0.174;0.233;28;28;28;0;30;30;30;0;153.647;64.004;157.917;0;19;1;0;0;0;1;0;0
2026-04-25 18:38:30;sin_act_cocina_comedor;0.267;0.338;0.219;0.219;28;28;28;0;30;30;30;0;157.488;67.451;158.329;0;0;0;0;0;0;1;0;0
2026-04-25 18:39:00;sin_act_cocina_comedor;0.272;0.312;0.244;0.244;28.766667;28;29;0.430183;29.933333;29;30;0.253708;153.664;67.708;197.928;0;0;0;0;0;0;1;0;0
2026-04-25 18:39:30;sin_act_cocina_comedor;0.276;0.291;0.191;0.219;29;29;29;0;29.066667;29;30;0.253708;69.869;68.188;158.089;0;0;0;0;0;0;1;0;0
2026-04-25 18:40:00;sin_act_cocina_comedor;0.274;0.299;0.18;0.225;29;29;29;0;30;30;30;0;67.794;64.467;158.535;0;0;0;0;0;0;1;0;0
2026-04-25 18:40:30;sin_act_cocina_comedor;0.262;0.325;0.18;0.202;29;29;29;0;30;30;30;0;70.246;43.098;157.951;1;11;1;0;0;0;1;0;0
2026-04-25 18:41:00;sin_act_cocina_comedor;0.269;0.306;0.195;0.222;29;29;29;0;30;30;30;0;154.882;63.661;191.754;1;30;1;0;0;0;0;0;0
2026-04-25 18:41:30;sin_act_cocina_comedor;0.286;0.292;0.201;0.236;29;29;29;0;30;30;30;0;154.367;67.691;158.277;0;9;1;0;0;0;1;0;0
2026-04-25 18:42:00;sin_act_cocina_comedor;0.278;0.31;0.2;0.25;28.666667;28;29;0.479463;30;30;30;0;69.492;68.549;159.495;0;0;0;0;0;0;1;0;0
2026-04-25 18:42:30;sin_act_cocina_comedor;0;0.323;0.211;0.242;28;28;28;0;30;30;30;0;121.542;67.382;158.294;0;0;0;0;0;0;0;0;0
2026-04-25 18:43:00;sin_act_cocina_comedor;0.263;0.302;0.186;0.227;29;29;29;0;30;30;30;0;154.144;67.297;189.147;0;0;0;0;0;0;1;0;0
2026-04-25 18:43:30;sin_act_cocina_comedor;0.282;0.309;0.19;0.227;29;29;29;0;30;30;30;0;153.698;62.289;158.38;0;0;0;0;0;0;1;0;0
2026-04-25 18:44:00;sin_act_cocina_comedor;0.276;0.305;0.202;0.233;29;29;29;0;30;30;30;0;153.75;64.518;158.02;0;0;0;0;0;0;1;5;1
2026-04-25 18:44:30;sin_act_cocina_comedor;0;0.274;0.184;0.211;29;29;29;0;30;30;30;0;154.556;64.518;158.003;0;0;0;0;0;0;1;26;1
2026-04-25 18:45:00;sin_act_cocina_comedor;0;0.297;0.192;0.211;29;29;29;0;30;30;30;0;153.664;67.76;157.951;0;0;0;0;0;0;1;25;1
2026-04-25 18:45:30;sin_act_cocina_comedor;0;0.3;0.205;0.232;29;29;29;0;30;30;30;0;153.167;63.558;155.362;0;0;0;0;0;0;1;25;1
2026-04-25 18:46:00;sin_act_cocina_comedor;0;0.31;0.183;0.218;29;29;29;0;30;30;30;0;154.521;68.617;158.809;0;0;0;0;0;0;0;25;1
2026-04-25 18:46:30;sin_act_cocina_comedor;0.282;0.283;0.184;0.203;29;29;29;0;30;30;30;0;69.389;64.433;158.243;0;0;0;0;0;0;1;25;1
2026-04-25 18:47:00;sin_act_cocina_comedor;0;0.301;0.176;0.214;29;29;29;0;30;30;30;0;64.896;64.896;165.48;0;0;0;0;0;0;1;25;1
2026-04-25 18:47:30;sin_act_cocina_comedor;0.294;0.294;0;0.196;29;29;29;0;30;30;30;0;69.08;63.626;155.533;0;0;0;0;0;0;1;25;1
2026-04-25 18:48:00;sin_act_cocina_comedor;0;0.294;0;0.196;29;29;29;0;30;30;30;0;158.329;67.485;175.359;0;0;0;0;0;0;1;25;1
2026-04-25 18:48:30;sin_act_cocina_comedor;0.28;0.288;0.196;0.23;29;29;29;0;30;30;30;0;67.382;64.587;158.329;0;0;0;0;0;0;1;30;1
2026-04-25 18:49:00;sin_act_cocina_comedor;0;0.291;0.178;0.214;29;29;29;0;30;30;30;0;156.957;64.947;169.819;0;0;0;0;0;0;0;25;1
2026-04-25 18:49:30;sin_act_cocina_comedor;0.265;0.309;0.2;0.219;28.866667;28;29;0.345746;30;30;30;0;158.363;64.107;190.091;0;0;0;0;0;0;1;30;1
2026-04-25 18:50:00;sin_act_cocina_comedor;0.28;0.333;0.208;0.225;28.466667;28;29;0.507416;30;30;30;0;155.07;68.326;158.054;0;0;0;0;0;0;1;30;1
2026-04-25 18:50:30;sin_act_cocina_comedor;0;0.324;0;0.229;29;29;29;0;30;30;30;0;154.453;64.467;158.329;0;0;0;0;0;0;1;30;1
2026-04-25 18:51:00;sin_act_cocina_comedor;0.354;0.354;0.18;0.209;29;29;29;0;30;30;30;0;153.184;26.565;166.99;0;0;0;0;0;0;1;22;1
2026-04-25 18:51:30;sin_act_cocina_comedor;0.28;0.354;0.201;0.222;29;29;29;0;30;30;30;0;154.933;64.896;158.329;0;0;0;0;0;0;1;26;1
2026-04-25 18:52:00;sin_act_cocina_comedor;0.314;0.318;0.175;0.22;29;29;29;0;30;30;30;0;154.196;68.651;157.849;0;0;0;0;0;0;1;26;1
2026-04-25 18:52:30;sin_act_cocina_comedor;0.268;0.314;0.193;0.213;28.966667;28;29;0.182574;30;30;30;0;153.527;45.773;155.979;0;0;0;0;0;0;1;26;1
2026-04-25 18:53:00;sin_act_cocina_comedor;0.281;0.366;0.18;0.226;28;28;28;0;30;30;30;0;154.865;69.046;154.865;0;0;0;0;0;0;1;30;1
2026-04-25 18:53:30;sin_act_cocina_comedor;0.285;0.312;0.184;0.223;28;28;28;0;30;30;30;0;153.132;69.372;154.865;0;0;0;0;0;0;1;20;1
2026-04-25 18:54:00;sin_act_cocina_comedor;0.279;0.307;0.185;0.223;28;28;28;0;30;30;30;0;153.149;67.76;154.933;0;0;0;0;0;0;1;25;1
2026-04-25 18:54:30;sin_act_cocina_comedor;0.268;0.302;0.215;0.221;28;28;28;0;30;30;30;0;138.761;69.046;157.266;0;0;0;0;0;0;1;25;1
2026-04-25 18:55:00;sin_act_cocina_comedor;0.268;0.296;0.182;0.206;28.666667;28;29;0.479463;30;30;30;0;152.241;67.588;158.14;0;0;0;0;0;0;1;21;1
2026-04-25 18:55:30;sin_act_cocina_comedor;0;0.367;0.182;0.208;29;29;29;0;30;30;30;0;152.669;69.286;169.219;0;0;0;0;0;0;1;29;1
2026-04-25 18:56:00;sin_act_cocina_comedor;0;0.308;0;0.207;29;29;29;0;30;30;30;0;153.887;64.038;154.521;0;0;0;0;0;0;1;25;1
2026-04-25 18:56:30;sin_act_cocina_comedor;0.285;0.325;0.192;0.213;29;29;29;0;30;30;30;0;67.382;67.382;158.655;1;16;1;0;0;0;1;20;1
2026-04-25 18:57:00;sin_act_cocina_comedor;0.301;0.336;0.19;0.226;29;29;29;0;30;30;30;0;153.132;64.844;157.866;1;30;1;0;0;0;1;26;1
2026-04-25 18:57:30;uso_lavaplatos;0.272;0.321;0.177;0.218;29;29;29;0;30;30;30;0;154.041;68.48;158.106;1;24;1;1;6;1;1;29;1
2026-04-25 18:58:00;sin_act_cocina_comedor;0.27;0.314;0.194;0.214;28.4;28;29;0.498273;30;30;30;0;157.3;64.535;157.9;1;30;1;0;4;1;1;24;1
2026-04-25 18:58:30;sin_act_cocina_comedor;0.282;0.329;0.177;0.229;28;28;28;0;30;30;30;0;154.676;64.467;158.02;1;29;1;0;0;0;1;27;1
2026-04-25 18:59:00;sin_act_cocina_comedor;0;0.321;0;0.213;28;28;28;0;30;30;30;0;157.9;64.004;175.016;0;10;1;0;0;0;1;23;1
2026-04-25 18:59:30;sin_act_cocina_comedor;0.293;0.306;0;0.219;28;28;28;0;30;30;30;0;157.523;64.535;158.329;0;0;0;0;0;0;1;25;1
2026-04-25 19:00:00;sin_act_cocina_comedor;0.265;0.307;0;0.244;28;28;28;0;30;30;30;0;69.492;68.188;158.312;0;0;0;0;0;0;1;25;1
2026-04-25 19:00:30;sin_act_cocina_comedor;0.272;0.305;0.218;0.218;28;28;28;0;30;30;30;0;153.715;64.415;175.17;0;0;0;0;0;0;1;25;1
2026-04-25 19:01:00;sin_act_cocina_comedor;0.265;0.337;0.187;0.23;28;28;28;0;30;30;30;0;64.364;45.533;155.396;0;0;0;0;0;0;1;25;1
2026-04-25 19:01:30;sin_act_cocina_comedor;0.277;0.332;0.199;0.224;28;28;28;0;30;30;30;0;154.041;64.467;157.883;1;30;1;0;0;0;1;30;1
2026-04-25 19:02:00;sin_act_cocina_comedor;0.278;0.361;0.189;0.21;28;28;28;0;30;30;30;0;64.467;64.467;158.294;1;30;1;0;0;0;1;25;1
2026-04-25 19:02:30;sin_act_cocina_comedor;0;0.321;0.197;0.213;28;28;28;0;30;30;30;0;157.523;68.188;158.02;1;30;1;0;0;0;1;25;1
2026-04-25 19:03:00;sin_act_cocina_comedor;0.294;0.309;0.192;0.213;28;28;28;0;30;30;30;0;153.287;67.811;175.204;1;30;1;0;11;1;1;25;1
2026-04-25 19:03:30;sin_act_cocina_comedor;0.276;0.364;0.19;0.233;28;28;28;0;30;30;30;0;154.127;68.651;154.607;1;30;1;0;0;0;1;25;1
2026-04-25 19:04:00;sin_act_cocina_comedor;0;0.317;0.223;0.233;28;28;28;0;30;30;30;0;157.849;68.634;186.746;1;30;1;0;0;0;1;21;1
2026-04-25 19:04:30;sin_act_cocina_comedor;0.291;0.308;0.186;0.223;28.433333;28;29;0.504007;30;30;30;0;157.951;63.609;158.329;0;5;1;0;0;0;1;28;1
2026-04-25 19:05:00;sin_act_cocina_comedor;0.276;0.303;0.184;0.221;28.233333;28;29;0.430183;30;30;30;0;69.046;64.467;158.329;0;0;0;0;0;0;1;20;1
2026-04-25 19:05:30;sin_act_cocina_comedor;0.315;0.315;0.181;0.218;28;28;28;0;30;30;30;0;68.171;67.76;157.866;0;0;0;0;0;0;1;25;1
2026-04-25 19:06:00;sin_act_cocina_comedor;0.264;0.34;0;0.208;28;28;28;0;30;30;30;0;153.733;47.128;199.626;0;0;0;0;0;0;1;30;1
2026-04-25 19:06:30;sin_act_cocina_comedor;0.297;0.302;0;0.212;28;28;28;0;30;30;30;0;153.252;67.331;160.747;0;0;0;0;0;0;1;25;1
2026-04-25 19:07:00;sin_act_cocina_comedor;0.265;0.297;0.185;0.218;28;28;28;0;30;30;30;0;158.706;64.09;158.706;0;0;0;0;0;0;1;18;1
2026-04-25 19:07:30;sin_act_cocina_comedor;0.277;0.315;0;0.217;28;28;28;0;30;30;30;0;154.161;67.382;158.792;0;0;0;0;0;0;1;29;1
2026-04-25 19:08:00;sin_act_cocina_comedor;0;0.352;0;0.231;28;28;28;0;30;30;30;0;154.642;39.153;156.322;0;0;0;0;0;0;1;21;1
2026-04-25 19:08:30;sin_act_cocina_comedor;0.267;0.341;0;0.219;28;28;28;0;30;30;30;0;154.024;65.307;155.31;0;0;0;0;0;0;1;25;1
2026-04-25 19:09:00;sin_act_cocina_comedor;0.299;0.368;0.174;0.209;28;28;28;0;30;30;30;0;154.487;63.987;201.855;0;0;0;0;0;0;1;30;1
2026-04-25 19:09:30;sin_act_cocina_comedor;0;0.295;0;0.189;28;28;28;0;30;30;30;0;153.99;67.691;173.009;0;0;0;0;0;0;1;20;1
2026-04-25 19:10:00;sin_act_cocina_comedor;0;0.308;0.198;0.207;28;28;28;0;30;30;30;0;152.395;68.6;187.707;0;0;0;0;0;0;1;29;1
2026-04-25 19:10:30;sin_act_cocina_comedor;0.268;0.307;0.178;0.21;28;28;28;0;30;30;30;0;64.107;64.107;154.916;0;0;0;0;0;0;1;20;1
2026-04-25 19:11:00;sin_act_cocina_comedor;0;0.379;0.182;0.214;28;28;28;0;30;30;30;0;154.041;64.107;154.985;0;0;0;0;0;0;1;25;1
2026-04-25 19:11:30;sin_act_cocina_comedor;0.299;0.31;0.189;0.224;28;28;28;0;30;30;30;0;152.892;69.046;175.342;0;0;0;0;0;0;1;24;1
2026-04-25 19:12:00;sin_act_cocina_comedor;0.273;0.306;0.179;0.203;28;28;28;0;30;30;30;0;154.985;63.712;161.433;0;0;0;0;0;0;1;23;1
2026-04-25 19:12:30;sin_act_cocina_comedor;0.326;0.326;0.2;0.21;28;28;28;0;30;30;30;0;153.218;67.605;157.9;0;0;0;0;0;0;1;25;1
2026-04-25 19:13:00;sin_act_cocina_comedor;0.299;0.312;0.177;0.221;28;28;28;0;30;30;30;0;157.934;64.09;158.397;1;9;1;0;9;1;1;24;1
2026-04-25 19:13:30;sin_act_cocina_comedor;0.298;0.313;0.2;0.224;28;28;28;0;30;30;30;0;153.338;64.415;155.448;1;30;1;0;0;0;1;25;1
2026-04-25 19:14:00;sin_act_cocina_comedor;0.269;0.311;0.204;0.216;28;28;28;0;30;30;30;0;155.053;68.651;159.701;1;30;1;0;0;0;1;19;1
2026-04-25 19:14:30;sin_act_cocina_comedor;0.3;0.3;0.195;0.221;28;28;28;0;30;30;30;0;155.499;70.401;166.904;0;2;1;0;0;0;1;25;1
2026-04-25 19:15:00;sin_act_cocina_comedor;0;0.3;0.176;0.221;28;28;28;0;30;30;30;0;155.465;153.818;158.86;0;0;0;0;0;0;1;30;1
2026-04-25 19:15:30;sin_act_cocina_comedor;0.275;0.318;0.195;0.224;28.4;28;29;0.498273;30;30;30;0;153.424;68.188;155.465;0;0;0;0;0;0;1;22;1
2026-04-25 19:16:00;sin_act_cocina_comedor;0.279;0.321;0.196;0.223;29;29;29;0;30;30;30;0;153.321;67.279;156.151;0;0;0;0;0;0;1;23;1
2026-04-25 19:16:30;sin_act_cocina_comedor;0.273;0.314;0.206;0.24;29;29;29;0;30;30;30;0;152.927;64.09;158.895;0;0;0;0;0;0;1;20;1
2026-04-25 19:17:00;sin_act_cocina_comedor;0.266;0.329;0.188;0.223;29;29;29;0;30;30;30;0;67.845;67.845;155.053;0;0;0;0;0;0;1;25;1
2026-04-25 19:17:30;uso_lavaplatos;0.3;0.319;0.199;0.199;29;29;29;0;30;30;30;0;158.277;64.45;184.5;1;22;1;1;23;1;1;19;1
2026-04-25 19:18:00;sin_act_cocina_comedor;0.274;0.323;0.196;0.205;29;29;29;0;30;30;30;0;69.08;64.312;158.449;1;30;1;0;12;1;1;26;1
2026-04-25 19:18:30;sin_act_cocina_comedor;0.267;0.313;0.202;0.219;29;29;29;0;30;30;30;0;155.928;52.668;155.979;1;30;1;0;0;0;1;30;1
2026-04-25 19:19:00;sin_act_cocina_comedor;0.268;0.312;0.223;0.223;29;29;29;0;30;30;30;0;157.934;69.457;158.946;1;25;1;0;8;1;1;26;1
2026-04-25 19:19:30;sin_act_cocina_comedor;0.281;0.299;0.205;0.228;29.633333;29;30;0.490133;30;30;30;0;155.053;64.09;158.963;1;30;1;0;0;0;1;20;1
2026-04-25 19:20:00;sin_act_cocina_comedor;0.268;0.303;0.201;0.234;30;30;30;0;30;30;30;0;69.475;63.609;199.9;0;20;1;0;0;0;1;25;1
2026-04-25 19:20:30;uso_lavaplatos;0.302;0.308;0.197;0.247;30;30;30;0;29.1;29;30;0.305129;69.457;64.021;158.329;1;15;1;1;8;1;1;30;1
2026-04-25 19:21:00;sin_act_cocina_comedor;0.279;0.315;0.195;0.223;30;30;30;0;29;29;29;0;156.031;68.24;158.826;1;30;1;0;5;1;1;24;1
2026-04-25 19:21:30;sin_act_cocina_comedor;0.285;0.307;0.191;0.222;30;30;30;0;29;29;29;0;153.407;67.76;166.972;1;30;1;0;0;0;1;21;1
2026-04-25 19:22:00;sin_act_cocina_comedor;0.312;0.313;0.192;0.219;30;30;30;0;29;29;29;0;69.046;68.223;158.98;1;30;1;0;0;0;1;30;1
2026-04-25 19:22:30;sin_act_cocina_comedor;0.27;0.285;0.205;0.216;30;30;30;0;29;29;29;0;69.08;63.678;183.522;1;30;1;0;0;0;1;25;1
2026-04-25 19:23:00;sin_act_cocina_comedor;0.269;0.341;0.177;0.219;30;30;30;0;29;29;29;0;68.171;67.76;187.707;1;30;1;0;0;0;1;30;1
2026-04-25 19:23:30;sin_act_cocina_comedor;0;0.311;0;0.225;30;30;30;0;29;29;29;0;154.985;64.518;158.895;1;30;1;0;0;0;1;21;1
2026-04-25 19:24:00;sin_act_cocina_comedor;0;0.333;0.217;0.217;30;30;30;0;29;29;29;0;158.809;39.651;158.809;1;30;1;0;0;0;1;29;1
2026-04-25 19:24:30;sin_act_cocina_comedor;0;0.299;0.205;0.212;30;30;30;0;29;29;29;0;154.024;64.518;158.655;0;6;1;0;0;0;1;29;1
2026-04-25 19:25:00;sin_act_cocina_comedor;0;0.284;0.178;0.202;30;30;30;0;29;29;29;0;154.213;64.038;158.706;0;0;0;0;0;0;1;30;1
2026-04-25 19:25:30;sin_act_cocina_comedor;0;0.297;0;0.192;30;30;30;0;29;29;29;0;154.144;25.005;155.43;0;0;0;0;0;0;1;30;1
2026-04-25 19:26:00;sin_act_cocina_comedor;0;0.275;0;0.187;30;30;30;0;29;29;29;0;156.271;67.794;177.605;0;0;0;0;0;0;1;26;1
2026-04-25 19:26:30;sin_act_cocina_comedor;0.296;0.327;0;0.191;30;30;30;0;29;29;29;0;158.38;52.873;172.718;0;0;0;0;0;0;1;30;1
2026-04-25 19:27:00;sin_act_cocina_comedor;0;0.338;0.177;0.216;30;30;30;0;29;29;29;0;155.859;67.382;158.38;0;0;0;0;0;0;1;24;1
2026-04-25 19:27:30;sin_act_cocina_comedor;0.262;0.303;0.206;0.214;30;30;30;0;29;29;29;0;69.08;68.188;160.661;0;0;0;0;0;0;1;25;1
2026-04-25 19:28:00;sin_act_cocina_comedor;0.266;0.336;0.178;0.219;30;30;30;0;29;29;29;0;154.624;68.188;192.92;0;0;0;0;0;0;1;30;1
2026-04-25 19:28:30;sin_act_cocina_comedor;0.27;0.351;0.182;0.207;30;30;30;0;29;29;29;0;158.312;68.617;184.174;0;0;0;0;0;0;1;30;1
2026-04-25 19:29:00;sin_act_cocina_comedor;0.278;0.301;0.181;0.21;30;30;30;0;29;29;29;0;154.161;68.171;158.329;0;0;0;0;0;0;1;30;1
2026-04-25 19:29:30;sin_act_cocina_comedor;0;0.301;0.218;0.218;30;30;30;0;29;29;29;0;158.86;67.863;158.86;0;0;0;0;0;0;1;30;1
2026-04-25 19:30:00;sin_act_cocina_comedor;0.273;0.311;0.191;0.24;30;30;30;0;29;29;29;0;69.406;68.617;158.86;0;0;0;0;0;0;0;30;1
2026-04-25 19:30:30;sin_act_cocina_comedor;0.29;0.348;0.193;0.22;30;30;30;0;29;29;29;0;158.397;67.348;158.415;0;0;0;0;0;0;0;30;1
2026-04-25 19:31:00;sin_act_cocina_comedor;0;0.29;0.174;0.23;30;30;30;0;29;29;29;0;67.743;64.107;158.912;0;0;0;0;0;0;1;30;1
2026-04-25 19:31:30;sin_act_cocina_comedor;0.28;0.304;0.199;0.221;30;30;30;0;29;29;29;0;158.363;68.188;158.432;0;0;0;0;0;0;1;25;1
2026-04-25 19:32:00;sin_act_cocina_comedor;0.273;0.292;0.207;0.25;30;30;30;0;29;29;29;0;157.9;63.987;158.895;0;0;0;0;0;0;0;27;1
2026-04-25 19:32:30;sin_act_cocina_comedor;0.301;0.301;0.186;0.23;30;30;30;0;29;29;29;0;157.9;68.549;161.93;0;0;0;0;0;0;1;28;1
2026-04-25 19:33:00;sin_act_cocina_comedor;0;0.276;0.176;0.215;30;30;30;0;29;29;29;0;158.329;68.188;158.775;0;0;0;0;0;0;1;30;1
2026-04-25 19:33:30;sin_act_cocina_comedor;0;0.291;0.188;0.208;30;30;30;0;29;29;29;0;153.698;68.223;158.706;0;0;0;0;0;0;1;30;1
2026-04-25 19:34:00;sin_act_cocina_comedor;0;0.27;0.176;0.201;30;30;30;0;29;29;29;0;153.304;67.76;208.733;0;0;0;0;0;0;1;30;1
2026-04-25 19:34:30;sin_act_cocina_comedor;0;0.306;0.183;0.218;30;30;30;0;29;29;29;0;155.945;69.886;158.963;0;0;0;0;0;0;1;30;1
2026-04-25 19:35:00;sin_act_cocina_comedor;0.279;0.333;0.181;0.222;30;30;30;0;29;29;29;0;152.429;152.429;158.535;0;0;0;0;0;0;1;30;1
2026-04-25 19:35:30;sin_act_cocina_comedor;0.267;0.299;0.175;0.214;30;30;30;0;29;29;29;0;155.499;69.063;158.517;0;0;0;0;0;0;1;29;1
2026-04-25 19:36:00;sin_act_cocina_comedor;0.282;0.335;0.183;0.21;30;30;30;0;29;29;29;0;156.271;68.188;158.02;0;0;0;0;0;0;1;29;1
2026-04-25 19:36:30;sin_act_cocina_comedor;0.273;0.313;0.192;0.209;30;30;30;0;29;29;29;0;158.329;68.188;158.86;0;0;0;0;0;0;1;30;1
2026-04-25 19:37:00;sin_act_cocina_comedor;0.263;0.302;0.187;0.212;30;30;30;0;29;29;29;0;155.087;67.794;159.186;0;0;0;0;0;0;1;30;1
2026-04-25 19:37:30;sin_act_cocina_comedor;0;0.308;0;0.213;30;30;30;0;29;29;29;0;158.843;67.331;158.843;0;0;0;0;0;0;1;25;1
2026-04-25 19:38:00;sin_act_cocina_comedor;0;0.327;0.175;0.2;30;30;30;0;29;29;29;0;155.499;153.801;178.943;0;0;0;0;0;0;1;24;1
2026-04-25 19:38:30;sin_act_cocina_comedor;0;0.29;0.177;0.207;30;30;30;0;29;29;29;0;158.415;68.651;158.912;1;22;1;0;0;0;1;24;1
2026-04-25 19:39:00;sin_act_cocina_comedor;0;0.37;0.178;0.199;30;30;30;0;29;29;29;0;173.815;70.847;173.815;1;30;1;0;0;0;1;25;1
2026-04-25 19:39:30;sin_act_cocina_comedor;0.263;0.285;0.174;0.208;30;30;30;0;29;29;29;0;154.624;152.892;173.815;0;18;1;0;0;0;1;30;1
2026-04-25 19:40:00;sin_act_cocina_comedor;0;0.307;0.181;0.201;30;30;30;0;29;29;29;0;157.557;68.086;159.615;0;0;0;0;0;0;1;27;1
2026-04-25 19:40:30;sin_act_cocina_comedor;0.294;0.307;0;0.212;30;30;30;0;29;29;29;0;158.003;68.651;158.466;0;0;0;0;0;0;0;28;1
2026-04-25 19:41:00;sin_act_cocina_comedor;0.267;0.335;0.183;0.199;30;30;30;0;29;29;29;0;158.072;69.972;158.86;0;0;0;0;0;0;1;30;1
2026-04-25 19:41:30;sin_act_cocina_comedor;0.292;0.317;0.2;0.22;30;30;30;0;29;29;29;0;158.466;155.585;158.466;0;0;0;0;0;0;1;30;1
2026-04-25 19:42:00;sin_act_cocina_comedor;0.273;0.307;0.192;0.205;30;30;30;0;29;29;29;0;107.994;107.942;158.5;0;0;0;0;0;0;1;29;1
2026-04-25 19:42:30;sin_act_cocina_comedor;0;0.306;0.179;0.207;30;30;30;0;29;29;29;0;158.072;68.617;169.476;0;0;0;0;0;0;1;26;1
2026-04-25 19:43:00;sin_act_cocina_comedor;0.262;0.29;0;0.215;30;30;30;0;29;29;29;0;158.946;68.188;166.012;0;0;0;0;0;0;1;30;1
2026-04-25 19:43:30;sin_act_cocina_comedor;0.266;0.314;0;0.223;30;30;30;0;29;29;29;0;158.38;64.038;158.946;0;0;0;0;0;0;1;30;1
2026-04-25 19:44:00;sin_act_cocina_comedor;0.267;0.294;0.174;0.2;30;30;30;0;29;29;29;0;158.38;157.866;158.878;0;0;0;0;0;0;1;30;1
2026-04-25 19:44:30;sin_act_cocina_comedor;0.315;0.34;0.184;0.207;30;30;30;0;29;29;29;0;156.442;68.188;158.878;0;0;0;0;0;0;1;30;1
2026-04-25 19:45:00;sin_act_cocina_comedor;0.283;0.294;0.186;0.218;30;30;30;0;29;29;29;0;158.912;68.72;158.912;0;0;0;0;0;0;1;26;1
2026-04-25 19:45:30;sin_act_cocina_comedor;0;0.303;0.206;0.206;30;30;30;0;29;29;29;0;158.929;108.885;179.578;0;0;0;0;0;0;1;30;1
2026-04-25 19:46:00;sin_act_cocina_comedor;0;0.296;0.235;0.239;30;30;30;0;29;29;29;0;110.669;68.223;159.032;0;0;0;0;0;0;1;30;1
2026-04-25 19:46:30;sin_act_cocina_comedor;0.267;0.298;0.178;0.211;30;30;30;0;29;29;29;0;158.483;70.847;158.603;0;0;0;0;0;0;1;30;1
2026-04-25 19:47:00;sin_act_cocina_comedor;0.266;0.299;0.184;0.221;30;30;30;0;29;29;29;0;158.552;64.038;158.895;0;0;0;0;0;0;1;25;1
2026-04-25 19:47:30;sin_act_cocina_comedor;0.283;0.308;0.192;0.232;30;30;30;0;29;29;29;0;158.363;109.674;176.816;0;0;0;0;0;0;1;30;1
2026-04-25 19:48:00;sin_act_cocina_comedor;0.276;0.334;0.196;0.227;30;30;30;0;29;29;29;0;158.072;129.74;166.527;0;0;0;0;0;0;1;30;1
2026-04-25 19:48:30;sin_act_cocina_comedor;0.29;0.3;0.182;0.212;30;30;30;0;29;29;29;0;158.294;69.046;158.483;0;0;0;0;0;0;1;30;1
2026-04-25 19:49:00;sin_act_cocina_comedor;0.263;0.297;0.191;0.218;30;30;30;0;29;29;29;0;155.55;69.457;158.792;0;0;0;0;0;0;0;30;1
2026-04-25 19:49:30;sin_act_cocina_comedor;0.289;0.31;0.213;0.217;30;30;30;0;29;29;29;0;158.483;69.08;158.878;0;0;0;0;0;0;1;30;1
2026-04-25 19:50:00;sin_act_cocina_comedor;0.28;0.304;0.184;0.222;30;30;30;0;29;29;29;0;158.072;69.046;158.483;0;0;0;0;0;0;1;25;1
2026-04-25 19:50:30;sin_act_cocina_comedor;0.263;0.305;0.189;0.23;30;30;30;0;29;29;29;0;158.38;68.188;158.792;0;0;0;0;0;0;1;25;1
2026-04-25 19:51:00;sin_act_cocina_comedor;0.265;0.322;0.209;0.224;30;30;30;0;29;29;29;0;158.466;69.08;158.86;1;5;1;0;0;0;1;25;1
2026-04-25 19:51:30;sin_act_cocina_comedor;0.3;0.324;0.19;0.235;30;30;30;0;29;29;29;0;68.651;68.651;158.878;1;30;1;0;0;0;1;22;1
2026-04-25 19:52:00;sin_act_cocina_comedor;0.297;0.316;0.205;0.253;30;30;30;0;29;29;29;0;158.535;156.322;165.978;0;16;1;0;0;0;1;0;0
2026-04-25 19:52:30;sin_act_cocina_comedor;0;0.312;0.194;0.226;30;30;30;0;29;29;29;0;158.535;157.797;158.552;0;0;0;0;0;0;1;0;0
2026-04-25 19:53:00;sin_act_cocina_comedor;0;0.301;0.176;0.222;30;30;30;0;29;29;29;0;158.14;68.549;159.015;0;0;0;0;0;0;1;17;1
2026-04-25 19:53:30;sin_act_cocina_comedor;0;0.279;0.199;0.212;30;30;30;0;29;29;29;0;158.432;64.673;158.912;0;0;0;0;0;0;1;30;1
2026-04-25 19:54:00;sin_act_cocina_comedor;0;0.302;0.193;0.226;30;30;30;0;29;29;29;0;158.535;70.847;158.98;0;0;0;0;0;0;0;30;1
2026-04-25 19:54:30;sin_act_cocina_comedor;0.265;0.284;0.227;0.227;30;30;30;0;29;29;29;0;158.072;71.31;158.929;0;0;0;0;0;0;1;25;1
2026-04-25 19:55:00;sin_act_cocina_comedor;0.299;0.316;0.198;0.238;30;30;30;0;29;29;29;0;153.115;94.874;158.86;1;21;1;0;0;0;1;28;1
2026-04-25 19:55:30;sin_act_cocina_comedor;0.267;0.33;0.205;0.248;30;30;30;0;29;29;29;0;154.624;50.541;159.975;1;30;1;0;5;1;0;27;1
2026-04-25 19:56:00;sin_act_cocina_comedor;0;0.316;0.204;0.231;30.275862;30;31;0.454859;29;29;29;0;155.619;64.141;159.426;1;29;1;0;0;0;1;20;1
2026-04-25 19:56:30;sin_act_cocina_comedor;0.271;0.292;0.183;0.205;31;31;31;0;29;29;29;0;158.432;70.761;158.895;0;4;1;0;0;0;1;25;1
2026-04-25 19:57:00;sin_act_cocina_comedor;0;0.291;0.187;0.211;31;31;31;0;29;29;29;0;158.929;64.998;158.929;0;0;0;0;0;0;1;30;1
2026-04-25 19:57:30;sin_act_cocina_comedor;0.274;0.331;0.237;0.25;31;31;31;0;29;29;29;0;158.603;64.673;158.963;0;0;0;0;0;0;1;26;1
2026-04-25 19:58:00;sin_act_cocina_comedor;0.289;0.294;0.198;0.265;31;31;31;0;29;29;29;0;158.86;69.663;164.211;0;0;0;0;0;0;0;25;1
2026-04-25 19:58:30;sin_act_cocina_comedor;0;0.308;0.238;0.243;31;31;31;0;29;29;29;0;158.14;69.921;166.801;0;0;0;0;0;0;1;25;1
2026-04-25 19:59:00;sin_act_cocina_comedor;0.285;0.3;0.201;0.237;31;31;31;0;29;29;29;0;159.015;158.432;159.015;0;0;0;0;0;0;1;25;1
2026-04-25 19:59:30;sin_act_cocina_comedor;0.275;0.305;0.213;0.23;31;31;31;0;29;29;29;0;158.483;64.57;158.569;0;0;0;0;0;0;1;30;1
2026-04-25 20:00:00;sin_act_cocina_comedor;0.279;0.312;0.194;0.239;31;31;31;0;29;29;29;0;158.003;70.898;158.929;0;0;0;0;0;0;1;25;1
2026-04-25 20:00:30;sin_act_cocina_comedor;0.272;0.342;0.198;0.251;31;31;31;0;29;29;29;0;158.449;158.072;158.535;0;0;0;0;0;0;1;30;1
2026-04-25 20:01:00;sin_act_cocina_comedor;0.293;0.315;0.207;0.222;31;31;31;0;29;29;29;0;69.595;67.691;158.98;0;0;0;0;0;0;1;26;1
2026-04-25 20:01:30;sin_act_cocina_comedor;0.262;0.302;0.209;0.254;31;31;31;0;29;29;29;0;158.466;68.291;170.677;0;0;0;0;0;0;0;25;1
2026-04-25 20:02:00;sin_act_cocina_comedor;0;0.326;0.229;0.248;31;31;31;0;29;29;29;0;158.98;108.388;158.98;0;0;0;0;0;0;1;30;1
2026-04-25 20:02:30;sin_act_cocina_comedor;0.264;0.282;0.177;0.217;31.566667;31;32;0.504007;29;29;29;0;158.569;69.046;158.98;0;0;0;0;0;0;1;30;1
2026-04-25 20:03:00;sin_act_cocina_comedor;0;0.293;0.214;0.23;32;32;32;0;29;29;29;0;159.341;67.811;181.859;0;0;0;0;0;0;1;25;1
2026-04-25 20:03:30;sin_act_cocina_comedor;0;0.33;0.179;0.211;32;32;32;0;29;29;29;0;177.657;68.343;177.657;0;0;0;0;0;0;1;24;1
2026-04-25 20:04:00;sin_act_cocina_comedor;0;0.291;0.176;0.22;32;32;32;0;29;29;29;0;158.5;153.87;159.015;0;0;0;0;0;0;1;25;1
2026-04-25 20:04:30;sin_act_cocina_comedor;0.268;0.286;0.183;0.235;32;32;32;0;29;29;29;0;158.517;68.24;158.535;0;0;0;0;0;0;1;30;1
2026-04-25 20:05:00;sin_act_cocina_comedor;0.271;0.326;0.214;0.216;32;32;32;0;29;29;29;0;158.14;69.046;158.998;0;0;0;0;0;0;1;25;1
2026-04-25 20:05:30;sin_act_cocina_comedor;0.314;0.314;0.187;0.227;32.866667;32;33;0.345746;29;29;29;0;157.694;68.343;158.929;0;0;0;0;0;0;0;25;1
2026-04-25 20:06:00;sin_act_cocina_comedor;0.288;0.356;0.185;0.229;33;33;33;0;29;29;29;0;158.106;158.106;173.095;0;0;0;0;0;0;1;30;1
2026-04-25 20:06:30;sin_act_cocina_comedor;0.282;0.292;0.218;0.229;33;33;33;0;29;29;29;0;158.586;64.673;158.637;0;0;0;0;0;0;1;25;1
2026-04-25 20:07:00;sin_act_cocina_comedor;0.292;0.323;0.218;0.247;33.8;33;34;0.406838;29;29;29;0;158.432;158.432;158.963;0;0;0;0;0;0;1;25;1
2026-04-25 20:07:30;sin_act_cocina_comedor;0.279;0.308;0.219;0.25;34;34;34;0;29;29;29;0;158.637;64.57;159.392;0;0;0;0;0;0;1;25;1
2026-04-25 20:08:00;sin_act_cocina_comedor;0;0.308;0.2;0.249;34.464286;34;35;0.507875;29;29;29;0;69.612;64.244;161.261;0;0;0;0;0;0;1;24;1
2026-04-25 20:08:30;sin_act_cocina_comedor;0.323;0.323;0.222;0.24;35;35;35;0;29;29;29;0;158.637;64.638;195.887;0;0;0;0;0;0;1;25;1
2026-04-25 20:09:00;sin_act_cocina_comedor;0.277;0.334;0;0.215;35;35;35;0;29;29;29;0;97.995;69.149;180.744;0;0;0;0;0;0;0;24;1
2026-04-25 20:09:30;sin_act_cocina_comedor;0;0.288;0;0.205;36;35;37;0.830455;28.3;28;29;0.466092;159.118;68.291;159.118;0;0;0;0;0;0;0;25;1
2026-04-25 20:10:00;sin_act_cocina_comedor;0.286;0.307;0.196;0.224;37;37;37;0;28;28;28;0;157.797;46.717;159.101;0;0;0;0;0;0;0;25;1
2026-04-25 20:10:30;sin_act_cocina_comedor;0.291;0.291;0.206;0.25;37.333333;37;38;0.479463;28;28;28;0;158.535;63.781;159.169;0;0;0;0;0;0;0;20;1
2026-04-25 20:11:00;sin_act_cocina_comedor;0.272;0.339;0.199;0.245;38;38;38;0;28;28;28;0;158.483;158.483;168.499;0;0;0;0;0;0;0;25;1
2026-04-25 20:11:30;sin_act_cocina_comedor;0.266;0.292;0.209;0.245;38;38;38;0;28.633333;28;29;0.490133;158.466;68.617;158.963;0;0;0;0;0;0;0;25;1
2026-04-25 20:12:00;sin_act_cocina_comedor;0.299;0.319;0.21;0.23;38.966667;38;39;0.182574;29;29;29;0;158.895;158.089;158.929;0;0;0;0;0;0;0;30;1
2026-04-25 20:12:30;sin_act_cocina_comedor;0.28;0.318;0.206;0.231;39;39;39;0;29;29;29;0;158.569;68.446;158.569;0;0;0;0;0;0;0;21;1
2026-04-25 20:13:00;sin_act_cocina_comedor;0.27;0.319;0.21;0.238;39;39;39;0;29;29;29;0;158.5;69.183;159.049;0;0;0;0;0;0;0;29;1
2026-04-25 20:13:30;sin_act_cocina_comedor;0.279;0.299;0.177;0.21;39;39;39;0;29;29;29;0;158.998;64.638;163.131;0;0;0;0;0;0;0;25;1
2026-04-25 20:14:00;sin_act_cocina_comedor;0.288;0.329;0.191;0.232;39;39;39;0;29;29;29;0;157.488;68.291;159.392;0;0;0;0;0;0;0;25;1
2026-04-25 20:14:30;sin_act_cocina_comedor;0.289;0.357;0.187;0.213;39.566667;39;40;0.504007;29;29;29;0;158.963;65.101;161.896;0;0;0;0;0;0;0;25;1
2026-04-25 20:15:00;sin_act_cocina_comedor;0.27;0.302;0.196;0.227;40;40;40;0;28.1;28;29;0.305129;159.341;64.21;159.392;0;0;0;0;0;0;0;21;1
2026-04-25 20:15:30;sin_act_cocina_comedor;0.271;0.307;0.198;0.247;40;40;40;0;28;28;28;0;158.706;70.109;167.727;0;0;0;0;0;0;0;24;1
2026-04-25 20:16:00;sin_act_cocina_comedor;0;0.298;0.2;0.221;40;40;40;0;28;28;28;0;70.212;64.57;159.341;0;0;0;0;0;0;0;25;1
2026-04-25 20:16:30;sin_act_cocina_comedor;0;0.292;0.213;0.225;40;40;40;0;28;28;28;0;159.392;68.96;159.701;0;0;0;0;0;0;0;30;1
2026-04-25 20:17:00;sin_act_cocina_comedor;0;0.319;0.181;0.232;40.166667;40;41;0.379049;28;28;28;0;159.924;64.844;160.318;0;0;0;0;0;0;0;25;1
2026-04-25 20:17:30;sin_act_cocina_comedor;0;0.349;0.201;0.222;41;41;41;0;28;28;28;0;68.326;68.326;211.117;0;0;0;0;0;0;0;30;1
2026-04-25 20:18:00;sin_act_cocina_comedor;0.266;0.292;0.19;0.219;41;41;41;0;28;28;28;0;158.655;145.638;159.701;0;0;0;0;0;0;0;30;1
2026-04-25 20:18:30;sin_act_cocina_comedor;0.275;0.289;0.188;0.212;41;41;41;0;28;28;28;0;159.066;69.149;159.615;0;0;0;0;0;0;0;30;1
2026-04-25 20:19:00;sin_act_cocina_comedor;0;0.323;0.175;0.238;41.433333;41;42;0.504007;28;28;28;0;158.637;68.343;170.968;0;0;0;0;0;0;0;30;1
2026-04-25 20:19:30;sin_act_cocina_comedor;0.27;0.305;0.18;0.23;42;42;42;0;28;28;28;0;159.066;64.57;159.221;0;0;0;0;0;0;1;30;1
2026-04-25 20:20:00;sin_act_cocina_comedor;0.28;0.281;0;0.217;42;42;42;0;28;28;28;0;154.093;65.101;179.921;0;0;0;0;0;0;1;30;1
2026-04-25 20:20:30;sin_act_cocina_comedor;0.264;0.324;0.187;0.225;42;42;42;0;28;28;28;0;158.706;68.291;206.829;0;0;0;0;0;0;1;30;1
2026-04-25 20:21:00;sin_act_cocina_comedor;0;0.293;0.186;0.216;42;42;42;0;28;28;28;0;158.758;63.781;159.135;0;0;0;0;0;0;1;30;1
2026-04-25 20:21:30;sin_act_cocina_comedor;0;0.299;0.174;0.227;42;42;42;0;28;28;28;0;158.277;43.767;159.203;0;0;0;0;0;0;1;30;1
2026-04-25 20:22:00;sin_act_cocina_comedor;0.268;0.288;0.194;0.22;42;42;42;0;28;28;28;0;60.145;60.145;159.203;0;0;0;0;0;0;1;30;1
2026-04-25 20:22:30;sin_act_cocina_comedor;0.263;0.286;0;0.216;42;42;42;0;28;28;28;0;158.586;63.678;190.348;0;0;0;0;0;0;0;30;1
2026-04-25 20:23:00;sin_act_cocina_comedor;0;0.277;0.191;0.199;42.62069;42;43;0.493804;28;28;28;0;158.655;64.57;179.955;0;0;0;0;0;0;1;30;1
2026-04-25 20:23:30;sin_act_cocina_comedor;0.261;0.29;0;0.198;43;43;43;0;28;28;28;0;64.621;28.229;164.743;0;0;0;0;0;0;1;30;1
2026-04-25 20:24:00;sin_act_cocina_comedor;0;0.289;0;0.2;43;43;43;0;28;28;28;0;109.314;65.05;159.186;0;0;0;0;0;0;1;30;1
2026-04-25 20:24:30;sin_act_cocina_comedor;0;0.293;0;0.211;42.733333;42;43;0.449776;28;28;28;0;64.724;62.083;159.203;0;0;0;0;0;0;1;30;1
2026-04-25 20:25:00;sin_act_cocina_comedor;0.309;0.309;0.192;0.22;42;42;42;0;28;28;28;0;108.062;64.724;159.169;0;0;0;0;0;0;0;30;1
2026-04-25 20:25:30;sin_act_cocina_comedor;0.265;0.323;0.199;0.23;42;42;42;0;28;28;28;0;158.758;63.832;164.503;0;0;0;0;0;0;1;30;1
2026-04-25 20:26:00;sin_act_cocina_comedor;0;0.317;0.219;0.224;42;42;42;0;28;28;28;0;158.706;64.57;159.135;0;0;0;0;0;0;1;30;1
2026-04-25 20:26:30;sin_act_cocina_comedor;0;0.295;0;0.212;42.827586;42;43;0.384426;28;28;28;0;158.758;64.57;159.546;0;0;0;0;0;0;1;30;1
2026-04-25 20:27:00;sin_act_cocina_comedor;0;0.299;0.185;0.229;43;43;43;0;28;28;28;0;159.066;69.149;175.787;0;0;0;0;0;0;1;30;1
2026-04-25 20:27:30;sin_act_cocina_comedor;0.269;0.323;0.21;0.229;43;43;43;0;28;28;28;0;159.083;70.555;171.02;0;0;0;0;0;0;0;30;1
2026-04-25 20:28:00;sin_act_cocina_comedor;0.279;0.334;0;0.235;43;43;43;0;28;28;28;0;158.637;64.621;159.152;0;0;0;0;0;0;1;30;1
2026-04-25 20:28:30;sin_act_cocina_comedor;0.262;0.283;0.174;0.209;42.233333;42;43;0.430183;28;28;28;0;158.758;68.326;182.236;0;0;0;0;0;0;0;30;1
2026-04-25 20:29:00;sin_act_cocina_comedor;0;0.288;0;0.201;42;42;42;0;28;28;28;0;158.878;69.783;159.375;1;26;1;0;0;0;1;25;1
2026-04-25 20:29:30;sin_act_cocina_comedor;0;0.287;0.181;0.204;42;42;42;0;28;28;28;0;157.831;64.415;159.358;1;30;1;0;0;0;1;30;1
2026-04-25 20:30:00;sin_act_cocina_comedor;0.263;0.323;0.187;0.212;42;42;42;0;28;28;28;0;159.203;64.741;159.529;0;0;0;0;0;0;1;25;1
2026-04-25 20:30:30;sin_act_cocina_comedor;0;0.327;0.176;0.2;42;42;42;0;28;28;28;0;157.094;64.45;160.044;0;0;0;0;0;0;1;25;1
2026-04-25 20:31:00;sin_act_cocina_comedor;0;0.326;0;0.199;42;42;42;0;28;28;28;0;158.809;69.029;169.185;0;0;0;0;0;0;0;28;1
2026-04-25 20:31:30;sin_act_cocina_comedor;0;0.283;0.175;0.204;42;42;42;0;27.3;27;28;0.466092;159.238;64.312;159.958;0;0;0;0;0;0;1;27;1
2026-04-25 20:32:00;sin_act_cocina_comedor;0;0.32;0;0.203;42;42;42;0;27;27;27;0;159.924;69.389;160.009;0;0;0;0;0;0;1;19;1
2026-04-25 20:32:30;sin_act_cocina_comedor;0;0.278;0;0.211;42;42;42;0;27;27;27;0;159.186;70.658;159.924;0;0;0;0;0;0;1;30;1
2026-04-25 20:33:00;sin_act_cocina_comedor;0;0.291;0;0.195;42;42;42;0;27;27;27;0;159.255;68.171;159.632;0;0;0;0;0;0;1;23;1
2026-04-25 20:33:30;sin_act_cocina_comedor;0.269;0.292;0;0.208;42.166667;42;43;0.379049;27;27;27;0;158.74;68.514;159.615;0;0;0;0;0;0;0;27;1
2026-04-25 20:34:00;sin_act_cocina_comedor;0.267;0.301;0.175;0.209;43;43;43;0;27;27;27;0;159.118;68.72;159.701;0;0;0;0;0;0;1;21;1
2026-04-25 20:34:30;sin_act_cocina_comedor;0;0.291;0.202;0.203;43;43;43;0;27;27;27;0;159.615;66.37;193.195;0;0;0;0;0;0;1;25;1
2026-04-25 20:35:00;sin_act_cocina_comedor;0;0.274;0;0.213;43;43;43;0;27;27;27;0;159.444;63.867;159.752;0;0;0;0;0;0;1;24;1
2026-04-25 20:35:30;sin_act_cocina_comedor;0;0.28;0;0.202;43;43;43;0;27;27;27;0;159.924;41.434;160.404;0;0;0;0;0;0;1;21;1
2026-04-25 20:36:00;sin_act_cocina_comedor;0.328;0.328;0;0.201;43.066667;43;44;0.253708;27;27;27;0;89.146;68.6;174.055;0;0;0;0;0;0;0;25;1
2026-04-25 20:36:30;sin_act_cocina_comedor;0.263;0.328;0.182;0.2;44;44;44;0;27;27;27;0;159.221;64.964;183.265;0;0;0;0;0;0;1;25;1
2026-04-25 20:37:00;sin_act_cocina_comedor;0;0.28;0;0.198;44;44;44;0;27;27;27;0;159.049;64.347;160.421;0;0;0;0;0;0;1;25;1
2026-04-25 20:37:30;sin_act_cocina_comedor;0;0.283;0.193;0.198;44;44;44;0;27;27;27;0;158.586;68.411;159.375;0;0;0;0;0;0;1;30;1
2026-04-25 20:38:00;sin_act_cocina_comedor;0.27;0.304;0;0.192;44.966667;44;45;0.182574;27;27;27;0;158.74;68.874;159.289;0;0;0;0;0;0;1;20;1
2026-04-25 20:38:30;sin_act_cocina_comedor;0;0.3;0.185;0.222;45;45;45;0;27;27;27;0;157.266;69.372;159.392;0;0;0;0;0;0;0;25;1
2026-04-25 20:39:00;sin_act_cocina_comedor;0;0.291;0;0.224;45;45;45;0;27;27;27;0;158.792;68.926;188.496;0;0;0;0;0;0;1;30;1
2026-04-25 20:39:30;sin_act_cocina_comedor;0.312;0.312;0;0.208;45;45;45;0;27;27;27;0;158.946;69.372;176.748;0;0;0;0;0;0;1;25;1
2026-04-25 20:40:00;sin_act_cocina_comedor;0.293;0.312;0.179;0.195;45;45;45;0;27;27;27;0;69.252;68.874;163.182;0;0;0;0;0;0;1;30;1
2026-04-25 20:40:30;sin_act_cocina_comedor;0;0.279;0.174;0.209;45;45;45;0;27;27;27;0;64.724;64.724;178.652;0;0;0;0;0;0;1;19;1
2026-04-25 20:41:00;sin_act_cocina_comedor;0;0.33;0.202;0.202;45;45;45;0;27.533333;27;28;0.507416;159.341;88.46;159.341;0;0;0;0;0;0;1;25;1
2026-04-25 20:41:30;sin_act_cocina_comedor;0;0.297;0;0.208;45;45;45;0;28;28;28;0;157.128;68.943;159.718;0;0;0;0;0;0;1;20;1
2026-04-25 20:42:00;sin_act_cocina_comedor;0.286;0.286;0.174;0.211;45;45;45;0;28;28;28;0;158.5;157.128;165.875;0;0;0;0;0;0;0;30;1
2026-04-25 20:42:30;sin_act_cocina_comedor;0;0.277;0;0.207;45;45;45;0;28;28;28;0;159.289;109.983;180.006;0;0;0;0;0;0;1;25;1
2026-04-25 20:43:00;sin_act_cocina_comedor;0.262;0.288;0.177;0.195;45;45;45;0;28;28;28;0;72.133;68.514;179.646;0;0;0;0;0;0;1;25;1
2026-04-25 20:43:30;sin_act_cocina_comedor;0.266;0.298;0.175;0.211;45;45;45;0;28;28;28;0;159.272;68.926;184.688;0;0;0;0;0;0;1;30;1
2026-04-25 20:44:00;sin_act_cocina_comedor;0.269;0.289;0.212;0.212;45;45;45;0;28;28;28;0;158.843;151.898;159.324;0;0;0;0;0;0;1;25;1
2026-04-25 20:44:30;sin_act_cocina_comedor;0;0.319;0;0.224;45;45;45;0;28;28;28;0;159.306;158.74;164.108;0;0;0;0;0;0;0;30;1
2026-04-25 20:45:00;sin_act_cocina_comedor;0.269;0.296;0.196;0.215;44.586207;44;45;0.50123;28;28;28;0;158.38;158.38;159.632;0;0;0;0;0;0;1;20;1
2026-04-25 20:45:30;sin_act_cocina_comedor;0;0.276;0;0.207;44;44;44;0;28;28;28;0;158.895;69.149;203.159;0;0;0;0;0;0;1;25;1
2026-04-25 20:46:00;sin_act_cocina_comedor;0;0.287;0;0.186;44;44;44;0;28;28;28;0;158.775;69.183;159.169;0;0;0;0;0;0;1;26;1
2026-04-25 20:46:30;sin_act_cocina_comedor;0;0.277;0;0.226;44;44;44;0;28;28;28;0;112.418;68.343;196.573;0;0;0;0;0;0;1;25;1
2026-04-25 20:47:00;sin_act_cocina_comedor;0.279;0.303;0.196;0.197;44;44;44;0;28;28;28;0;69.818;64.673;174.536;0;0;0;0;0;0;0;25;1
2026-04-25 20:47:30;sin_act_cocina_comedor;0;0.279;0.176;0.203;44;44;44;0;28;28;28;0;159.632;69.818;194.875;0;0;0;0;0;0;1;29;1
2026-04-25 20:48:00;sin_act_cocina_comedor;0;0.304;0;0.2;43.8;43;44;0.406838;28;28;28;0;159.461;69.355;159.632;0;0;0;0;0;0;1;21;1
2026-04-25 20:48:30;sin_act_cocina_comedor;0.261;0.285;0;0.209;43;43;43;0;28;28;28;0;159.392;64.364;159.546;0;0;0;0;0;0;1;29;1
2026-04-25 20:49:00;sin_act_cocina_comedor;0;0.298;0.218;0.218;43;43;43;0;28;28;28;0;159.066;64.364;159.546;0;0;0;0;0;0;1;25;1
2026-04-25 20:49:30;sin_act_cocina_comedor;0.278;0.289;0.181;0.208;43;43;43;0;28;28;28;0;159.289;63.489;159.444;0;0;0;0;0;0;0;30;1
2026-04-25 20:50:00;sin_act_cocina_comedor;0;0.299;0;0.207;43;43;43;0;27.5;27;28;0.508548;160.541;64.467;160.593;0;0;0;0;0;0;1;30;1
2026-04-25 20:50:30;sin_act_cocina_comedor;0.271;0.293;0;0.211;43;43;43;0;27;27;27;0;156.802;69.389;160.61;0;0;0;0;0;0;1;25;1
2026-04-25 20:51:00;sin_act_cocina_comedor;0.27;0.295;0;0.203;43;43;43;0;27;27;27;0;195.201;64.793;195.201;0;0;0;0;0;0;1;21;1
2026-04-25 20:51:30;sin_act_cocina_comedor;0.282;0.307;0;0.194;43;43;43;0;27;27;27;0;158.809;69.08;159.272;0;0;0;0;0;0;1;29;1
2026-04-25 20:52:00;sin_act_cocina_comedor;0;0.332;0;0.191;43;43;43;0;27;27;27;0;159.186;64.947;160.164;0;0;0;0;0;0;1;25;1
2026-04-25 20:52:30;sin_act_cocina_comedor;0.29;0.29;0.179;0.209;43;43;43;0;27;27;27;0;159.649;44.247;159.701;0;0;0;0;0;0;1;30;1
2026-04-25 20:53:00;sin_act_cocina_comedor;0;0.32;0.187;0.219;43;43;43;0;27;27;27;0;159.101;67.657;159.958;0;0;0;0;0;0;0;24;1
2026-04-25 20:53:30;sin_act_cocina_comedor;0;0.269;0.203;0.203;43;43;43;0;27;27;27;0;159.907;68.068;162.531;0;0;0;0;0;0;1;25;1
2026-04-25 20:54:00;sin_act_cocina_comedor;0;0.293;0.174;0.189;43;43;43;0;27;27;27;0;159.032;70.144;159.924;0;0;0;0;0;0;1;7;1
2026-04-25 20:54:30;sin_act_cocina_comedor;0;0.29;0.186;0.206;43;43;43;0;27;27;27;0;159.015;63.901;159.512;0;0;0;0;0;0;1;0;0
2026-04-25 20:55:00;sin_act_cocina_comedor;0;0.296;0;0.198;43;43;43;0;27;27;27;0;69.715;64.312;162.753;0;0;0;0;0;0;1;0;0
2026-04-25 20:55:30;sin_act_cocina_comedor;0.263;0.278;0.186;0.188;43;43;43;0;27;27;27;0;156.682;156.682;159.118;0;0;0;0;0;0;0;28;1
2026-04-25 20:56:00;sin_act_cocina_comedor;0;0.278;0;0.196;43;43;43;0;27;27;27;0;158.38;68.926;160.027;0;0;0;0;0;0;1;25;1
2026-04-25 20:56:30;sin_act_cocina_comedor;0;0.284;0.19;0.195;43;43;43;0;27;27;27;0;159.667;157.437;159.667;0;0;0;0;0;0;0;30;1
2026-04-25 20:57:00;sin_act_cocina_comedor;0;0.356;0.191;0.199;43.2;43;44;0.406838;27;27;27;0;159.598;69.389;159.598;0;0;0;0;0;0;1;25;1
2026-04-25 20:57:30;sin_act_cocina_comedor;0.3;0.326;0.189;0.22;44;44;44;0;27;27;27;0;158.689;64.33;186.043;0;0;0;0;0;0;1;25;1
2026-04-25 20:58:00;sin_act_cocina_comedor;0.27;0.313;0.182;0.209;44;44;44;0;27;27;27;0;175.187;64.433;175.187;0;0;0;0;0;0;1;25;1
2026-04-25 20:58:30;sin_act_cocina_comedor;0.268;0.288;0;0.21;44;44;44;0;27;27;27;0;159.546;64.415;159.581;0;0;0;0;0;0;1;25;1
2026-04-25 20:59:00;sin_act_cocina_comedor;0;0.279;0.175;0.218;44;44;44;0;27;27;27;0;159.529;68.84;159.546;0;0;0;0;0;0;1;25;1
2026-04-25 20:59:30;sin_act_cocina_comedor;0;0.288;0.188;0.208;44;44;44;0;27;27;27;0;159.186;70.212;159.495;0;0;0;0;0;0;1;22;1
2026-04-25 21:00:00;sin_act_cocina_comedor;0.279;0.293;0.198;0.207;44;44;44;0;27;27;27;0;159.032;131.712;159.649;0;0;0;0;0;0;1;25;1
2026-04-25 21:00:30;sin_act_cocina_comedor;0;0.297;0.182;0.227;44.433333;44;45;0.504007;27;27;27;0;159.169;68.514;159.598;0;0;0;0;0;0;0;28;1
2026-04-25 21:01:00;sin_act_cocina_comedor;0.266;0.292;0.178;0.223;45;45;45;0;27;27;27;0;159.289;66.473;159.992;0;0;0;0;0;0;1;24;1
2026-04-25 21:01:30;sin_act_cocina_comedor;0;0.272;0;0.206;45;45;45;0;27;27;27;0;70.778;70.778;159.598;1;3;1;0;0;0;0;30;1
2026-04-25 21:02:00;sin_act_cocina_comedor;0.268;0.302;0;0.2;45;45;45;0;27;27;27;0;158.637;68.874;160.661;1;30;1;0;0;0;1;20;1
2026-04-25 21:02:30;sin_act_cocina_comedor;0;0.278;0.178;0.195;45;45;45;0;27;27;27;0;159.066;68.926;193.212;1;30;1;0;0;0;1;30;1
2026-04-25 21:03:00;sin_act_cocina_comedor;0;0.297;0;0.189;45;45;45;0;27;27;27;0;158.277;68.394;159.564;0;12;1;0;0;0;1;30;1
2026-04-25 21:03:30;sin_act_cocina_comedor;0;0.296;0;0.191;45;45;45;0;27;27;27;0;158.586;63.935;159.838;1;26;1;0;0;0;1;30;1
2026-04-25 21:04:00;sin_act_cocina_comedor;0;0.28;0;0.196;45;45;45;0;27;27;27;0;158.329;65.204;159.495;1;30;1;0;0;0;0;25;1
2026-04-25 21:04:30;sin_act_cocina_comedor;0;0.288;0;0.186;45;45;45;0;27;27;27;0;158.963;64.347;159.564;1;30;1;0;0;0;1;27;1
2026-04-25 21:05:00;sin_act_cocina_comedor;0;0.295;0;0.206;45.666667;45;46;0.479463;27;27;27;0;158.706;64.776;159.529;0;29;1;0;0;0;1;27;1
2026-04-25 21:05:30;sin_act_cocina_comedor;0;0.297;0.223;0.223;46;46;46;0;27;27;27;0;156.614;90.055;159.289;0;0;0;0;0;0;1;25;1
2026-04-25 21:06:00;sin_act_cocina_comedor;0.262;0.288;0;0.218;46;46;46;0;27;27;27;0;159.581;69.406;159.924;0;0;0;0;0;0;1;25;1
2026-04-25 21:06:30;sin_act_cocina_comedor;0.267;0.332;0;0.209;46;46;46;0;27;27;27;0;159.118;134.645;159.718;0;0;0;0;0;0;1;30;1
2026-04-25 21:07:00;sin_act_cocina_comedor;0.27;0.29;0;0.21;46;46;46;0;27;27;27;0;159.066;63.935;169.939;0;0;0;0;0;0;0;30;1
2026-04-25 21:07:30;sin_act_cocina_comedor;0.301;0.301;0.176;0.197;46;46;46;0;27;27;27;0;159.118;64.312;242.93;0;0;0;0;0;0;1;29;1
2026-04-25 21:08:00;sin_act_cocina_comedor;0;0.297;0.176;0.206;46;46;46;0;27;27;27;0;159.135;70.744;192.577;0;0;0;0;0;0;1;27;1
2026-04-25 21:08:30;sin_act_cocina_comedor;0;0.285;0;0.217;46;46;46;0;27;27;27;0;158.86;158.86;159.701;0;0;0;0;0;0;1;30;1
2026-04-25 21:09:00;sin_act_cocina_comedor;0.281;0.289;0;0.203;46;46;46;0;27;27;27;0;159.272;69.08;160.507;0;0;0;0;0;0;1;30;1
2026-04-25 21:09:30;sin_act_cocina_comedor;0.282;0.284;0;0.212;46;46;46;0;27;27;27;0;159.546;65.307;159.769;0;0;0;0;0;0;0;29;1
2026-04-25 21:10:00;sin_act_cocina_comedor;0;0.282;0;0.198;46;46;46;0;27;27;27;0;159.101;64.947;190.382;0;0;0;0;0;0;1;30;1
2026-04-25 21:10:30;sin_act_cocina_comedor;0;0.292;0;0.195;46;46;46;0;27;27;27;0;159.066;64.295;159.598;0;0;0;0;0;0;1;25;1
2026-04-25 21:11:00;sin_act_cocina_comedor;0.271;0.302;0;0.182;46;46;46;0;27;27;27;0;158.998;68.428;159.512;0;0;0;0;0;0;1;30;1
2026-04-25 21:11:30;sin_act_cocina_comedor;0;0.344;0;0.182;46;46;46;0;27;27;27;0;158.998;64.038;159.872;0;0;0;0;0;0;1;30;1
2026-04-25 21:12:00;sin_act_cocina_comedor;0.267;0.314;0.177;0.189;46;46;46;0;27;27;27;0;158.655;65.153;159.392;0;0;0;0;0;0;0;25;1
2026-04-25 21:12:30;sin_act_cocina_comedor;0;0.29;0;0.197;46;46;46;0;27;27;27;0;158.432;68.977;159.015;0;0;0;0;0;0;1;30;1
2026-04-25 21:13:00;sin_act_cocina_comedor;0;0.287;0;0.192;46;46;46;0;27;27;27;0;158.929;64.347;188.015;0;0;0;0;0;0;1;30;1
2026-04-25 21:13:30;sin_act_cocina_comedor;0;0.282;0;0.201;45.933333;45;46;0.253708;27;27;27;0;159.306;64.776;161.433;0;0;0;0;0;0;1;29;1
2026-04-25 21:14:00;sin_act_cocina_comedor;0;0.282;0.182;0.202;45;45;45;0;27;27;27;0;159.083;63.918;159.872;0;0;0;0;0;0;1;29;1
2026-04-25 21:14:30;sin_act_cocina_comedor;0.29;0.3;0;0.209;45;45;45;0;27;27;27;0;158.998;64.364;159.221;0;0;0;0;0;0;1;29;1
2026-04-25 21:15:00;sin_act_cocina_comedor;0.262;0.318;0;0.208;45;45;45;0;27;27;27;0;158.86;65.239;159.409;0;0;0;0;0;0;1;30;1
2026-04-25 21:15:30;sin_act_cocina_comedor;0;0.34;0.185;0.21;45;45;45;0;27;27;27;0;158.432;64.741;159.066;0;0;0;0;0;0;1;30;1
2026-04-25 21:16:00;sin_act_cocina_comedor;0.27;0.302;0.177;0.226;45;45;45;0;27;27;27;0;159.769;64.312;159.769;0;0;0;0;0;0;1;30;1
2026-04-25 21:16:30;sin_act_cocina_comedor;0;0.359;0.188;0.217;45;45;45;0;27.333333;27;28;0.479463;158.895;110.395;159.769;0;0;0;0;0;0;1;30;1
2026-04-25 21:17:00;sin_act_cocina_comedor;0;0.292;0.177;0.207;45;45;45;0;28;28;28;0;162.599;156.957;163.988;0;0;0;0;0;0;1;30;1
2026-04-25 21:17:30;sin_act_cocina_comedor;0.262;0.329;0.174;0.21;45;45;45;0;28;28;28;0;158.895;158.86;159.426;0;0;0;0;0;0;1;30;1
2026-04-25 21:18:00;sin_act_cocina_comedor;0;0.323;0.188;0.213;45;45;45;0;28;28;28;0;159.032;158.397;159.289;0;0;0;0;0;0;0;30;1
2026-04-25 21:18:30;sin_act_cocina_comedor;0.281;0.348;0.178;0.208;45;45;45;0;28;28;28;0;159.066;64.244;159.066;0;0;0;0;0;0;1;30;1
2026-04-25 21:19:00;sin_act_cocina_comedor;0;0.302;0.178;0.214;45;45;45;0;28;28;28;0;159.169;64.364;159.392;0;0;0;0;0;0;0;30;1
2026-04-25 21:19:30;sin_act_cocina_comedor;0;0.297;0.182;0.203;45;45;45;0;27.785714;27;28;0.417855;158.98;68.446;159.461;0;0;0;0;0;0;1;30;1
2026-04-25 21:20:00;sin_act_cocina_comedor;0.273;0.323;0.18;0.226;44.517241;44;45;0.508548;27;27;27;0;158.5;64.312;159.495;0;0;0;0;0;0;1;30;1
2026-04-25 21:20:30;sin_act_cocina_comedor;0.276;0.319;0.215;0.226;44;44;44;0;27;27;27;0;158.843;68.874;159.426;0;0;0;0;0;0;1;30;1
2026-04-25 21:21:00;sin_act_cocina_comedor;0;0.301;0.191;0.221;44;44;44;0;27;27;27;0;158.758;67.965;158.895;0;0;0;0;0;0;1;30;1
2026-04-25 21:21:30;sin_act_cocina_comedor;0.286;0.286;0.193;0.208;44;44;44;0;27.066667;27;28;0.253708;158.809;68.343;169.734;0;0;0;0;0;0;0;30;1
2026-04-25 21:22:00;sin_act_cocina_comedor;0;0.319;0;0.216;44;44;44;0;28;28;28;0;61.551;61.551;158.998;0;0;0;0;0;0;1;30;1
2026-04-25 21:22:30;sin_act_cocina_comedor;0.299;0.309;0.176;0.213;44;44;44;0;28;28;28;0;159.426;43.767;172.22;0;0;0;0;0;0;1;30;1
2026-04-25 21:23:00;sin_act_cocina_comedor;0.272;0.302;0.178;0.209;44;44;44;0;28;28;28;0;158.535;64.793;175.685;0;0;0;0;0;0;1;30;1
2026-04-25 21:23:30;sin_act_cocina_comedor;0.273;0.309;0.186;0.206;44;44;44;0;28;28;28;0;155.156;155.156;159.392;0;0;0;0;0;0;1;30;1
2026-04-25 21:24:00;sin_act_cocina_comedor;0.267;0.314;0.186;0.248;44;44;44;0;28;28;28;0;159.444;69.286;190.262;0;0;0;0;0;0;0;30;1
2026-04-25 21:24:30;sin_act_cocina_comedor;0;0.292;0.202;0.22;44;44;44;0;28;28;28;0;159.461;64.776;163.114;0;0;0;0;0;0;1;30;1
2026-04-25 21:25:00;sin_act_cocina_comedor;0.281;0.282;0.175;0.221;44;44;44;0;27.366667;27;28;0.490133;159.461;63.918;159.855;0;0;0;0;0;0;1;30;1
2026-04-25 21:25:30;sin_act_cocina_comedor;0.263;0.36;0.177;0.216;44;44;44;0;27;27;27;0;158.895;64.415;159.495;0;0;0;0;0;0;1;30;1
2026-04-25 21:26:00;sin_act_cocina_comedor;0;0.283;0.192;0.228;44;44;44;0;27;27;27;0;159.083;64.364;162.994;0;0;0;0;0;0;1;30;1
2026-04-25 21:26:30;sin_act_cocina_comedor;0.332;0.332;0.189;0.213;44;44;44;0;27;27;27;0;158.998;64.364;159.752;0;0;0;0;0;0;0;30;1
2026-04-25 21:27:00;sin_act_cocina_comedor;0;0.32;0.193;0.222;44;44;44;0;27;27;27;0;158.963;64.741;164.383;0;0;0;0;0;0;1;30;1
2026-04-25 21:27:30;sin_act_cocina_comedor;0;0.299;0.197;0.224;44;44;44;0;27;27;27;0;159.821;69.355;159.821;0;0;0;0;0;0;1;30;1
2026-04-25 21:28:00;sin_act_cocina_comedor;0.314;0.343;0.194;0.233;44;44;44;0;27;27;27;0;158.86;69.303;159.821;0;0;0;0;0;0;1;30;1
2026-04-25 21:28:30;sin_act_cocina_comedor;0.265;0.334;0.197;0.223;44;44;44;0;27;27;27;0;158.963;65.221;159.461;0;0;0;0;0;0;1;30;1
2026-04-25 21:29:00;sin_act_cocina_comedor;0.27;0.305;0.201;0.228;43.8;43;44;0.406838;27;27;27;0;158.929;64.415;160.73;0;0;0;0;0;0;0;30;1
2026-04-25 21:29:30;sin_act_cocina_comedor;0.276;0.33;0.188;0.233;43;43;43;0;27;27;27;0;158.86;69.303;159.426;0;0;0;0;0;0;1;30;1
2026-04-25 21:30:00;sin_act_cocina_comedor;0.291;0.298;0.198;0.224;43;43;43;0;27;27;27;0;158.466;158.466;159.375;0;0;0;0;0;0;0;30;1
2026-04-25 21:30:30;sin_act_cocina_comedor;0.277;0.315;0.193;0.222;43;43;43;0;27;27;27;0;68.823;68.823;159.392;0;0;0;0;0;0;1;27;1
2026-04-25 21:31:00;sin_act_cocina_comedor;0.284;0.284;0.23;0.23;43;43;43;0;27.5;27;28;0.508548;158.586;68.497;159.392;0;0;0;0;0;0;1;28;1
2026-04-25 21:31:30;sin_act_cocina_comedor;0.262;0.286;0;0.211;43;43;43;0;27.833333;27;28;0.379049;134.49;65.273;159.855;0;0;0;0;0;0;1;30;1
2026-04-25 21:32:00;sin_act_cocina_comedor;0;0.332;0.178;0.22;43;43;43;0;27;27;27;0;159.032;64.312;186.781;0;0;0;0;0;0;1;27;1
2026-04-25 21:32:30;sin_act_cocina_comedor;0.281;0.282;0.194;0.208;43;43;43;0;27;27;27;0;159.101;63.884;159.598;0;0;0;0;0;0;1;28;1
2026-04-25 21:33:00;sin_act_cocina_comedor;0.268;0.286;0.215;0.215;43;43;43;0;27;27;27;0;159.118;70.658;159.615;0;0;0;0;0;0;1;30;1
2026-04-25 21:33:30;sin_act_cocina_comedor;0;0.285;0.185;0.198;43;43;43;0;27;27;27;0;160.13;64.381;186.849;0;0;0;0;0;0;1;30;1
2026-04-25 21:34:00;sin_act_cocina_comedor;0.274;0.296;0.185;0.212;43;43;43;0;27;27;27;0;160.095;154.762;160.987;0;0;0;0;0;0;1;30;1
2026-04-25 21:34:30;sin_act_cocina_comedor;0;0.289;0.182;0.215;43;43;43;0;27;27;27;0;160.061;64.467;160.13;0;0;0;0;0;0;0;30;1
2026-04-25 21:35:00;sin_act_cocina_comedor;0.273;0.335;0.205;0.222;43;43;43;0;27;27;27;0;159.169;68.943;160.061;0;0;0;0;0;0;1;30;1
2026-04-25 21:35:30;sin_act_cocina_comedor;0.31;0.31;0.204;0.221;43;43;43;0;27;27;27;0;159.529;68.12;159.821;0;0;0;0;0;0;1;30;1
2026-04-25 21:36:00;sin_act_cocina_comedor;0.266;0.3;0.202;0.221;43;43;43;0;27;27;27;0;159.392;158.963;159.546;0;0;0;0;0;0;1;30;1
2026-04-25 21:36:30;sin_act_cocina_comedor;0.27;0.327;0.185;0.22;43;43;43;0;27;27;27;0;159.392;64.741;159.409;0;0;0;0;0;0;1;30;1
2026-04-25 21:37:00;sin_act_cocina_comedor;0.263;0.354;0.216;0.228;43;43;43;0;27;27;27;0;159.375;69.68;159.444;0;0;0;0;0;0;0;30;1
2026-04-25 21:37:30;sin_act_cocina_comedor;0.264;0.3;0.191;0.227;43;43;43;0;27;27;27;0;164.846;158.569;164.846;1;22;1;0;0;0;1;30;1
2026-04-25 21:38:00;sin_act_cocina_comedor;0.273;0.299;0.181;0.221;43;43;43;0;27;27;27;0;158.86;61.706;164.846;1;30;1;0;0;0;1;25;1
2026-04-25 21:38:30;sin_act_cocina_comedor;0;0.314;0.185;0.219;42.4;42;43;0.498273;27;27;27;0;159.238;108.68;183.882;0;4;1;0;0;0;0;25;1
2026-04-25 21:39:00;sin_act_cocina_comedor;0.262;0.303;0;0.218;42;42;42;0;27;27;27;0;158.963;148.382;159.426;0;0;0;0;0;0;1;30;1
2026-04-25 21:39:30;sin_act_cocina_comedor;0.308;0.308;0.188;0.209;42;42;42;0;27;27;27;0;179.869;70.212;179.869;0;0;0;0;0;0;1;30;1
2026-04-25 21:40:00;sin_act_cocina_comedor;0.277;0.293;0;0.207;42;42;42;0;27;27;27;0;158.929;43.801;159.341;0;0;0;0;0;0;1;30;1
2026-04-25 21:40:30;sin_act_cocina_comedor;0.268;0.363;0.192;0.213;42;42;42;0;27;27;27;0;158.569;68.12;159.667;0;0;0;0;0;0;1;25;1
2026-04-25 21:41:00;sin_act_cocina_comedor;0;0.294;0.189;0.219;42;42;42;0;27;27;27;0;158.655;69.235;159.546;0;0;0;0;0;0;0;25;1
2026-04-25 21:41:30;sin_act_cocina_comedor;0.263;0.285;0.183;0.223;42;42;42;0;27;27;27;0;68.514;46.202;159.512;0;0;0;0;0;0;1;24;1
2026-04-25 21:42:00;sin_act_cocina_comedor;0;0.294;0.183;0.23;41.466667;41;42;0.507416;27;27;27;0;158.586;63.404;163.594;0;0;0;0;0;0;1;27;1
2026-04-25 21:42:30;sin_act_cocina_comedor;0;0.313;0.212;0.243;41;41;41;0;27;27;27;0;159.101;158.312;159.701;0;0;0;0;0;0;1;30;1
2026-04-25 21:43:00;sin_act_cocina_comedor;0.264;0.316;0.196;0.214;41;41;41;0;27;27;27;0;158.963;64.415;159.941;0;0;0;0;0;0;1;30;1
2026-04-25 21:43:30;sin_act_cocina_comedor;0;0.318;0.189;0.231;41;41;41;0;27;27;27;0;159.289;64.312;159.478;0;0;0;0;0;0;1;30;1
2026-04-25 21:44:00;sin_act_cocina_comedor;0.264;0.309;0.215;0.23;41;41;41;0;27;27;27;0;161.004;64.364;161.004;0;0;0;0;0;0;0;30;1
2026-04-25 21:44:30;sin_act_cocina_comedor;0.289;0.306;0.189;0.239;41;41;41;0;27;27;27;0;158.878;69.68;161.004;0;0;0;0;0;0;1;30;1
2026-04-25 21:45:00;sin_act_cocina_comedor;0.302;0.314;0.187;0.22;41;41;41;0;27;27;27;0;159.186;64.295;159.769;0;0;0;0;0;0;1;30;1
2026-04-25 21:45:30;sin_act_cocina_comedor;0;0.334;0.181;0.223;41;41;41;0;27.333333;27;28;0.479463;158.912;64.312;171.757;0;0;0;0;0;0;1;30;1
2026-04-25 21:46:00;sin_act_cocina_comedor;0.276;0.315;0.191;0.219;40;40;40;0;28;28;28;0;158.843;132.621;159.341;0;0;0;0;0;0;1;30;1
2026-04-25 21:46:30;sin_act_cocina_comedor;0.262;0.314;0.176;0.23;40;40;40;0;28;28;28;0;159.186;158.432;159.306;0;0;0;0;0;0;0;30;1
2026-04-25 21:47:00;sin_act_cocina_comedor;0.35;0.35;0.219;0.23;40;40;40;0;28;28;28;0;158.329;70.555;159.324;0;0;0;0;0;0;1;30;1
2026-04-25 21:47:30;sin_act_cocina_comedor;0.278;0.342;0.204;0.26;40;40;40;0;28;28;28;0;158.809;69.578;159.341;0;0;0;0;0;0;1;30;1
2026-04-25 21:48:00;sin_act_cocina_comedor;0.277;0.312;0.194;0.224;40;40;40;0;28;28;28;0;158.86;154.847;159.186;0;0;0;0;0;0;1;30;1
2026-04-25 21:48:30;sin_act_cocina_comedor;0.28;0.317;0.179;0.23;40;40;40;0;28;28;28;0;159.289;64.433;159.615;0;0;0;0;0;0;1;30;1
2026-04-25 21:49:00;sin_act_cocina_comedor;0.261;0.385;0.195;0.24;40;40;40;0;28;28;28;0;158.809;158.758;163.234;0;0;0;0;0;0;1;30;1
2026-04-25 21:49:30;sin_act_cocina_comedor;0.266;0.307;0.181;0.234;40;40;40;0;28;28;28;0;159.238;158.432;159.649;0;0;0;0;0;0;1;30;1
2026-04-25 21:50:00;sin_act_cocina_comedor;0.277;0.3;0.195;0.228;40;40;40;0;28;28;28;0;159.289;63.884;159.409;0;0;0;0;0;0;1;30;1
2026-04-25 21:50:30;sin_act_cocina_comedor;0.274;0.318;0.188;0.238;40;40;40;0;28;28;28;0;159.186;68.531;159.718;0;0;0;0;0;0;1;30;1
2026-04-25 21:51:00;sin_act_cocina_comedor;0.297;0.309;0.197;0.226;40;40;40;0;28;28;28;0;158.758;158.14;159.186;0;0;0;0;0;0;0;29;1
2026-04-25 21:51:30;sin_act_cocina_comedor;0;0.315;0.215;0.24;40;40;40;0;28;28;28;0;159.306;68.72;159.375;0;0;0;0;0;0;0;26;1
2026-04-25 21:52:00;sin_act_cocina_comedor;0.291;0.322;0.216;0.23;40;40;40;0;28;28;28;0;158.775;69.252;176.028;0;0;0;0;0;0;1;30;1
2026-04-25 21:52:30;sin_act_cocina_comedor;0.304;0.31;0.205;0.246;40;40;40;0;28;28;28;0;158.792;69.715;159.289;0;0;0;0;0;0;1;30;1
2026-04-25 21:53:00;sin_act_cocina_comedor;0.281;0.326;0.197;0.237;40;40;40;0;28;28;28;0;159.324;158.758;185.409;0;0;0;0;0;0;1;30;1
2026-04-25 21:53:30;sin_act_cocina_comedor;0.262;0.308;0.189;0.221;39.3;39;40;0.466092;28;28;28;0;158.809;64.844;159.701;0;0;0;0;0;0;0;30;1
2026-04-25 21:54:00;sin_act_cocina_comedor;0.265;0.297;0.188;0.229;39;39;39;0;28;28;28;0;158.878;70.126;159.341;0;0;0;0;0;0;1;30;1
2026-04-25 21:54:30;sin_act_cocina_comedor;0;0.301;0.232;0.232;39;39;39;0;28;28;28;0;158.878;68.514;159.718;0;0;0;0;0;0;1;30;1
2026-04-25 21:55:00;sin_act_cocina_comedor;0;0.307;0.209;0.232;39;39;39;0;28;28;28;0;159.752;64.741;169.133;0;0;0;0;0;0;1;30;1
2026-04-25 21:55:30;sin_act_cocina_comedor;0.272;0.309;0.204;0.236;39;39;39;0;28;28;28;0;159.221;69.286;159.735;0;0;0;0;0;0;1;30;1
2026-04-25 21:56:00;sin_act_cocina_comedor;0.275;0.283;0.21;0.221;39;39;39;0;28;28;28;0;159.341;158.809;159.598;0;0;0;0;0;0;1;30;1
2026-04-25 21:56:30;sin_act_cocina_comedor;0;0.3;0.195;0.235;39;39;39;0;28;28;28;0;159.324;68.874;172.409;0;0;0;0;0;0;1;30;1
2026-04-25 21:57:00;sin_act_cocina_comedor;0.274;0.333;0.182;0.223;39;39;39;0;28;28;28;0;132.089;68.446;183.556;0;0;0;0;0;0;0;30;1
2026-04-25 21:57:30;sin_act_cocina_comedor;0.265;0.309;0.188;0.222;39;39;39;0;28;28;28;0;158.758;158.758;159.735;0;0;0;0;0;0;1;30;1
2026-04-25 21:58:00;sin_act_cocina_comedor;0;0.298;0.177;0.207;39;39;39;0;28;28;28;0;159.238;154.058;159.598;0;0;0;0;0;0;1;25;1
2026-04-25 21:58:30;sin_act_cocina_comedor;0;0.303;0.196;0.218;39;39;39;0;28;28;28;0;158.998;68.823;159.735;0;0;0;0;0;0;0;30;1
2026-04-25 21:59:00;sin_act_cocina_comedor;0;0.349;0;0.219;39;39;39;0;28;28;28;0;159.426;64.312;159.495;0;0;0;0;0;0;1;30;1
2026-04-25 21:59:30;sin_act_cocina_comedor;0.274;0.318;0.188;0.223;39;39;39;0;28;28;28;0;182.596;64.312;182.596;0;0;0;0;0;0;1;25;1
2026-04-25 22:00:00;sin_act_cocina_comedor;0.282;0.309;0.206;0.221;39;39;39;0;28;28;28;0;158.603;64.312;159.975;0;0;0;0;0;0;1;25;1
2026-04-25 22:00:30;sin_act_cocina_comedor;0.274;0.327;0.191;0.218;39;39;39;0;27.566667;27;28;0.504007;67.965;64.364;187.69;0;0;0;0;0;0;1;23;1
2026-04-25 22:01:00;sin_act_cocina_comedor;0;0.38;0.182;0.227;39;39;39;0;27;27;27;0;64.364;64.364;159.392;0;0;0;0;0;0;0;25;1
2026-04-25 22:01:30;sin_act_cocina_comedor;0.283;0.283;0.201;0.23;39;39;39;0;27;27;27;0;158.209;68.857;182.785;0;0;0;0;0;0;1;30;1
2026-04-25 22:02:00;sin_act_cocina_comedor;0.281;0.299;0.206;0.231;39;39;39;0;27;27;27;0;158.878;69.44;159.821;0;0;0;0;0;0;0;30;1
2026-04-25 22:02:30;sin_act_cocina_comedor;0.262;0.31;0.225;0.226;38.933333;38;39;0.253708;27;27;27;0;159.444;68.874;181.601;0;0;0;0;0;0;1;30;1
2026-04-25 22:03:00;sin_act_cocina_comedor;0.277;0.293;0.195;0.229;38;38;38;0;27;27;27;0;68.943;68.943;159.392;0;0;0;0;0;0;1;25;1
2026-04-25 22:03:30;sin_act_cocina_comedor;0.367;0.367;0.201;0.216;38;38;38;0;27;27;27;0;159.118;64.793;159.975;0;0;0;0;0;0;1;30;1
2026-04-25 22:04:00;sin_act_cocina_comedor;0.295;0.31;0.195;0.245;38;38;38;0;27;27;27;0;158.706;68.411;160.027;0;0;0;0;0;0;1;30;1
2026-04-25 22:04:30;sin_act_cocina_comedor;0.269;0.319;0.221;0.221;38;38;38;0;27;27;27;0;159.444;64.364;159.495;0;0;0;0;0;0;1;30;1
2026-04-25 22:05:00;sin_act_cocina_comedor;0.265;0.298;0.209;0.236;38;38;38;0;27;27;27;0;158.637;64.347;159.461;0;0;0;0;0;0;1;30;1
2026-04-25 22:05:30;sin_act_cocina_comedor;0;0.323;0.202;0.238;38;38;38;0;27;27;27;0;158.963;61.431;159.409;0;0;0;0;0;0;0;30;1
2026-04-25 22:06:00;sin_act_cocina_comedor;0.265;0.319;0.21;0.227;38.6;38;39;0.498273;27;27;27;0;69.286;64.347;159.444;0;0;0;0;0;0;1;30;1
2026-04-25 22:06:30;sin_act_cocina_comedor;0.266;0.306;0.207;0.24;39;39;39;0;27;27;27;0;158.963;64.741;173.301;0;0;0;0;0;0;1;30;1
2026-04-25 22:07:00;sin_act_cocina_comedor;0.264;0.303;0.196;0.246;39;39;39;0;27;27;27;0;158.946;68.823;159.409;0;0;0;0;0;0;1;30;1
2026-04-25 22:07:30;sin_act_cocina_comedor;0;0.316;0.177;0.245;39;39;39;0;27;27;27;0;158.895;157.643;159.392;0;0;0;0;0;0;1;30;1
2026-04-25 22:08:00;sin_act_cocina_comedor;0.288;0.308;0.205;0.217;39;39;39;0;27;27;27;0;156.545;64.741;167.007;0;0;0;0;0;0;0;30;1
2026-04-25 22:08:30;sin_act_cocina_comedor;0.27;0.306;0.208;0.235;39;39;39;0;27;27;27;0;158.432;64.724;159.392;0;0;0;0;0;0;1;30;1
2026-04-25 22:09:00;sin_act_cocina_comedor;0.278;0.329;0.23;0.23;39;39;39;0;27.866667;27;28;0.345746;158.552;68.823;179.115;0;0;0;0;0;0;1;30;1
2026-04-25 22:09:30;sin_act_cocina_comedor;0.273;0.304;0.205;0.229;39;39;39;0;27.466667;27;28;0.507416;159.529;16.773;190.365;1;23;1;0;0;0;1;24;1
2026-04-25 22:10:00;sin_act_cocina_comedor;0.313;0.323;0.192;0.221;39;39;39;0;27;27;27;0;158.809;64.741;164.966;1;30;1;0;0;0;1;20;1
2026-04-25 22:10:30;sin_act_cocina_comedor;0.273;0.351;0.192;0.23;38.833333;38;39;0.379049;27;27;27;0;159.529;71.087;159.546;0;12;1;0;0;0;1;25;1
2026-04-25 22:11:00;sin_act_cocina_comedor;0;0.307;0.192;0.224;38;38;38;0;27;27;27;0;162.565;69.389;162.565;0;0;0;0;0;0;0;30;1
2026-04-25 22:11:30;sin_act_cocina_comedor;0.274;0.309;0.179;0.218;38;38;38;0;27;27;27;0;159.564;64.827;162.565;0;0;0;0;0;0;1;30;1
2026-04-25 22:12:00;sin_act_cocina_comedor;0;0.313;0.192;0.211;38;38;38;0;27;27;27;0;159.426;64.261;160.095;0;0;0;0;0;0;1;30;1
2026-04-25 22:12:30;sin_act_cocina_comedor;0.267;0.307;0.174;0.193;38.766667;38;39;0.430183;27;27;27;0;160.095;68.514;160.181;0;0;0;0;0;0;1;30;1
2026-04-25 22:13:00;sin_act_cocina_comedor;0.302;0.302;0.177;0.226;39;39;39;0;27;27;27;0;159.546;66.062;169.219;0;0;0;0;0;0;1;30;1
2026-04-25 22:13:30;sin_act_cocina_comedor;0;0.301;0.178;0.209;39;39;39;0;27;27;27;0;159.958;65.273;160.37;1;19;1;0;0;0;1;30;1
2026-04-25 22:14:00;sin_act_cocina_comedor;0.261;0.285;0.19;0.213;39;39;39;0;27;27;27;0;160.078;63.935;193.761;1;30;1;0;0;0;1;30;1
2026-04-25 22:14:30;sin_act_cocina_comedor;0.27;0.327;0.178;0.212;39;39;39;0;27;27;27;0;159.615;68.188;159.975;0;10;1;0;0;0;1;21;1
2026-04-25 22:15:00;sin_act_cocina_comedor;0.264;0.28;0.177;0.222;39;39;39;0;27;27;27;0;67.811;67.811;160.095;0;0;0;0;0;0;1;30;1
2026-04-25 22:15:30;sin_act_cocina_comedor;0.294;0.3;0.21;0.221;39;39;39;0;27;27;27;0;159.306;69.475;160.198;0;0;0;0;0;0;1;25;1
2026-04-25 22:16:00;sin_act_cocina_comedor;0.261;0.297;0;0.197;39;39;39;0;27;27;27;0;159.203;69.921;159.735;0;0;0;0;0;0;1;30;1
2026-04-25 22:16:30;sin_act_cocina_comedor;0;0.296;0.202;0.207;39;39;39;0;27;27;27;0;159.546;64.415;160.027;0;0;0;0;0;0;1;25;1
2026-04-25 22:17:00;sin_act_cocina_comedor;0.265;0.312;0.188;0.203;39;39;39;0;27;27;27;0;158.912;64.347;159.546;0;0;0;0;0;0;1;20;1
2026-04-25 22:17:30;sin_act_cocina_comedor;0.266;0.3;0.196;0.205;39;39;39;0;27;27;27;0;68.497;68.497;159.478;0;0;0;0;0;0;1;30;1
2026-04-25 22:18:00;sin_act_cocina_comedor;0;0.287;0.204;0.223;39;39;39;0;27;27;27;0;55.412;55.412;159.375;0;0;0;0;0;0;1;25;1
2026-04-25 22:18:30;sin_act_cocina_comedor;0;0.289;0.185;0.201;39;39;39;0;27;27;27;0;158.758;65.273;161.09;0;0;0;0;0;0;1;30;1
2026-04-25 22:19:00;sin_act_cocina_comedor;0.274;0.318;0.202;0.22;39;39;39;0;27;27;27;0;159.375;64.33;196.556;1;28;1;0;0;0;1;30;1
2026-04-25 22:19:30;sin_act_cocina_comedor;0;0.286;0.18;0.217;39;39;39;0;27;27;27;0;143.82;64.776;159.546;1;30;1;0;0;0;1;30;1
2026-04-25 22:20:00;sin_act_cocina_comedor;0;0.293;0;0.22;39;39;39;0;27;27;27;0;68.343;68.343;182.836;1;30;1;0;0;0;1;30;1
2026-04-25 22:20:30;sin_act_cocina_comedor;0.262;0.322;0.19;0.22;39;39;39;0;27;27;27;0;158.878;64.81;159.409;1;13;1;0;0;0;1;30;1
2026-04-25 22:21:00;sin_act_cocina_comedor;0.268;0.306;0.189;0.226;39;39;39;0;27;27;27;0;158.878;28.52;159.804;1;30;1;0;0;0;1;30;1
2026-04-25 22:21:30;sin_act_cocina_comedor;0.269;0.321;0.202;0.219;39.833333;39;40;0.379049;27;27;27;0;151.537;68.326;159.341;1;30;1;0;0;0;1;30;1
2026-04-25 22:22:00;sin_act_cocina_comedor;0.269;0.306;0.184;0.226;40;40;40;0;27;27;27;0;159.392;64.467;191.583;0;28;1;0;0;0;1;25;1
2026-04-25 22:22:30;sin_act_cocina_comedor;0.289;0.309;0.237;0.237;40;40;40;0;27;27;27;0;159.444;68.857;159.769;0;0;0;0;0;0;1;30;1
2026-04-25 22:23:00;sin_act_cocina_comedor;0;0.337;0.197;0.225;40;40;40;0;27;27;27;0;159.066;68.977;160.335;0;0;0;0;0;0;1;26;1
2026-04-25 22:23:30;uso_lavaplatos;0.274;0.29;0.21;0.211;40;40;40;0;27;27;27;0;159.324;108.697;175.993;1;16;1;1;15;1;0;25;1
2026-04-25 22:24:00;sin_act_cocina_comedor;0;0.3;0.177;0.223;40;40;40;0;27;27;27;0;159.306;64.793;165.515;1;30;1;0;9;1;1;25;1
2026-04-25 22:24:30;sin_act_cocina_comedor;0.293;0.31;0.192;0.207;40;40;40;0;27;27;27;0;158.62;61.963;159.392;1;30;1;0;0;0;1;25;1
2026-04-25 22:25:00;sin_act_cocina_comedor;0.287;0.303;0.194;0.221;40;40;40;0;27;27;27;0;159.392;46.013;159.546;0;4;1;0;0;0;1;24;1
2026-04-25 22:25:30;sin_act_cocina_comedor;0.296;0.305;0.195;0.227;40;40;40;0;27;27;27;0;159.718;61.071;159.769;0;0;0;0;0;0;1;26;1
2026-04-25 22:26:00;sin_act_cocina_comedor;0.265;0.303;0.196;0.231;40;40;40;0;27;27;27;0;159.289;69.252;159.392;0;0;0;0;0;0;0;20;1
2026-04-25 22:26:30;sin_act_cocina_comedor;0.263;0.3;0;0.21;40;40;40;0;27;27;27;0;159.221;158.843;159.375;0;0;0;0;0;0;1;25;1
2026-04-25 22:27:00;sin_act_cocina_comedor;0.265;0.283;0.193;0.225;40;40;40;0;27;27;27;0;154.882;59.562;175.05;0;0;0;0;0;0;1;24;1
2026-04-25 22:27:30;sin_act_cocina_comedor;0.278;0.298;0.199;0.228;40;40;40;0;27;27;27;0;158.998;64.827;159.855;0;0;0;0;0;0;1;23;1
2026-04-25 22:28:00;sin_act_cocina_comedor;0;0.3;0.186;0.221;40;40;40;0;27.033333;27;28;0.182574;159.341;46.682;193.761;1;16;1;0;0;0;1;21;1
2026-04-25 22:28:30;sin_act_cocina_comedor;0;0.305;0.192;0.228;40;40;40;0;28;28;28;0;158.912;64.844;183.865;1;30;1;0;0;0;1;24;1
2026-04-25 22:29:00;sin_act_cocina_comedor;0.264;0.299;0.189;0.221;40;40;40;0;28;28;28;0;155.225;61.946;159.461;0;9;1;0;0;0;1;30;1
2026-04-25 22:29:30;sin_act_cocina_comedor;0.274;0.296;0.19;0.224;40;40;40;0;28;28;28;0;140.853;62.272;159.032;0;0;0;0;0;0;1;25;1
2026-04-25 22:30:00;sin_act_cocina_comedor;0;0.279;0.193;0.229;40;40;40;0;27.666667;27;28;0.479463;92.198;64.295;159.907;0;0;0;0;0;0;1;30;1
2026-04-25 22:30:30;sin_act_cocina_comedor;0.31;0.31;0.176;0.209;40;40;40;0;27;27;27;0;155.842;68.943;160.027;0;0;0;0;0;0;0;25;1
2026-04-25 22:31:00;sin_act_cocina_comedor;0;0.311;0.175;0.211;39.033333;39;40;0.182574;27;27;27;0;159.289;102.403;184.517;0;0;0;0;0;0;1;25;1
2026-04-25 22:31:30;sin_act_cocina_comedor;0;0.315;0.201;0.212;39;39;39;0;27;27;27;0;159.718;69.029;164.16;0;0;0;0;0;0;1;19;1
2026-04-25 22:32:00;sin_act_cocina_comedor;0;0.296;0;0.213;39;39;39;0;27;27;27;0;159.632;69.046;159.632;0;0;0;0;0;0;0;27;1
2026-04-25 22:32:30;sin_act_cocina_comedor;0.264;0.337;0.2;0.221;39;39;39;0;27;27;27;0;155.413;109.228;192.903;0;0;0;0;0;0;1;25;1
2026-04-25 22:33:00;sin_act_cocina_comedor;0;0.32;0.2;0.22;39;39;39;0;27;27;27;0;158.809;67.811;159.221;0;0;0;0;0;0;1;25;1
2026-04-25 22:33:30;sin_act_cocina_comedor;0.281;0.297;0.185;0.219;39;39;39;0;27;27;27;0;157.951;69.475;159.598;0;0;0;0;0;0;1;26;1
2026-04-25 22:34:00;sin_act_cocina_comedor;0.284;0.294;0.179;0.227;39.866667;39;40;0.345746;27;27;27;0;159.787;64.896;160.198;0;0;0;0;0;0;1;22;1
2026-04-25 22:34:30;sin_act_cocina_comedor;0.266;0.285;0.209;0.23;40;40;40;0;27;27;27;0;159.512;64.947;159.735;0;0;0;0;0;0;1;23;1
2026-04-25 22:35:00;sin_act_cocina_comedor;0;0.308;0.199;0.224;40;40;40;0;27;27;27;0;159.032;64.415;180.212;1;30;1;0;0;0;1;25;1
2026-04-25 22:35:30;sin_act_cocina_comedor;0;0.286;0.19;0.204;40;40;40;0;27;27;27;0;69.08;69.08;198.82;1;30;1;0;0;0;0;25;1
2026-04-25 22:36:00;sin_act_cocina_comedor;0.277;0.299;0;0.197;40;40;40;0;27;27;27;0;68.446;64.415;161.484;0;6;1;0;0;0;0;25;1
2026-04-25 22:36:30;sin_act_cocina_comedor;0;0.307;0.178;0.214;40;40;40;0;27;27;27;0;159.152;65.204;161.519;0;0;0;0;0;0;0;20;1
2026-04-25 22:37:00;sin_act_cocina_comedor;0.284;0.291;0;0.213;40.133333;40;41;0.345746;27;27;27;0;159.546;68.514;159.615;0;0;0;0;0;0;0;24;1
2026-04-25 22:37:30;sin_act_cocina_comedor;0;0.284;0.177;0.215;41;41;41;0;27;27;27;0;159.701;64.896;189.353;0;0;0;0;0;0;0;24;1
2026-04-25 22:38:00;sin_act_cocina_comedor;0.271;0.298;0;0.213;41;41;41;0;27;27;27;0;110.034;109.657;172.46;0;0;0;0;0;0;0;25;1
2026-04-25 22:38:30;sin_act_cocina_comedor;0.27;0.35;0.183;0.223;41;41;41;0;27;27;27;0;160.027;55.206;160.027;0;0;0;0;0;0;0;23;1
2026-04-25 22:39:00;sin_act_cocina_comedor;0;0.316;0.18;0.217;41;41;41;0;27;27;27;0;68.463;68.463;160.044;0;0;0;0;0;0;1;27;1
2026-04-25 22:39:30;sin_act_cocina_comedor;0.263;0.278;0.193;0.206;41;41;41;0;27;27;27;0;155.773;19.997;185.271;1;24;1;0;0;0;1;30;1
2026-04-25 22:40:00;sin_act_cocina_comedor;0.288;0.288;0.189;0.217;41;41;41;0;27;27;27;0;159.735;64.776;163.079;0;26;1;0;0;0;1;25;1
2026-04-25 22:40:30;sin_act_cocina_comedor;0;0.285;0.187;0.222;41;41;41;0;27;27;27;0;158.998;64.776;159.941;0;0;0;0;0;0;1;25;1
2026-04-25 22:41:00;sin_act_cocina_comedor;0;0.291;0.212;0.249;41;41;41;0;27;27;27;0;154.847;64.69;183.454;1;9;1;0;0;0;1;20;1
2026-04-25 22:41:30;sin_act_cocina_comedor;0;0.297;0.213;0.232;41;41;41;0;27;27;27;0;159.118;37.147;175.153;1;30;1;0;0;0;1;30;1
2026-04-25 22:42:00;sin_act_cocina_comedor;0;0.286;0.174;0.235;41.966667;41;42;0.182574;27;27;27;0;159.015;64.364;159.495;1;30;1;0;0;0;1;24;1
2026-04-25 22:42:30;sin_act_cocina_comedor;0;0.336;0;0.202;42;42;42;0;27;27;27;0;159.118;138.829;159.546;1;30;1;0;0;0;1;25;1
2026-04-25 22:43:00;sin_act_cocina_comedor;0;0.297;0;0.211;42.6;42;43;0.498273;27;27;27;0;158.809;69.921;173.061;0;18;1;0;0;0;1;30;1
2026-04-25 22:43:30;sin_act_cocina_comedor;0;0.293;0;0.201;43;43;43;0;27;27;27;0;159.341;48.552;160.061;0;0;0;0;0;0;1;18;1
2026-04-25 22:44:00;sin_act_cocina_comedor;0;0.291;0.186;0.202;43;43;43;0;27;27;27;0;68.291;68.291;183.642;0;0;0;0;0;0;1;30;1
2026-04-25 22:44:30;sin_act_cocina_comedor;0.273;0.284;0;0.21;43;43;43;0;27;27;27;0;159.306;56.492;162.342;0;0;0;0;0;0;1;25;1
2026-04-25 22:45:00;sin_act_cocina_comedor;0.279;0.344;0.188;0.234;43;43;43;0;27;27;27;0;159.186;110.086;185.237;0;0;0;0;0;0;1;25;1
2026-04-25 22:45:30;sin_act_cocina_comedor;0.273;0.291;0.188;0.218;43;43;43;0;27;27;27;0;159.118;69.389;159.632;0;0;0;0;0;0;0;30;1
2026-04-25 22:46:00;sin_act_cocina_comedor;0;0.377;0.203;0.226;43.8;43;44;0.406838;27;27;27;0;159.426;64.827;159.529;0;0;0;0;0;0;1;29;1
2026-04-25 22:46:30;sin_act_cocina_comedor;0;0.304;0.184;0.229;44;44;44;0;27;27;27;0;159.324;64.707;185.529;0;0;0;0;0;0;1;26;1
2026-04-25 22:47:00;sin_act_cocina_comedor;0;0.298;0.184;0.253;44;44;44;0;27;27;27;0;159.392;65.153;159.855;0;0;0;0;0;0;1;30;1
2026-04-25 22:47:30;sin_act_cocina_comedor;0;0.298;0.176;0.23;44;44;44;0;27;27;27;0;158.637;65.221;176.559;0;0;0;0;0;0;1;29;1
2026-04-25 22:48:00;sin_act_cocina_comedor;0;0.301;0.205;0.216;44;44;44;0;27;27;27;0;159.066;64.776;159.529;0;0;0;0;0;0;1;26;1
2026-04-25 22:48:30;sin_act_cocina_comedor;0;0.287;0;0.208;44;44;44;0;27;27;27;0;159.169;64.827;160.335;0;0;0;0;0;0;1;30;1
2026-04-25 22:49:00;sin_act_cocina_comedor;0;0.272;0.194;0.208;44;44;44;0;27;27;27;0;70.641;65.324;159.924;0;0;0;0;0;0;0;29;1
2026-04-25 22:49:30;sin_act_cocina_comedor;0;0.31;0;0.232;43.966667;43;44;0.182574;27;27;27;0;159.186;64.878;159.667;0;0;0;0;0;0;1;30;1
2026-04-25 22:50:00;sin_act_cocina_comedor;0.262;0.279;0.226;0.226;43;43;43;0;27;27;27;0;158.432;90.895;159.958;0;0;0;0;0;0;1;30;1
2026-04-25 22:50:30;sin_act_cocina_comedor;0.263;0.298;0.192;0.23;43;43;43;0;27;27;27;0;158.86;69.406;161.536;0;0;0;0;0;0;1;30;1
2026-04-25 22:51:00;sin_act_cocina_comedor;0;0.307;0.18;0.223;43;43;43;0;27;27;27;0;159.752;64.535;160.713;0;0;0;0;0;0;1;25;1
2026-04-25 22:51:30;sin_act_cocina_comedor;0.282;0.282;0.191;0.227;43;43;43;0;27;27;27;0;159.066;69.783;159.684;0;0;0;0;0;0;1;25;1
2026-04-25 22:52:00;sin_act_cocina_comedor;0;0.31;0;0.212;42;42;42;0;27;27;27;0;159.495;18.591;159.924;0;0;0;0;0;0;1;25;1
2026-04-25 22:52:30;sin_act_cocina_comedor;0.272;0.293;0.19;0.226;42;42;42;0;27;27;27;0;159.066;68.549;159.632;0;0;0;0;0;0;1;25;1
2026-04-25 22:53:00;sin_act_cocina_comedor;0.265;0.285;0.205;0.235;42;42;42;0;27;27;27;0;162.033;158.792;163.405;0;0;0;0;0;0;1;30;1
2026-04-25 22:53:30;sin_act_cocina_comedor;0;0.297;0.22;0.228;42;42;42;0;27;27;27;0;159.135;64.741;159.975;0;0;0;0;0;0;1;30;1
2026-04-25 22:54:00;sin_act_cocina_comedor;0.263;0.292;0.193;0.22;42;42;42;0;27;27;27;0;159.169;156.254;159.649;0;0;0;0;0;0;1;30;1
2026-04-25 22:54:30;sin_act_cocina_comedor;0.262;0.317;0.185;0.238;42;42;42;0;27;27;27;0;160.112;48.432;160.112;0;0;0;0;0;0;1;30;1
2026-04-25 22:55:00;sin_act_cocina_comedor;0.295;0.295;0.176;0.222;42;42;42;0;27;27;27;0;159.529;64.844;160.112;0;0;0;0;0;0;1;30;1
2026-04-25 22:55:30;sin_act_cocina_comedor;0.27;0.305;0.184;0.218;41.133333;41;42;0.345746;27;27;27;0;70.675;70.658;159.735;0;0;0;0;0;0;1;30;1
2026-04-25 22:56:00;sin_act_cocina_comedor;0.266;0.323;0.179;0.225;41;41;41;0;27;27;27;0;65.324;64.827;159.821;0;0;0;0;0;0;1;30;1
2026-04-25 22:56:30;sin_act_cocina_comedor;0.35;0.35;0;0.216;41;41;41;0;27;27;27;0;68.137;64.518;160.267;0;0;0;0;0;0;1;30;1
2026-04-25 22:57:00;sin_act_cocina_comedor;0.287;0.35;0.178;0.216;41;41;41;0;27;27;27;0;159.598;68.977;160.13;0;0;0;0;0;0;1;30;1
2026-04-25 22:57:30;sin_act_cocina_comedor;0;0.293;0;0.224;41;41;41;0;27;27;27;0;68.977;64.896;160.044;0;0;0;0;0;0;1;30;1
2026-04-25 22:58:00;sin_act_cocina_comedor;0;0.291;0.176;0.202;40.966667;40;41;0.182574;27;27;27;0;159.255;69.389;159.649;0;0;0;0;0;0;1;30;1
2026-04-25 22:58:30;sin_act_cocina_comedor;0;0.301;0;0.205;40;40;40;0;27;27;27;0;159.564;159.101;160.901;0;0;0;0;0;0;0;30;1
2026-04-25 22:59:00;sin_act_cocina_comedor;0;0.31;0;0.202;40;40;40;0;27;27;27;0;159.032;65.582;160.009;0;0;0;0;0;0;1;22;1
2026-04-25 22:59:30;sin_act_cocina_comedor;0;0.291;0;0.205;40;40;40;0;27;27;27;0;159.924;65.204;173.867;1;26;1;0;0;0;0;23;1
2026-04-25 23:00:00;sin_act_cocina_comedor;0.278;0.278;0.185;0.201;40;40;40;0;27;27;27;0;146.855;64.844;159.958;1;30;1;0;0;0;0;30;1
2026-04-25 23:00:30;sin_act_cocina_comedor;0;0.279;0.178;0.225;40;40;40;0;27;27;27;0;158.689;64.364;159.907;1;30;1;0;0;0;0;30;1
2026-04-25 23:01:00;sin_act_cocina_comedor;0;0.304;0.182;0.22;40;40;40;0;27;27;27;0;159.392;65.273;167.641;1;30;1;0;0;0;0;30;1
2026-04-25 23:01:30;sin_act_cocina_comedor;0;0.29;0.211;0.211;40;40;40;0;27;27;27;0;154.985;64.364;166.201;1;30;1;0;0;0;1;25;1
2026-04-25 23:02:00;sin_act_cocina_comedor;0.264;0.288;0.204;0.225;40;40;40;0;27;27;27;0;159.203;158.74;161.69;1;30;1;0;0;0;1;25;1
2026-04-25 23:02:30;sin_act_cocina_comedor;0.27;0.283;0.18;0.235;40;40;40;0;27;27;27;0;159.324;65.702;159.752;0;0;0;0;0;0;0;30;1
2026-04-25 23:03:00;sin_act_cocina_comedor;0;0.297;0.181;0.26;40;40;40;0;27;27;27;0;159.358;149.462;164.52;0;0;0;0;0;0;1;25;1
2026-04-25 23:03:30;sin_act_cocina_comedor;0;0.302;0.197;0.219;39.066667;39;40;0.253708;27;27;27;0;159.221;65.324;160.13;0;0;0;0;0;0;0;22;1
2026-04-25 23:04:00;sin_act_cocina_comedor;0.28;0.288;0.214;0.214;39;39;39;0;27;27;27;0;159.598;69.492;160.335;0;0;0;0;0;0;1;28;1
2026-04-25 23:04:30;sin_act_cocina_comedor;0;0.356;0.207;0.231;39;39;39;0;27;27;27;0;68.549;68.549;159.787;0;0;0;0;0;0;1;30;1
2026-04-25 23:05:00;sin_act_cocina_comedor;0.265;0.322;0.185;0.231;39;39;39;0;27;27;27;0;64.878;64.878;160.181;0;0;0;0;0;0;1;22;1
2026-04-25 23:05:30;sin_act_cocina_comedor;0;0.305;0.177;0.231;39;39;39;0;27;27;27;0;155.979;69.012;179.355;0;0;0;0;0;0;1;23;1
2026-04-25 23:06:00;sin_act_cocina_comedor;0;0.282;0.185;0.222;39;39;39;0;27;27;27;0;159.581;67.348;160.13;0;0;0;0;0;0;0;30;1
2026-04-25 23:06:30;sin_act_cocina_comedor;0;0.283;0.174;0.214;39;39;39;0;27;27;27;0;159.546;110.6;191.171;0;0;0;0;0;0;1;30;1
2026-04-25 23:07:00;sin_act_cocina_comedor;0;0.298;0.177;0.218;39;39;39;0;27;27;27;0;158.998;158.655;181.739;0;0;0;0;0;0;1;30;1
2026-04-25 23:07:30;sin_act_cocina_comedor;0.267;0.276;0.197;0.219;39;39;39;0;27;27;27;0;159.615;68.549;159.615;0;0;0;0;0;0;0;30;1
2026-04-25 23:08:00;sin_act_cocina_comedor;0;0.3;0.183;0.216;39;39;39;0;27;27;27;0;159.598;157.763;160.027;0;0;0;0;0;0;1;30;1
2026-04-25 23:08:30;sin_act_cocina_comedor;0;0.3;0.197;0.197;39;39;39;0;27;27;27;0;159.924;68.514;165.052;0;0;0;0;0;0;1;30;1
2026-04-25 23:09:00;sin_act_cocina_comedor;0;0.322;0.182;0.217;39;39;39;0;27;27;27;0;158.963;64.364;188.942;1;29;1;0;0;0;1;30;1
2026-04-25 23:09:30;sin_act_cocina_comedor;0.268;0.315;0.205;0.218;39;39;39;0;27;27;27;0;159.478;64.364;159.598;1;29;1;0;0;0;1;25;1
2026-04-25 23:10:00;sin_act_cocina_comedor;0;0.286;0.175;0.224;39;39;39;0;27;27;27;0;159.392;56.235;182.442;0;16;1;0;0;0;0;30;1
2026-04-25 23:10:30;sin_act_cocina_comedor;0.28;0.29;0.225;0.225;39;39;39;0;27;27;27;0;158.535;64.364;159.872;0;0;0;0;0;0;1;30;1
2026-04-25 23:11:00;sin_act_cocina_comedor;0;0.339;0.186;0.225;39;39;39;0;27;27;27;0;158.998;65.324;159.512;0;0;0;0;0;0;1;30;1
2026-04-25 23:11:30;sin_act_cocina_comedor;0.27;0.289;0.233;0.235;39;39;39;0;27;27;27;0;171.997;64.347;171.997;0;0;0;0;0;0;1;30;1
2026-04-25 23:12:00;sin_act_cocina_comedor;0;0.326;0.199;0.237;39;39;39;0;27;27;27;0;159.066;64.776;162.548;0;0;0;0;0;0;1;30;1
2026-04-25 23:12:30;sin_act_cocina_comedor;0.282;0.285;0.202;0.227;39;39;39;0;27;27;27;0;158.415;64.741;159.444;0;0;0;0;0;0;0;30;1
2026-04-25 23:13:00;sin_act_cocina_comedor;0;0.298;0.197;0.242;39;39;39;0;27;27;27;0;89.626;64.947;172.186;0;0;0;0;0;0;1;28;1
2026-04-25 23:13:30;sin_act_cocina_comedor;0;0.289;0.205;0.232;39;39;39;0;27;27;27;0;162.959;68.651;198.546;0;0;0;0;0;0;1;27;1
2026-04-25 23:14:00;sin_act_cocina_comedor;0.269;0.315;0.2;0.211;39;39;39;0;27;27;27;0;159.324;64.45;162.959;0;0;0;0;0;0;1;25;1
2026-04-25 23:14:30;sin_act_cocina_comedor;0.275;0.306;0.198;0.217;39;39;39;0;27;27;27;0;156.528;65.719;160.352;0;0;0;0;0;0;1;30;1
2026-04-25 23:15:00;sin_act_cocina_comedor;0.298;0.298;0.183;0.206;39;39;39;0;27;27;27;0;159.924;64.896;159.924;0;0;0;0;0;0;1;25;1
2026-04-25 23:15:30;sin_act_cocina_comedor;0;0.298;0.182;0.215;39;39;39;0;26.766667;26;27;0.430183;159.392;64.535;171.706;0;0;0;0;0;0;0;23;1
2026-04-25 23:16:00;sin_act_cocina_comedor;0;0.298;0.191;0.207;39;39;39;0;26;26;26;0;159.787;64.896;160.284;0;0;0;0;0;0;1;22;1
2026-04-25 23:16:30;sin_act_cocina_comedor;0;0.3;0;0.22;39;39;39;0;26;26;26;0;159.718;109.743;160.318;0;0;0;0;0;0;1;25;1
2026-04-25 23:17:00;sin_act_cocina_comedor;0;0.327;0;0.237;39;39;39;0;26;26;26;0;159.392;68.617;159.787;0;0;0;0;0;0;1;25;1
2026-04-25 23:17:30;sin_act_cocina_comedor;0;0.275;0.174;0.211;39;39;39;0;26;26;26;0;71.275;71.275;183.385;0;0;0;0;0;0;1;25;1
2026-04-25 23:18:00;sin_act_cocina_comedor;0.269;0.312;0;0.195;39;39;39;0;26;26;26;0;160.404;65.839;160.404;0;0;0;0;0;0;1;24;1
2026-04-25 23:18:30;sin_act_cocina_comedor;0.296;0.33;0.175;0.207;39;39;39;0;26;26;26;0;69.921;69.509;160.404;0;0;0;0;0;0;1;21;1
2026-04-25 23:19:00;sin_act_cocina_comedor;0.263;0.297;0;0.212;39;39;39;0;26;26;26;0;160.232;64.844;160.284;0;0;0;0;0;0;1;30;1
2026-04-25 23:19:30;sin_act_cocina_comedor;0;0.34;0;0.199;39;39;39;0;26;26;26;0;159.718;65.359;174.673;0;0;0;0;0;0;0;30;1
2026-04-25 23:20:00;sin_act_cocina_comedor;0.293;0.293;0;0.199;39;39;39;0;26;26;26;0;183.676;67.451;183.676;0;0;0;0;0;0;1;25;1
2026-04-25 23:20:30;sin_act_cocina_comedor;0.296;0.296;0;0.205;39;39;39;0;26;26;26;0;160.215;65.376;166.578;0;0;0;0;0;0;1;30;1
2026-04-25 23:21:00;sin_act_cocina_comedor;0;0.295;0.2;0.2;39;39;39;0;26;26;26;0;159.546;65.307;160.438;0;0;0;0;0;0;1;26;1
2026-04-25 23:21:30;sin_act_cocina_comedor;0;0.338;0.186;0.204;39;39;39;0;26;26;26;0;159.478;65.427;159.958;0;0;0;0;0;0;1;30;1
2026-04-25 23:22:00;sin_act_cocina_comedor;0;0.291;0.191;0.196;39;39;39;0;26;26;26;0;159.872;64.467;160.284;0;0;0;0;0;0;1;30;1
2026-04-25 23:22:30;sin_act_cocina_comedor;0;0.286;0.175;0.215;39.4;39;40;0.498273;26;26;26;0;64.57;64.57;192.354;0;0;0;0;0;0;1;30;1
2026-04-25 23:23:00;sin_act_cocina_comedor;0;0.274;0;0.214;40;40;40;0;26;26;26;0;160.13;68.394;177.228;0;0;0;0;0;0;0;30;1
2026-04-25 23:23:30;sin_act_cocina_comedor;0.266;0.289;0.193;0.202;40;40;40;0;26;26;26;0;159.701;64.827;160.181;0;0;0;0;0;0;1;30;1
2026-04-25 23:24:00;sin_act_cocina_comedor;0;0.289;0.177;0.198;40;40;40;0;26;26;26;0;159.615;68.6;173.541;0;0;0;0;0;0;1;30;1
2026-04-25 23:24:30;sin_act_cocina_comedor;0;0.287;0.197;0.224;40;40;40;0;26;26;26;0;159.221;68.926;159.924;0;0;0;0;0;0;1;30;1
2026-04-25 23:25:00;sin_act_cocina_comedor;0;0.327;0.183;0.227;40;40;40;0;26;26;26;0;158.637;64.347;159.924;0;0;0;0;0;0;1;24;1
2026-04-25 23:25:30;sin_act_cocina_comedor;0;0.283;0.178;0.234;40;40;40;0;27;27;27;0;160.027;67.657;168.927;0;0;0;0;0;0;0;30;1
2026-04-25 23:26:00;sin_act_cocina_comedor;0.263;0.284;0;0.209;40;40;40;0;27;27;27;0;159.478;68.514;159.872;0;0;0;0;0;0;1;30;1
2026-04-25 23:26:30;sin_act_cocina_comedor;0;0.3;0.175;0.219;40;40;40;0;27;27;27;0;158.998;64.415;160.438;0;0;0;0;0;0;1;25;1
2026-04-25 23:27:00;sin_act_cocina_comedor;0.262;0.302;0.175;0.21;40;40;40;0;27;27;27;0;64.415;64.415;159.941;0;0;0;0;0;0;1;20;1
2026-04-25 23:27:30;sin_act_cocina_comedor;0;0.284;0.193;0.202;40;40;40;0;27;27;27;0;159.203;65.685;169.819;0;0;0;0;0;0;1;25;1
2026-04-25 23:28:00;sin_act_cocina_comedor;0.263;0.308;0.188;0.212;40;40;40;0;27;27;27;0;69.783;64.415;159.512;0;0;0;0;0;0;0;25;1
2026-04-25 23:28:30;sin_act_cocina_comedor;0;0.331;0.19;0.213;40;40;40;0;27;27;27;0;154.264;65.221;159.941;0;0;0;0;0;0;1;25;1
2026-04-25 23:29:00;sin_act_cocina_comedor;0;0.3;0;0.212;40;40;40;0;27;27;27;0;190.845;64.518;190.845;0;0;0;0;0;0;1;25;1
2026-04-25 23:29:30;sin_act_cocina_comedor;0;0.275;0;0.214;40;40;40;0;27;27;27;0;82.08;65.359;188.719;0;0;0;0;0;0;0;20;1
2026-04-25 23:30:00;sin_act_cocina_comedor;0.28;0.296;0.187;0.231;40;40;40;0;27;27;27;0;64.878;64.878;159.787;0;0;0;0;0;0;0;26;1
2026-04-25 23:30:30;sin_act_cocina_comedor;0;0.293;0.174;0.219;40;40;40;0;27;27;27;0;159.118;69.08;159.752;0;0;0;0;0;0;0;24;1
2026-04-25 23:31:00;sin_act_cocina_comedor;0.267;0.294;0;0.229;40;40;40;0;27;27;27;0;159.221;68.617;159.752;0;0;0;0;0;0;0;25;1
2026-04-25 23:31:30;sin_act_cocina_comedor;0.281;0.3;0.192;0.227;40.133333;40;41;0.345746;26.866667;26;27;0.345746;159.238;68.651;160.044;0;0;0;0;0;0;0;30;1
2026-04-25 23:32:00;sin_act_cocina_comedor;0.31;0.359;0;0.214;41;41;41;0;26.133333;26;27;0.345746;158.86;64.93;159.701;0;0;0;0;0;0;1;20;1
2026-04-25 23:32:30;sin_act_cocina_comedor;0;0.309;0.183;0.211;41;41;41;0;27;27;27;0;158.963;64.467;197.053;0;0;0;0;0;0;1;30;1
2026-04-25 23:33:00;sin_act_cocina_comedor;0.276;0.286;0.189;0.2;41;41;41;0;26.233333;26;27;0.430183;110.686;64.398;172.735;1;7;1;0;0;0;1;25;1
2026-04-25 23:33:30;sin_act_cocina_comedor;0;0.284;0.202;0.202;41;41;41;0;26;26;26;0;159.838;69.457;167.881;1;30;1;0;0;0;1;21;1
2026-04-25 23:34:00;sin_act_cocina_comedor;0;0.297;0;0.21;41;41;41;0;26;26;26;0;159.289;68.137;160.301;1;30;1;0;0;0;1;29;1
2026-04-25 23:34:30;sin_act_cocina_comedor;0;0.315;0.175;0.214;41;41;41;0;26;26;26;0;159.718;64.913;160.112;1;30;1;0;0;0;0;20;1
2026-04-25 23:35:00;sin_act_cocina_comedor;0.268;0.304;0;0.204;41;41;41;0;26;26;26;0;159.255;32.757;160.009;0;10;1;0;0;0;1;25;1
2026-04-25 23:35:30;sin_act_cocina_comedor;0;0.297;0;0.211;41;41;41;0;26;26;26;0;159.529;64.827;160.078;1;25;1;0;0;0;0;25;1
2026-04-25 23:36:00;sin_act_cocina_comedor;0.281;0.308;0.186;0.212;41;41;41;0;26;26;26;0;158.689;68.96;159.975;0;26;1;0;0;0;1;21;1
2026-04-25 23:36:30;sin_act_cocina_comedor;0.281;0.319;0.19;0.217;41.033333;41;42;0.182574;26;26;26;0;159.118;67.983;176.113;0;0;0;0;0;0;1;29;1
2026-04-25 23:37:00;sin_act_cocina_comedor;0;0.337;0.175;0.231;42;42;42;0;26;26;26;0;159.924;138.092;159.958;1;9;1;0;0;0;1;20;1
2026-04-25 23:37:30;sin_act_cocina_comedor;0;0.291;0.188;0.216;42;42;42;0;26.633333;26;27;0.490133;159.066;64.433;161.913;1;30;1;0;0;0;1;25;1
2026-04-25 23:38:00;sin_act_cocina_comedor;0.271;0.282;0.196;0.217;42;42;42;0;27;27;27;0;159.341;154.83;159.598;0;11;1;0;0;0;1;25;1
2026-04-25 23:38:30;sin_act_cocina_comedor;0.282;0.317;0.18;0.224;42;42;42;0;26.766667;26;27;0.430183;68.857;64.415;160.027;1;2;1;0;0;0;1;22;1
2026-04-25 23:39:00;sin_act_cocina_comedor;0;0.291;0.176;0.225;42;42;42;0;26;26;26;0;69.783;64.312;171.328;1;30;1;0;0;0;1;23;1
2026-04-25 23:39:30;sin_act_cocina_comedor;0.267;0.296;0;0.197;42;42;42;0;26;26;26;0;159.615;155.791;160.027;1;29;1;0;0;0;1;25;1
2026-04-25 23:40:00;sin_act_cocina_comedor;0;0.3;0;0.211;42;42;42;0;26;26;26;0;159.529;40.937;159.615;0;8;1;0;0;0;1;25;1
2026-04-25 23:40:30;sin_act_cocina_comedor;0.265;0.291;0.218;0.218;42;42;42;0;26;26;26;0;159.529;155.893;159.649;0;0;0;0;0;0;0;25;1
2026-04-25 23:41:00;sin_act_cocina_comedor;0.263;0.283;0.194;0.218;42;42;42;0;26;26;26;0;159.615;65.204;159.667;0;0;0;0;0;0;1;30;1
2026-04-25 23:41:30;sin_act_cocina_comedor;0;0.36;0.197;0.215;42;42;42;0;26;26;26;0;159.015;64.518;160.061;0;0;0;0;0;0;1;25;1
2026-04-25 23:42:00;sin_act_cocina_comedor;0.266;0.283;0;0.217;42;42;42;0;26;26;26;0;159.169;68.514;160.473;0;0;0;0;0;0;1;25;1
2026-04-25 23:42:30;sin_act_cocina_comedor;0;0.31;0.202;0.227;42.8;42;43;0.406838;26;26;26;0;158.86;68.703;159.701;0;0;0;0;0;0;0;25;1
2026-04-25 23:43:00;sin_act_cocina_comedor;0;0.307;0;0.224;43;43;43;0;26;26;26;0;159.632;68.977;160.112;0;0;0;0;0;0;1;21;1
2026-04-25 23:43:30;sin_act_cocina_comedor;0;0.304;0.213;0.241;43;43;43;0;26;26;26;0;109.331;109.331;160.061;0;0;0;0;0;0;1;22;1
2026-04-25 23:44:00;sin_act_cocina_comedor;0.274;0.29;0.202;0.215;43;43;43;0;26;26;26;0;159.701;68.651;160.25;0;0;0;0;0;0;1;22;1
2026-04-25 23:44:30;sin_act_cocina_comedor;0;0.288;0.194;0.218;43;43;43;0;26;26;26;0;159.752;69.921;160.181;0;0;0;0;0;0;1;28;1
2026-04-25 23:45:00;sin_act_cocina_comedor;0;0.292;0.21;0.212;43;43;43;0;26;26;26;0;159.632;64.947;159.752;0;0;0;0;0;0;1;20;1
2026-04-25 23:45:30;sin_act_cocina_comedor;0;0.321;0.185;0.249;43;43;43;0;26;26;26;0;159.735;67.348;179.989;0;0;0;0;0;0;1;25;1
2026-04-25 23:46:00;sin_act_cocina_comedor;0.28;0.352;0.186;0.221;44;44;44;0;26;26;26;0;159.752;64.038;160.164;0;0;0;0;0;0;1;25;1
2026-04-25 23:46:30;sin_act_cocina_comedor;0.263;0.294;0.193;0.236;44;44;44;0;26;26;26;0;159.392;67.76;160.232;0;0;0;0;0;0;0;23;1
2026-04-25 23:47:00;sin_act_cocina_comedor;0.288;0.297;0.175;0.208;44;44;44;0;26;26;26;0;158.123;64.93;170.094;0;0;0;0;0;0;1;27;1
2026-04-25 23:47:30;sin_act_cocina_comedor;0;0.296;0.185;0.223;44;44;44;0;26;26;26;0;159.667;68.257;159.752;0;0;0;0;0;0;1;25;1
2026-04-25 23:48:00;sin_act_cocina_comedor;0.278;0.281;0.192;0.251;44;44;44;0;26;26;26;0;159.649;159.615;160.078;0;0;0;0;0;0;1;25;1
2026-04-25 23:48:30;sin_act_cocina_comedor;0.265;0.302;0.204;0.255;44;44;44;0;26;26;26;0;159.718;68.617;161.09;0;0;0;0;0;0;1;20;1
2026-04-25 23:49:00;sin_act_cocina_comedor;0.281;0.287;0.187;0.215;44.833333;44;45;0.379049;26;26;26;0;189.61;64.947;189.61;0;0;0;0;0;0;0;25;1
2026-04-25 23:49:30;sin_act_cocina_comedor;0;0.282;0.181;0.22;45;45;45;0;26;26;26;0;156.511;64.827;160.284;0;0;0;0;0;0;1;25;1
2026-04-25 23:50:00;sin_act_cocina_comedor;0;0.327;0.207;0.226;45;45;45;0;26;26;26;0;159.324;64.896;199.609;0;0;0;0;0;0;0;20;1
2026-04-25 23:50:30;sin_act_cocina_comedor;0;0.3;0.184;0.216;45;45;45;0;26;26;26;0;156.442;156.442;160.507;0;0;0;0;0;0;1;30;1
2026-04-25 23:51:00;sin_act_cocina_comedor;0;0.286;0.227;0.227;45;45;45;0;26;26;26;0;167.453;65.856;167.453;0;0;0;0;0;0;1;30;1
2026-04-25 23:51:30;sin_act_cocina_comedor;0;0.283;0.188;0.216;45;45;45;0;26;26;26;0;64.141;64.141;167.453;0;0;0;0;0;0;1;30;1
2026-04-25 23:52:00;sin_act_cocina_comedor;0;0.315;0.186;0.223;45;45;45;0;26;26;26;0;159.701;69.046;160.558;0;0;0;0;0;0;1;24;1
2026-04-25 23:52:30;sin_act_cocina_comedor;0.266;0.296;0.191;0.211;45;45;45;0;26;26;26;0;159.718;70.744;160.044;0;0;0;0;0;0;0;25;1
2026-04-25 23:53:00;sin_act_cocina_comedor;0.276;0.34;0.188;0.217;45;45;45;0;26;26;26;0;159.718;69.08;160.147;0;0;0;0;0;0;1;25;1
2026-04-25 23:53:30;sin_act_cocina_comedor;0.266;0.291;0.184;0.218;45;45;45;0;26;26;26;0;159.632;89.557;159.718;0;0;0;0;0;0;0;25;1
2026-04-25 23:54:00;sin_act_cocina_comedor;0;0.291;0.188;0.223;45;45;45;0;26;26;26;0;159.135;68.943;160.044;0;0;0;0;0;0;1;25;1
2026-04-25 23:54:30;sin_act_cocina_comedor;0;0.327;0.192;0.226;45;45;45;0;26;26;26;0;159.581;64.364;159.872;0;0;0;0;0;0;1;25;1
2026-04-25 23:55:00;sin_act_cocina_comedor;0.264;0.282;0.202;0.236;45.233333;45;46;0.430183;26.266667;26;27;0.449776;159.512;64.844;159.975;0;0;0;0;0;0;1;25;1
2026-04-25 23:55:30;sin_act_cocina_comedor;0;0.329;0.181;0.211;45.433333;45;46;0.504007;27;27;27;0;159.341;63.506;178.446;0;0;0;0;0;0;1;25;1
2026-04-25 23:56:00;sin_act_cocina_comedor;0;0.309;0.177;0.216;45;45;45;0;27;27;27;0;159.032;64.793;167.727;0;0;0;0;0;0;0;25;1
2026-04-25 23:56:30;sin_act_cocina_comedor;0.273;0.278;0.179;0.214;45;45;45;0;27;27;27;0;160.37;68.086;160.37;0;0;0;0;0;0;1;24;1
2026-04-25 23:57:00;sin_act_cocina_comedor;0.295;0.32;0.188;0.214;45;45;45;0;27;27;27;0;159.804;64.347;159.907;0;0;0;0;0;0;1;26;1
2026-04-25 23:57:30;sin_act_cocina_comedor;0;0.316;0.211;0.226;45;45;45;0;27;27;27;0;159.958;64.793;159.958;0;0;0;0;0;0;1;20;1
2026-04-25 23:58:00;sin_act_cocina_comedor;0.267;0.334;0.191;0.236;45;45;45;0;27;27;27;0;67.588;67.588;159.958;0;0;0;0;0;0;1;30;1
2026-04-25 23:58:30;sin_act_cocina_comedor;0;0.308;0.228;0.228;45;45;45;0;27;27;27;0;159.118;68.411;159.546;0;0;0;0;0;0;0;30;1
2026-04-25 23:59:00;sin_act_cocina_comedor;0.278;0.312;0.211;0.24;45;45;45;0;27;27;27;0;159.615;70.658;159.615;0;0;0;0;0;0;1;30;1
2026-04-25 23:59:30;sin_act_cocina_comedor;0.271;0.285;0.211;0.235;45;45;45;0;27;27;27;0;159.632;90.483;160.078;0;0;0;0;0;0;1;30;1
2026-04-26 00:00:00;sin_act_cocina_comedor;0.268;0.311;0.191;0.242;45;45;45;0;27;27;27;0;160.009;64.415;160.027;0;0;0;0;0;0;1;30;1
2026-04-26 00:00:30;sin_act_cocina_comedor;0;0.296;0.225;0.251;45;45;45;0;27;27;27;0;156.665;64.312;160.009;0;0;0;0;0;0;1;30;1
2026-04-26 00:01:00;sin_act_cocina_comedor;0;0.323;0.199;0.253;45.033333;45;46;0.182574;27;27;27;0;159.598;65.204;159.632;0;0;0;0;0;0;1;25;1
2026-04-26 00:01:30;sin_act_cocina_comedor;0.282;0.288;0.191;0.243;46;46;46;0;27;27;27;0;159.598;64.364;159.701;0;0;0;0;0;0;1;20;1
2026-04-26 00:02:00;sin_act_cocina_comedor;0.266;0.304;0.2;0.237;46;46;46;0;27;27;27;0;159.615;68.566;159.701;0;0;0;0;0;0;0;25;1
2026-04-26 00:02:30;sin_act_cocina_comedor;0.389;0.389;0.199;0.24;46;46;46;0;27;27;27;0;159.169;69.423;168.79;0;0;0;0;0;0;1;25;1
2026-04-26 00:03:00;sin_act_cocina_comedor;0;0.389;0.186;0.221;46;46;46;0;26.7;26;27;0.466092;159.718;69.835;160.13;0;0;0;0;0;0;1;25;1
2026-04-26 00:03:30;sin_act_cocina_comedor;0;0.308;0.193;0.232;46;46;46;0;26;26;26;0;159.135;64.724;188.376;0;0;0;0;0;0;1;20;1
2026-04-26 00:04:00;sin_act_cocina_comedor;0;0.312;0.207;0.231;46;46;46;0;26.9;26;27;0.305129;159.118;68.514;160.061;0;0;0;0;0;0;1;30;1
2026-04-26 00:04:30;sin_act_cocina_comedor;0;0.292;0.229;0.236;46;46;46;0;27;27;27;0;159.632;65.256;183.351;0;0;0;0;0;0;0;29;1
2026-04-26 00:05:00;sin_act_cocina_comedor;0;0.307;0.181;0.226;46.166667;46;47;0.379049;27;27;27;0;159.598;65.05;185.837;0;0;0;0;0;0;1;24;1
2026-04-26 00:05:30;sin_act_cocina_comedor;0.306;0.336;0.183;0.234;46.5;46;47;0.508548;27;27;27;0;159.512;66.353;159.992;0;0;0;0;0;0;1;25;1
2026-04-26 00:06:00;sin_act_cocina_comedor;0;0.309;0.201;0.234;46.1;46;47;0.305129;27;27;27;0;160.027;65.273;160.232;0;0;0;0;0;0;1;20;1
2026-04-26 00:06:30;sin_act_cocina_comedor;0.312;0.312;0.232;0.24;47;47;47;0;27;27;27;0;159.598;68.6;160.558;0;0;0;0;0;0;1;26;1
2026-04-26 00:07:00;sin_act_cocina_comedor;0;0.312;0.196;0.237;47;47;47;0;27;27;27;0;159.203;68.977;160.13;0;0;0;0;0;0;0;24;1
2026-04-26 00:07:30;sin_act_cocina_comedor;0.262;0.281;0.201;0.224;47;47;47;0;26.241379;26;27;0.435494;159.289;68.549;160.061;0;0;0;0;0;0;1;21;1
2026-04-26 00:08:00;sin_act_cocina_comedor;0.277;0.287;0.196;0.236;47;47;47;0;26;26;26;0;156.871;89.094;160.13;0;0;0;0;0;0;1;29;1
2026-04-26 00:08:30;sin_act_cocina_comedor;0;0.294;0.218;0.243;47;47;47;0;26;26;26;0;160.027;68.823;169.27;0;0;0;0;0;0;1;19;1
2026-04-26 00:09:00;sin_act_cocina_comedor;0;0.282;0.212;0.237;47;47;47;0;26;26;26;0;159.598;152.892;160.027;0;0;0;0;0;0;1;24;1
2026-04-26 00:09:30;sin_act_cocina_comedor;0.263;0.313;0.225;0.232;47;47;47;0;26;26;26;0;159.667;68.514;208.887;0;0;0;0;0;0;0;30;1
2026-04-26 00:10:00;sin_act_cocina_comedor;0;0.281;0.191;0.258;47;47;47;0;26.035714;26;27;0.188982;159.512;69.8;160.061;0;0;0;0;0;0;1;22;1
2026-04-26 00:10:30;sin_act_cocina_comedor;0.264;0.305;0.204;0.228;47;47;47;0;27;27;27;0;64.347;64.347;159.581;0;0;0;0;0;0;1;22;1
2026-04-26 00:11:00;sin_act_cocina_comedor;0;0.303;0.201;0.22;47;47;47;0;27;27;27;0;67.983;64.347;159.958;0;0;0;0;0;0;1;25;1
2026-04-26 00:11:30;sin_act_cocina_comedor;0.267;0.311;0.203;0.244;47;47;47;0;27;27;27;0;63.935;63.935;159.924;0;0;0;0;0;0;1;25;1
2026-04-26 00:12:00;sin_act_cocina_comedor;0;0.277;0.187;0.219;47;47;47;0;27;27;27;0;159.632;156.271;184.431;0;0;0;0;0;0;0;25;1
2026-04-26 00:12:30;sin_act_cocina_comedor;0.277;0.326;0.198;0.227;47;47;47;0;27;27;27;0;159.512;70.744;159.667;0;0;0;0;0;0;1;27;1
2026-04-26 00:13:00;sin_act_cocina_comedor;0;0.299;0.183;0.238;47;47;47;0;27;27;27;0;160.49;64.793;160.49;0;0;0;0;0;0;1;22;1
2026-04-26 00:13:30;sin_act_cocina_comedor;0;0.294;0;0.222;47;47;47;0;27;27;27;0;159.598;64.724;160.49;0;0;0;0;0;0;1;25;1
2026-04-26 00:14:00;sin_act_cocina_comedor;0;0.27;0.174;0.216;47;47;47;0;27;27;27;0;159.495;65.65;176.662;0;0;0;0;0;0;1;30;1
2026-04-26 00:14:30;sin_act_cocina_comedor;0.273;0.28;0;0.21;47;47;47;0;27;27;27;0;159.924;64.312;160.027;0;0;0;0;0;0;1;29;1
2026-04-26 00:15:00;sin_act_cocina_comedor;0.268;0.286;0.223;0.223;47;47;47;0;27;27;27;0;192.183;70.658;192.183;0;0;0;0;0;0;1;28;1
2026-04-26 00:15:30;sin_act_cocina_comedor;0.274;0.299;0.192;0.229;47;47;47;0;27;27;27;0;158.792;64.364;159.718;0;0;0;0;0;0;0;22;1
2026-04-26 00:16:00;sin_act_cocina_comedor;0;0.312;0.202;0.238;47;47;47;0;27;27;27;0;159.032;155.893;159.872;0;0;0;0;0;0;0;25;1
2026-04-26 00:16:30;sin_act_cocina_comedor;0.296;0.296;0.19;0.221;47;47;47;0;27;27;27;0;159.907;159.032;159.907;0;0;0;0;0;0;0;30;1
2026-04-26 00:17:00;sin_act_cocina_comedor;0;0.29;0.217;0.23;47;47;47;0;27;27;27;0;68.96;64.844;159.907;0;0;0;0;0;0;0;28;1
2026-04-26 00:17:30;sin_act_cocina_comedor;0.283;0.289;0.224;0.258;47;47;47;0;27;27;27;0;159.049;64.364;159.975;0;0;0;0;0;0;0;22;1
2026-04-26 00:18:00;sin_act_cocina_comedor;0.263;0.301;0.191;0.236;47;47;47;0;27;27;27;0;64.844;64.844;159.941;0;0;0;0;0;0;0;25;1
2026-04-26 00:18:30;sin_act_cocina_comedor;0.264;0.339;0.193;0.238;47;47;47;0;27;27;27;0;68.909;64.741;160.49;0;0;0;0;0;0;0;28;1
2026-04-26 00:19:00;sin_act_cocina_comedor;0;0.359;0.193;0.227;47;47;47;0;27;27;27;0;159.392;64.347;160.936;0;0;0;0;0;0;0;1;1
2026-04-26 00:19:30;sin_act_cocina_comedor;0.271;0.291;0.205;0.245;47;47;47;0;27;27;27;0;64.844;64.844;159.495;0;0;0;0;0;0;0;30;1
2026-04-26 00:20:00;sin_act_cocina_comedor;0;0.336;0.2;0.236;47;47;47;0;27;27;27;0;64.741;64.741;174.536;0;0;0;0;0;0;0;28;1
2026-04-26 00:20:30;sin_act_cocina_comedor;0;0.321;0.217;0.22;47;47;47;0;27;27;27;0;158.963;64.364;159.889;0;0;0;0;0;0;0;26;1
2026-04-26 00:21:00;sin_act_cocina_comedor;0.274;0.315;0.193;0.224;47;47;47;0;27;27;27;0;68.789;68.086;185.546;0;0;0;0;0;0;0;30;1
2026-04-26 00:21:30;sin_act_cocina_comedor;0.345;0.345;0.207;0.234;47;47;47;0;27;27;27;0;69.663;64.793;159.735;0;0;0;0;0;0;0;30;1
2026-04-26 00:22:00;sin_act_cocina_comedor;0.28;0.29;0.197;0.24;47;47;47;0;27;27;27;0;159.324;64.312;191.325;0;0;0;0;0;0;0;30;1
2026-04-26 00:22:30;sin_act_cocina_comedor;0;0.307;0.182;0.234;47;47;47;0;27;27;27;0;158.946;63.884;178.737;0;0;0;0;0;0;0;30;1
2026-04-26 00:23:00;sin_act_cocina_comedor;0;0.306;0.21;0.22;47;47;47;0;27;27;27;0;70.212;64.364;159.444;0;0;0;0;0;0;0;30;1
2026-04-26 00:23:30;sin_act_cocina_comedor;0;0.284;0.198;0.246;47;47;47;0;27;27;27;0;69.818;64.724;159.821;0;0;0;0;0;0;0;25;1
2026-04-26 00:24:00;sin_act_cocina_comedor;0;0.301;0.19;0.235;47;47;47;0;27;27;27;0;68.874;64.364;183.985;0;0;0;0;0;0;0;30;1
2026-04-26 00:24:30;sin_act_cocina_comedor;0;0.321;0.207;0.235;47;47;47;0;27;27;27;0;158.998;51.073;159.529;0;0;0;0;0;0;0;30;1
2026-04-26 00:25:00;sin_act_cocina_comedor;0;0.285;0.192;0.208;46.7;46;47;0.466092;27;27;27;0;68.086;64.656;159.804;0;0;0;0;0;0;0;30;1
2026-04-26 00:25:30;sin_act_cocina_comedor;0.305;0.305;0.187;0.221;46;46;46;0;27;27;27;0;159.426;64.364;160.301;0;0;0;0;0;0;0;30;1
2026-04-26 00:26:00;sin_act_cocina_comedor;0.289;0.305;0.2;0.224;46;46;46;0;27;27;27;0;64.364;64.364;159.804;0;0;0;0;0;0;0;30;1
2026-04-26 00:26:30;sin_act_cocina_comedor;0.268;0.298;0.198;0.231;46;46;46;0;27;27;27;0;159.101;64.415;159.889;0;0;0;0;0;0;0;29;1
2026-04-26 00:27:00;sin_act_cocina_comedor;0.288;0.3;0.174;0.239;46;46;46;0;27;27;27;0;158.946;64.827;159.821;0;0;0;0;0;0;0;30;1
2026-04-26 00:27:30;sin_act_cocina_comedor;0.288;0.309;0.205;0.22;46;46;46;0;27;27;27;0;155.31;64.741;159.461;0;0;0;0;0;0;0;30;1
2026-04-26 00:28:00;sin_act_cocina_comedor;0.282;0.304;0.195;0.253;46;46;46;0;27;27;27;0;158.98;64.707;170.934;0;0;0;0;0;0;0;30;1
2026-04-26 00:28:30;sin_act_cocina_comedor;0.269;0.282;0.205;0.243;46;46;46;0;27;27;27;0;159.324;64.33;159.872;0;0;0;0;0;0;0;30;1
2026-04-26 00:29:00;sin_act_cocina_comedor;0.271;0.335;0.185;0.226;46;46;46;0;27;27;27;0;159.066;70.126;169.682;0;0;0;0;0;0;0;30;1
2026-04-26 00:29:30;sin_act_cocina_comedor;0.268;0.293;0.207;0.221;46;46;46;0;27;27;27;0;159.049;51.793;167.298;0;0;0;0;0;0;0;29;1
2026-04-26 00:30:00;sin_act_cocina_comedor;0.274;0.319;0.178;0.211;46;46;46;0;27;27;27;0;154.847;68.977;194.687;0;0;0;0;0;0;0;20;1
2026-04-26 00:30:30;sin_act_cocina_comedor;0.262;0.35;0.202;0.23;46;46;46;0;27;27;27;0;31.539;31.539;159.512;0;0;0;0;0;0;0;30;1
2026-04-26 00:31:00;sin_act_cocina_comedor;0.294;0.31;0.198;0.232;46;46;46;0;27;27;27;0;159.015;64.312;178.72;0;0;0;0;0;0;0;30;1
2026-04-26 00:31:30;sin_act_cocina_comedor;0.294;0.313;0.229;0.238;46;46;46;0;27;27;27;0;154.847;64.261;163.662;0;0;0;0;0;0;0;30;1
2026-04-26 00:32:00;sin_act_cocina_comedor;0;0.294;0.199;0.229;46;46;46;0;27;27;27;0;159.478;63.884;159.529;0;0;0;0;0;0;0;26;1
2026-04-26 00:32:30;sin_act_cocina_comedor;0.262;0.28;0.19;0.236;46;46;46;0;27;27;27;0;159.546;68.514;159.546;0;0;0;0;0;0;0;20;1
2026-04-26 00:33:00;sin_act_cocina_comedor;0.264;0.282;0.207;0.225;46;46;46;0;27;27;27;0;159.032;63.506;168.91;0;0;0;0;0;0;1;30;1
2026-04-26 00:33:30;sin_act_cocina_comedor;0.279;0.301;0.194;0.221;46;46;46;0;27;27;27;0;159.941;64.844;170.162;0;0;0;0;0;0;1;30;1
2026-04-26 00:34:00;sin_act_cocina_comedor;0;0.292;0;0.214;46;46;46;0;27;27;27;0;159.598;64.261;159.615;0;0;0;0;0;0;1;26;1
2026-04-26 00:34:30;sin_act_cocina_comedor;0.27;0.273;0;0.181;46;46;46;0;27;27;27;0;69.715;64.741;159.769;0;0;0;0;0;0;1;29;1
2026-04-26 00:35:00;sin_act_cocina_comedor;0.266;0.278;0;0.209;46;46;46;0;27;27;27;0;156.219;69.355;159.855;0;0;0;0;0;0;1;30;1
2026-04-26 00:35:30;sin_act_cocina_comedor;0.276;0.326;0.185;0.221;46;46;46;0;27;27;27;0;158.998;68.874;159.924;0;0;0;0;0;0;1;30;1
2026-04-26 00:36:00;sin_act_cocina_comedor;0.297;0.297;0.18;0.231;46;46;46;0;27;27;27;0;159.066;63.849;160.009;0;0;0;0;0;0;0;30;1
2026-04-26 00:36:30;sin_act_cocina_comedor;0;0.282;0.181;0.214;46;46;46;0;27;27;27;0;158.277;65.256;159.975;0;0;0;0;0;0;1;30;1
2026-04-26 00:37:00;sin_act_cocina_comedor;0;0.279;0;0.219;46;46;46;0;27;27;27;0;159.444;69.337;159.975;0;0;0;0;0;0;1;30;1
2026-04-26 00:37:30;sin_act_cocina_comedor;0.267;0.286;0.175;0.206;46;46;46;0;27;27;27;0;159.066;67.777;162.359;0;0;0;0;0;0;1;25;1
2026-04-26 00:38:00;sin_act_cocina_comedor;0;0.302;0;0.205;46;46;46;0;27;27;27;0;159.581;64.415;159.615;0;0;0;0;0;0;1;30;1
2026-04-26 00:38:30;sin_act_cocina_comedor;0;0.301;0;0.217;46;46;46;0;27;27;27;0;158.689;155.859;168.499;0;0;0;0;0;0;1;25;1
2026-04-26 00:39:00;sin_act_cocina_comedor;0;0.288;0.189;0.229;46;46;46;0;27;27;27;0;159.118;68.514;159.529;0;0;0;0;0;0;1;25;1
2026-04-26 00:39:30;sin_act_cocina_comedor;0;0.325;0.217;0.217;46;46;46;0;27;27;27;0;159.169;63.987;159.701;0;0;0;0;0;0;1;30;1
2026-04-26 00:40:00;sin_act_cocina_comedor;0;0.298;0.192;0.218;46;46;46;0;27;27;27;0;157.9;69.08;160.027;0;0;0;0;0;0;1;30;1
2026-04-26 00:40:30;sin_act_cocina_comedor;0;0.279;0;0.212;46;46;46;0;27;27;27;0;68.651;64.896;174.175;0;0;0;0;0;0;1;30;1
2026-04-26 00:41:00;sin_act_cocina_comedor;0;0.273;0.19;0.206;46;46;46;0;26.266667;26;27;0.449776;159.632;68.651;159.735;0;0;0;0;0;0;1;30;1
2026-04-26 00:41:30;sin_act_cocina_comedor;0;0.283;0.189;0.217;46;46;46;0;26;26;26;0;160.147;69.389;160.147;0;0;0;0;0;0;1;30;1
2026-04-26 00:42:00;sin_act_cocina_comedor;0;0.277;0.182;0.222;46.366667;46;47;0.490133;26;26;26;0;159.564;69.355;160.147;0;0;0;0;0;0;0;30;1
2026-04-26 00:42:30;sin_act_cocina_comedor;0;0.287;0.192;0.206;47;47;47;0;26;26;26;0;161.45;156.219;161.45;0;0;0;0;0;0;1;27;1
2026-04-26 00:43:00;sin_act_cocina_comedor;0;0.284;0;0.204;47;47;47;0;26;26;26;0;159.066;65.153;159.872;0;0;0;0;0;0;1;29;1
2026-04-26 00:43:30;sin_act_cocina_comedor;0;0.273;0.203;0.204;47;47;47;0;26.966667;26;27;0.182574;159.546;64.364;159.564;0;0;0;0;0;0;1;29;1
2026-04-26 00:44:00;sin_act_cocina_comedor;0;0.282;0.189;0.212;47;47;47;0;27;27;27;0;159.186;155.396;159.546;0;0;0;0;0;0;1;23;1
2026-04-26 00:44:30;sin_act_cocina_comedor;0;0.292;0.178;0.224;47;47;47;0;27;27;27;0;152.412;69.063;159.649;0;0;0;0;0;0;1;23;1
2026-04-26 00:45:00;sin_act_cocina_comedor;0;0.303;0.206;0.208;46.1;46;47;0.305129;27;27;27;0;159.615;154.521;194.258;0;0;0;0;0;0;1;29;1
2026-04-26 00:45:30;sin_act_cocina_comedor;0.281;0.281;0;0.213;46.333333;46;47;0.479463;27;27;27;0;160.009;68.977;160.009;0;0;0;0;0;0;0;29;1
2026-04-26 00:46:00;sin_act_cocina_comedor;0;0.293;0;0.217;46;46;46;0;27;27;27;0;158.432;51.673;160.009;0;0;0;0;0;0;1;30;1
2026-04-26 00:46:30;sin_act_cocina_comedor;0;0.317;0;0.215;46.5;46;47;0.508548;27;27;27;0;159.221;89.197;159.975;0;0;0;0;0;0;1;30;1
2026-04-26 00:47:00;sin_act_cocina_comedor;0.264;0.27;0.203;0.229;46.166667;46;47;0.379049;27;27;27;0;159.632;106.673;174.467;0;0;0;0;0;0;1;25;1
2026-04-26 00:47:30;sin_act_cocina_comedor;0;0.274;0.197;0.223;46;46;46;0;27;27;27;0;162.479;156.374;162.479;0;0;0;0;0;0;1;29;1
2026-04-26 00:48:00;sin_act_cocina_comedor;0;0.317;0.185;0.222;46;46;46;0;27;27;27;0;159.598;110.172;164.194;0;0;0;0;0;0;0;29;1
2026-04-26 00:48:30;sin_act_cocina_comedor;0;0.368;0.202;0.228;46;46;46;0;27;27;27;0;109.228;109.228;159.975;0;0;0;0;0;0;1;25;1
2026-04-26 00:49:00;sin_act_cocina_comedor;0;0.324;0.184;0.222;46;46;46;0;27;27;27;0;159.546;69.818;175.256;0;0;0;0;0;0;0;20;1
2026-04-26 00:49:30;sin_act_cocina_comedor;0.288;0.288;0.214;0.219;46;46;46;0;27;27;27;0;159.135;159.066;159.632;0;0;0;0;0;0;1;26;1
2026-04-26 00:50:00;sin_act_cocina_comedor;0;0.297;0.203;0.229;46;46;46;0;27;27;27;0;159.615;149.325;159.649;0;0;0;0;0;0;1;29;1
2026-04-26 00:50:30;sin_act_cocina_comedor;0;0.281;0.193;0.226;46;46;46;0;27;27;27;0;160.027;158.758;164.126;0;0;0;0;0;0;1;26;1
2026-04-26 00:51:00;sin_act_cocina_comedor;0;0.3;0.184;0.216;46;46;46;0;27;27;27;0;159.924;68.651;160.027;0;0;0;0;0;0;1;23;1
2026-04-26 00:51:30;sin_act_cocina_comedor;0;0.278;0.196;0.23;46;46;46;0;27;27;27;0;159.135;64.107;168.464;0;0;0;0;0;0;1;30;1
2026-04-26 00:52:00;sin_act_cocina_comedor;0;0.304;0.184;0.213;46;46;46;0;27;27;27;0;155.876;64.364;179.44;0;0;0;0;0;0;1;25;1
2026-04-26 00:52:30;sin_act_cocina_comedor;0;0.309;0;0.215;46;46;46;0;27;27;27;0;158.655;155.002;159.667;0;0;0;0;0;0;0;29;1
2026-04-26 00:53:00;sin_act_cocina_comedor;0.296;0.296;0.2;0.216;46;46;46;0;27;27;27;0;155.448;90.895;159.701;0;0;0;0;0;0;1;30;1
2026-04-26 00:53:30;sin_act_cocina_comedor;0;0.296;0.191;0.208;46;46;46;0;27;27;27;0;159.169;69.046;160.027;0;0;0;0;0;0;1;24;1
2026-04-26 00:54:00;sin_act_cocina_comedor;0;0;0.19;0.197;46;46;46;0;27;27;27;0;159.598;69.818;160.455;0;0;0;0;0;0;0;30;1
2026-04-26 00:54:30;sin_act_cocina_comedor;0;0.323;0;0.215;46;46;46;0;27;27;27;0;157.54;64.467;160.078;0;0;0;0;0;0;1;29;1
2026-04-26 00:55:00;sin_act_cocina_comedor;0;0.282;0.184;0.218;46;46;46;0;27;27;27;0;159.701;69.08;160.078;0;0;0;0;0;0;1;22;1
2026-04-26 00:55:30;sin_act_cocina_comedor;0;0.28;0;0.213;46;46;46;0;27;27;27;0;159.649;64.57;174.038;0;0;0;0;0;0;1;26;1
2026-04-26 00:56:00;sin_act_cocina_comedor;0;0.327;0.184;0.215;46;46;46;0;27;27;27;0;160.198;158.449;160.198;0;0;0;0;0;0;1;25;1
2026-04-26 00:56:30;sin_act_cocina_comedor;0;0.287;0.18;0.232;46;46;46;0;27;27;27;0;159.649;69.08;160.198;0;0;0;0;0;0;1;25;1
2026-04-26 00:57:00;sin_act_cocina_comedor;0.269;0.303;0.195;0.213;46;46;46;0;27;27;27;0;160.061;64.896;160.061;0;0;0;0;0;0;1;30;1
2026-04-26 00:57:30;sin_act_cocina_comedor;0.288;0.288;0.191;0.228;46;46;46;0;26.4;26;27;0.498273;69.766;48.723;160.095;0;0;0;0;0;0;1;18;1
2026-04-26 00:58:00;sin_act_cocina_comedor;0.263;0.324;0.193;0.235;46;46;46;0;26;26;26;0;110.189;64.844;172.323;0;0;0;0;0;0;0;28;1
2026-04-26 00:58:30;sin_act_cocina_comedor;0.285;0.285;0.216;0.218;46;46;46;0;26;26;26;0;159.529;64.844;160.044;0;0;0;0;0;0;1;27;1
2026-04-26 00:59:00;sin_act_cocina_comedor;0;0.297;0.195;0.239;46;46;46;0;26;26;26;0;159.632;64.947;160.044;0;0;0;0;0;0;1;30;1
2026-04-26 00:59:30;sin_act_cocina_comedor;0.281;0.281;0.224;0.225;46;46;46;0;26;26;26;0;148.382;68.223;162.033;0;0;0;0;0;0;1;23;1
2026-04-26 01:00:00;sin_act_cocina_comedor;0;0.301;0.179;0.229;46;46;46;0;26;26;26;0;159.632;158.74;160.112;0;0;0;0;0;0;1;22;1
2026-04-26 01:00:30;sin_act_cocina_comedor;0;0;0.237;0.237;46;46;46;0;26;26;26;0;159.169;125.881;184.877;0;0;0;0;0;0;0;25;1
2026-04-26 01:01:00;sin_act_cocina_comedor;0.267;0.273;0.174;0.201;46;46;46;0;26;26;26;0;159.735;68.6;159.735;0;0;0;0;0;0;1;25;1
2026-04-26 01:01:30;sin_act_cocina_comedor;0;0.289;0.212;0.219;46;46;46;0;26;26;26;0;155.087;155.087;159.735;0;0;0;0;0;0;0;20;1
2026-04-26 01:02:00;sin_act_cocina_comedor;0.28;0.293;0.187;0.219;46;46;46;0;26;26;26;0;171.86;111.012;171.86;0;0;0;0;0;0;1;28;1
2026-04-26 01:02:30;sin_act_cocina_comedor;0;0.336;0.219;0.224;46;46;46;0;26;26;26;0;68.617;68.617;171.86;0;0;0;0;0;0;1;22;1
2026-04-26 01:03:00;sin_act_cocina_comedor;0.285;0.337;0.201;0.219;46;46;46;0;26;26;26;0;159.718;62.666;160.164;0;0;0;0;0;0;1;23;1
2026-04-26 01:03:30;sin_act_cocina_comedor;0;0.286;0.184;0.23;46;46;46;0;26;26;26;0;159.718;158.809;159.804;0;0;0;0;0;0;1;26;1
2026-04-26 01:04:00;sin_act_cocina_comedor;0.311;0.311;0.175;0.232;46;46;46;0;26;26;26;0;160.027;68.617;160.301;0;0;0;0;0;0;0;20;1
2026-04-26 01:04:30;sin_act_cocina_comedor;0;0.28;0.179;0.216;46;46;46;0;26;26;26;0;159.049;69.475;159.701;0;0;0;0;0;0;1;30;1
2026-04-26 01:05:00;sin_act_cocina_comedor;0;0.27;0.199;0.216;46;46;46;0;26;26;26;0;159.632;65.307;160.13;0;0;0;0;0;0;1;25;1
2026-04-26 01:05:30;sin_act_cocina_comedor;0;0.272;0.187;0.2;46;46;46;0;26;26;26;0;159.598;68.188;160.181;0;0;0;0;0;0;1;30;1
2026-04-26 01:06:00;sin_act_cocina_comedor;0;0.281;0;0.216;46;46;46;0;26;26;26;0;160.13;65.376;162.891;0;0;0;0;0;0;0;25;1
2026-04-26 01:06:30;sin_act_cocina_comedor;0;0.279;0.178;0.225;46;46;46;0;26;26;26;0;159.735;70.298;177.434;0;0;0;0;0;0;1;24;1
2026-04-26 01:07:00;sin_act_cocina_comedor;0;0.281;0;0.221;46;46;46;0;26;26;26;0;159.787;64.535;159.838;0;0;0;0;0;0;1;21;1
2026-04-26 01:07:30;sin_act_cocina_comedor;0;0.284;0.193;0.212;46;46;46;0;26;26;26;0;160.164;68.188;162.205;0;0;0;0;0;0;1;30;1
2026-04-26 01:08:00;sin_act_cocina_comedor;0;0.282;0;0.201;46;46;46;0;26;26;26;0;160.164;19.054;185.563;0;0;0;0;0;0;1;24;1
2026-04-26 01:08:30;sin_act_cocina_comedor;0;0.266;0.207;0.215;46;46;46;0;26;26;26;0;160.078;68.6;160.181;0;0;0;0;0;0;0;26;1
2026-04-26 01:09:00;sin_act_cocina_comedor;0;0.278;0.184;0.214;46;46;46;0;26;26;26;0;159.821;64.038;169.528;0;0;0;0;0;0;1;29;1
2026-04-26 01:09:30;sin_act_cocina_comedor;0;0.341;0.182;0.215;46.466667;46;47;0.507416;26;26;26;0;159.735;64.844;206.074;0;0;0;0;0;0;1;25;1
2026-04-26 01:10:00;sin_act_cocina_comedor;0;0.277;0.18;0.225;47;47;47;0;26;26;26;0;159.701;64.947;172.735;0;0;0;0;0;0;0;25;1
2026-04-26 01:10:30;sin_act_cocina_comedor;0;0.287;0.194;0.218;47;47;47;0;26;26;26;0;159.872;65.376;193.383;0;0;0;0;0;0;0;24;1
2026-04-26 01:11:00;sin_act_cocina_comedor;0;0.288;0.197;0.237;47;47;47;0;26;26;26;0;159.392;68.188;160.181;0;0;0;0;0;0;0;25;1
2026-04-26 01:11:30;sin_act_cocina_comedor;0;0.274;0.189;0.224;47;47;47;0;26;26;26;0;160.181;64.896;170.059;0;0;0;0;0;0;0;30;1
2026-04-26 01:12:00;sin_act_cocina_comedor;0;0.284;0.201;0.218;47;47;47;0;26;26;26;0;160.284;69.08;163.971;0;0;0;0;0;0;0;20;1
2026-04-26 01:12:30;sin_act_cocina_comedor;0;0.296;0.206;0.225;47;47;47;0;26;26;26;0;159.752;64.827;178.772;0;0;0;0;0;0;0;25;1
2026-04-26 01:13:00;sin_act_cocina_comedor;0;0.28;0.184;0.213;47;47;47;0;26;26;26;0;160.284;64.415;160.284;0;0;0;0;0;0;0;25;1
2026-04-26 01:13:30;sin_act_cocina_comedor;0;0.303;0.185;0.215;47;47;47;0;26;26;26;0;159.083;68.12;160.25;0;0;0;0;0;0;0;25;1
2026-04-26 01:14:00;sin_act_cocina_comedor;0;0.328;0.185;0.216;47;47;47;0;26;26;26;0;159.752;67.863;160.267;0;0;0;0;0;0;0;30;1
2026-04-26 01:14:30;sin_act_cocina_comedor;0;0.362;0.188;0.221;47;47;47;0;26;26;26;0;159.838;14.183;160.13;0;0;0;0;0;0;0;30;1
2026-04-26 01:15:00;sin_act_cocina_comedor;0.271;0.3;0.186;0.242;47.966667;47;48;0.182574;26;26;26;0;156.442;64.896;160.575;0;0;0;0;0;0;0;30;1
2026-04-26 01:15:30;sin_act_cocina_comedor;0.267;0.314;0.211;0.226;48;48;48;0;26;26;26;0;159.667;64.09;160.232;0;0;0;0;0;0;0;30;1
2026-04-26 01:16:00;sin_act_cocina_comedor;0;0.292;0.239;0.239;48;48;48;0;26;26;26;0;159.804;64.981;194.155;0;0;0;0;0;0;1;25;1
2026-04-26 01:16:30;sin_act_cocina_comedor;0;0.278;0.225;0.225;48;48;48;0;26;26;26;0;159.838;65.273;162.068;0;0;0;0;0;0;1;30;1
2026-04-26 01:17:00;sin_act_cocina_comedor;0;0.279;0.176;0.226;48;48;48;0;26;26;26;0;156.031;68.223;160.232;0;0;0;0;0;0;1;30;1
2026-04-26 01:17:30;sin_act_cocina_comedor;0.286;0.286;0.2;0.223;48;48;48;0;26;26;26;0;159.272;67.691;178;0;0;0;0;0;0;1;30;1
2026-04-26 01:18:00;sin_act_cocina_comedor;0;0.275;0.2;0.224;48;48;48;0;26;26;26;0;159.701;69.029;160.181;0;0;0;0;0;0;1;25;1
2026-04-26 01:18:30;sin_act_cocina_comedor;0;0.343;0.207;0.226;48;48;48;0;26;26;26;0;159.306;69.457;160.181;0;0;0;0;0;0;1;30;1
2026-04-26 01:19:00;sin_act_cocina_comedor;0;0.281;0.185;0.225;48;48;48;0;26;26;26;0;159.701;64.827;160.095;0;0;0;0;0;0;1;30;1
2026-04-26 01:19:30;sin_act_cocina_comedor;0;0.292;0.193;0.223;48;48;48;0;26;26;26;0;69.886;65.324;161.261;0;0;0;0;0;0;1;24;1
2026-04-26 01:20:00;sin_act_cocina_comedor;0.264;0.277;0.196;0.228;48;48;48;0;26;26;26;0;67.417;67.417;160.13;0;0;0;0;0;0;0;25;1
2026-04-26 01:20:30;sin_act_cocina_comedor;0;0.315;0.206;0.241;48;48;48;0;26;26;26;0;160.13;61.38;169.065;0;0;0;0;0;0;1;30;1
2026-04-26 01:21:00;sin_act_cocina_comedor;0.269;0.29;0.206;0.242;48;48;48;0;26;26;26;0;159.701;65.359;160.232;0;0;0;0;0;0;1;25;1
2026-04-26 01:21:30;sin_act_cocina_comedor;0;0.285;0.175;0.238;48;48;48;0;26;26;26;0;155.499;68.634;186.283;0;0;0;0;0;0;1;30;1
2026-04-26 01:22:00;sin_act_cocina_comedor;0;0.29;0.185;0.2;48;48;48;0;26;26;26;0;159.289;64.878;181.979;0;0;0;0;0;0;1;30;1
2026-04-26 01:22:30;sin_act_cocina_comedor;0.29;0.29;0.187;0.229;48;48;48;0;26;26;26;0;159.752;64.107;160.181;0;0;0;0;0;0;0;30;1
2026-04-26 01:23:00;sin_act_cocina_comedor;0;0.285;0.227;0.232;48;48;48;0;26;26;26;0;199.54;67.708;199.54;0;0;0;0;0;0;1;30;1
2026-04-26 01:23:30;sin_act_cocina_comedor;0;0.286;0.238;0.238;48;48;48;0;26;26;26;0;159.804;64.638;160.181;0;0;0;0;0;0;1;30;1
2026-04-26 01:24:00;sin_act_cocina_comedor;0;0.309;0.189;0.232;48;48;48;0;26;26;26;0;159.392;64.947;163.337;0;0;0;0;0;0;1;30;1
2026-04-26 01:24:30;sin_act_cocina_comedor;0;0.295;0.198;0.216;48;48;48;0;26;26;26;0;159.632;69.029;160.147;0;0;0;0;0;0;1;25;1
2026-04-26 01:25:00;sin_act_cocina_comedor;0.271;0.307;0.194;0.229;48;48;48;0;26;26;26;0;159.169;68.12;160.078;0;0;0;0;0;0;0;28;1
2026-04-26 01:25:30;sin_act_cocina_comedor;0;0.289;0.177;0.236;48;48;48;0;26;26;26;0;159.667;64.484;197.019;0;0;0;0;0;0;1;22;1
2026-04-26 01:26:00;sin_act_cocina_comedor;0.263;0.292;0.215;0.22;48;48;48;0;26;26;26;0;109.743;109.743;169.768;0;0;0;0;0;0;1;25;1
2026-04-26 01:26:30;sin_act_cocina_comedor;0;0.297;0.201;0.233;48;48;48;0;26;26;26;0;108.902;69.938;160.198;0;0;0;0;0;0;0;25;1
2026-04-26 01:27:00;sin_act_cocina_comedor;0.279;0.288;0.199;0.258;48;48;48;0;26;26;26;0;159.289;69.097;159.804;0;0;0;0;0;0;1;30;1
2026-04-26 01:27:30;sin_act_cocina_comedor;0.269;0.294;0.203;0.206;48;48;48;0;26;26;26;0;159.752;68.549;160.13;0;0;0;0;0;0;1;19;1
2026-04-26 01:28:00;sin_act_cocina_comedor;0;0.302;0.223;0.223;48;48;48;0;26;26;26;0;159.375;64.93;159.855;0;0;0;0;0;0;1;30;1
2026-04-26 01:28:30;sin_act_cocina_comedor;0.273;0.297;0.198;0.224;48;48;48;0;26;26;26;0;159.804;68.651;183.076;0;0;0;0;0;0;1;30;1
2026-04-26 01:29:00;sin_act_cocina_comedor;0;0.356;0.198;0.237;48;48;48;0;26;26;26;0;159.701;68.549;159.804;1;23;1;0;0;0;0;30;1
2026-04-26 01:29:30;sin_act_cocina_comedor;0;0.283;0.214;0.234;48;48;48;0;26;26;26;0;155.156;67.863;160.198;0;26;1;0;0;0;1;30;1
2026-04-26 01:30:00;sin_act_cocina_comedor;0;0.272;0.193;0.236;48;48;48;0;26;26;26;0;158.912;68.617;160.25;0;0;0;0;0;0;1;30;1
2026-04-26 01:30:30;sin_act_cocina_comedor;0;0.288;0.184;0.225;48;48;48;0;26;26;26;0;159.392;68.188;160.232;0;0;0;0;0;0;1;30;1
2026-04-26 01:31:00;sin_act_cocina_comedor;0;0.316;0;0.22;48;48;48;0;26;26;26;0;159.787;58.824;182.905;0;0;0;0;0;0;1;30;1
2026-04-26 01:31:30;sin_act_cocina_comedor;0.291;0.327;0.2;0.218;48;48;48;0;26;26;26;0;68.188;68.188;160.25;0;0;0;0;0;0;0;21;1
2026-04-26 01:32:00;sin_act_cocina_comedor;0;0.291;0.174;0.236;48;48;48;0;26;26;26;0;160.147;65.359;203.485;0;0;0;0;0;0;1;29;1
2026-04-26 01:32:30;sin_act_cocina_comedor;0;0.285;0.174;0.212;48;48;48;0;26;26;26;0;156.442;61.5;164.143;0;0;0;0;0;0;1;26;1
2026-04-26 01:33:00;sin_act_cocina_comedor;0;0.272;0;0.205;48;48;48;0;26;26;26;0;110.703;68.171;173.507;0;0;0;0;0;0;1;29;1
2026-04-26 01:33:30;sin_act_cocina_comedor;0;0.283;0.192;0.216;48;48;48;0;26;26;26;0;159.632;65.359;193.298;0;0;0;0;0;0;1;24;1
2026-04-26 01:34:00;sin_act_cocina_comedor;0;0.273;0.2;0.23;48;48;48;0;26;26;26;0;158.963;36.821;193.178;0;0;0;0;0;0;0;30;1
2026-04-26 01:34:30;sin_act_cocina_comedor;0;0.278;0.179;0.218;48;48;48;0;26;26;26;0;68.651;67.811;166.99;0;0;0;0;0;0;0;30;1
2026-04-26 01:35:00;sin_act_cocina_comedor;0;0;0;0.204;48;48;48;0;26;26;26;0;156.785;65.856;159.838;0;0;0;0;0;0;1;30;1
2026-04-26 01:35:30;sin_act_cocina_comedor;0;0.265;0.19;0.229;48;48;48;0;26;26;26;0;159.804;68.651;160.575;0;0;0;0;0;0;1;25;1
2026-04-26 01:36:00;sin_act_cocina_comedor;0;0.311;0.183;0.219;48;48;48;0;26;26;26;0;156.905;68.617;187.055;0;0;0;0;0;0;1;24;1
2026-04-26 01:36:30;sin_act_cocina_comedor;0;0.265;0;0.228;48;48;48;0;26;26;26;0;156.442;64.415;163.817;0;0;0;0;0;0;1;25;1
2026-04-26 01:37:00;sin_act_cocina_comedor;0;0.332;0.176;0.205;48;48;48;0;26;26;26;0;160.164;65.376;160.164;0;0;0;0;0;0;1;30;1
2026-04-26 01:37:30;sin_act_cocina_comedor;0;0.286;0.176;0.214;48;48;48;0;26;26;26;0;70.298;65.307;185.134;0;0;0;0;0;0;1;27;1
2026-04-26 01:38:00;sin_act_cocina_comedor;0;0.264;0.195;0.22;48;48;48;0;26;26;26;0;156.099;40.697;159.804;0;0;0;0;0;0;1;24;1
2026-04-26 01:38:30;sin_act_cocina_comedor;0;0.277;0.191;0.222;48;48;48;0;26;26;26;0;159.735;68.291;160.695;0;0;0;0;0;0;0;22;1
2026-04-26 01:39:00;sin_act_cocina_comedor;0;0.304;0.176;0.211;48;48;48;0;26;26;26;0;159.392;66.25;160.181;0;0;0;0;0;0;1;30;1
2026-04-26 01:39:30;sin_act_cocina_comedor;0;0.28;0.175;0.202;48;48;48;0;26;26;26;0;69.046;69.046;159.924;0;0;0;0;0;0;1;30;1
2026-04-26 01:40:00;sin_act_cocina_comedor;0;0.29;0.205;0.205;48;48;48;0;26;26;26;0;158.963;64.844;167.796;0;0;0;0;0;0;1;30;1
2026-04-26 01:40:30;sin_act_cocina_comedor;0;0.3;0.178;0.217;48;48;48;0;26;26;26;0;68.24;66.491;160.232;0;0;0;0;0;0;1;30;1
2026-04-26 01:41:00;sin_act_cocina_comedor;0;0.281;0.184;0.213;48;48;48;0;26;26;26;0;159.769;64.518;160.284;0;0;0;0;0;0;1;30;1
2026-04-26 01:41:30;sin_act_cocina_comedor;0;0.286;0.185;0.21;48;48;48;0;26;26;26;0;159.889;64.947;167.264;0;0;0;0;0;0;1;30;1
2026-04-26 01:42:00;sin_act_cocina_comedor;0;0.296;0;0.211;48;48;48;0;26;26;26;0;159.752;68.223;160.232;0;0;0;0;0;0;1;29;1
2026-04-26 01:42:30;sin_act_cocina_comedor;0.267;0.283;0.176;0.214;48;48;48;0;26;26;26;0;70.006;68.617;178.857;0;0;0;0;0;0;1;30;1
2026-04-26 01:43:00;sin_act_cocina_comedor;0;0.297;0.22;0.22;48;48;48;0;26;26;26;0;167.11;68.977;167.11;0;0;0;0;0;0;0;30;1
2026-04-26 01:43:30;sin_act_cocina_comedor;0;0.299;0.215;0.231;48;48;48;0;26;26;26;0;159.392;64.09;160.661;0;0;0;0;0;0;1;30;1
2026-04-26 01:44:00;sin_act_cocina_comedor;0;0.278;0.198;0.231;48;48;48;0;26;26;26;0;159.426;68.514;159.855;0;0;0;0;0;0;1;30;1
2026-04-26 01:44:30;sin_act_cocina_comedor;0;0.354;0.198;0.249;48;48;48;0;26;26;26;0;159.821;67.794;189.267;0;0;0;0;0;0;1;30;1
2026-04-26 01:45:00;sin_act_cocina_comedor;0;0.297;0.217;0.252;48;48;48;0;26;26;26;0;159.392;68.651;160.678;0;0;0;0;0;0;1;30;1
2026-04-26 01:45:30;sin_act_cocina_comedor;0;0.286;0.216;0.248;48;48;48;0;26;26;26;0;158.98;30.733;160.267;0;0;0;0;0;0;0;25;1
2026-04-26 01:46:00;sin_act_cocina_comedor;0.264;0.279;0.223;0.235;48;48;48;0;26;26;26;0;64.45;64.45;160.232;0;0;0;0;0;0;1;30;1
2026-04-26 01:46:30;sin_act_cocina_comedor;0.262;0.311;0.211;0.23;48;48;48;0;26;26;26;0;161.742;64.57;161.742;0;0;0;0;0;0;1;27;1
2026-04-26 01:47:00;sin_act_cocina_comedor;0;0.274;0.205;0.232;48;48;48;0;26;26;26;0;159.855;64.998;170.711;0;0;0;0;0;0;1;28;1
2026-04-26 01:47:30;sin_act_cocina_comedor;0.29;0.292;0.203;0.267;48;48;48;0;26;26;26;0;160.267;67.811;163.388;0;0;0;0;0;0;1;30;1
2026-04-26 01:48:00;sin_act_cocina_comedor;0;0.291;0.178;0.248;48;48;48;0;26;26;26;0;159.701;64.518;160.215;1;13;1;0;0;0;1;30;1
2026-04-26 01:48:30;sin_act_cocina_comedor;0;0.312;0.236;0.236;48;48;48;0;26;26;26;0;110.172;65.685;160.061;1;30;1;0;0;0;1;30;1
2026-04-26 01:49:00;sin_act_cocina_comedor;0;0.275;0.182;0.228;48;48;48;0;26;26;26;0;155.739;68.086;159.924;1;30;1;0;12;1;1;30;1
2026-04-26 01:49:30;sin_act_cocina_comedor;0;0.303;0.196;0.228;48;48;48;0;26;26;26;0;159.341;53.508;159.752;1;30;1;0;0;0;1;30;1
2026-04-26 01:50:00;sin_act_cocina_comedor;0;0.286;0.201;0.226;48;48;48;0;26;26;26;0;159.804;64.741;159.889;0;22;1;0;0;0;1;30;1
2026-04-26 01:50:30;sin_act_cocina_comedor;0;0.288;0.214;0.233;48;48;48;0;26;26;26;0;159.444;64.741;159.872;0;0;0;0;0;0;1;30;1
2026-04-26 01:51:00;sin_act_cocina_comedor;0;0.296;0.2;0.229;48;48;48;0;26.033333;26;27;0.182574;159.804;65.153;160.284;0;0;0;0;0;0;0;30;1
2026-04-26 01:51:30;sin_act_cocina_comedor;0.275;0.302;0.217;0.243;48;48;48;0;27;27;27;0;159.341;64.364;159.495;0;0;0;0;0;0;1;30;1
2026-04-26 01:52:00;sin_act_cocina_comedor;0;0.29;0.206;0.245;48;48;48;0;27;27;27;0;158.963;64.415;159.426;0;0;0;0;0;0;1;30;1
2026-04-26 01:52:30;sin_act_cocina_comedor;0.261;0.308;0.189;0.25;47.965517;47;48;0.185695;27;27;27;0;159.444;108.594;159.804;0;0;0;0;0;0;1;30;1
2026-04-26 01:53:00;sin_act_cocina_comedor;0;0.283;0.176;0.226;47;47;47;0;27;27;27;0;159.444;64.312;159.718;0;0;0;0;0;0;1;25;1
2026-04-26 01:53:30;sin_act_cocina_comedor;0.267;0.288;0.218;0.22;47;47;47;0;27;27;27;0;159.272;64.741;159.752;0;0;0;0;0;0;1;25;1
2026-04-26 01:54:00;sin_act_cocina_comedor;0;0.282;0.188;0.224;47;47;47;0;27;27;27;0;159.409;67.914;159.804;0;0;0;0;0;0;1;25;1
2026-04-26 01:54:30;sin_act_cocina_comedor;0;0.286;0;0.21;47;47;47;0;27;27;27;0;159.392;64.844;186.918;0;0;0;0;0;0;1;30;1
2026-04-26 01:55:00;sin_act_cocina_comedor;0.308;0.308;0.201;0.227;47;47;47;0;27;27;27;0;158.963;64.741;159.855;0;0;0;0;0;0;1;30;1
2026-04-26 01:55:30;sin_act_cocina_comedor;0;0.297;0.212;0.242;47;47;47;0;27;27;27;0;158.963;65.153;191.771;0;0;0;0;0;0;0;25;1
2026-04-26 01:56:00;sin_act_cocina_comedor;0;0.304;0.218;0.235;46.033333;46;47;0.182574;27;27;27;0;159.289;64.827;159.855;0;0;0;0;0;0;1;25;1
2026-04-26 01:56:30;sin_act_cocina_comedor;0.266;0.305;0.203;0.238;46;46;46;0;27;27;27;0;159.392;64.793;159.855;0;0;0;0;0;0;1;30;1
2026-04-26 01:57:00;sin_act_cocina_comedor;0;0.297;0.219;0.234;46;46;46;0;27;27;27;0;127.167;63.867;159.872;0;0;0;0;0;0;1;20;1
2026-04-26 01:57:30;sin_act_cocina_comedor;0;0.309;0.209;0.255;46;46;46;0;27;27;27;0;159.444;63.832;189.816;0;0;0;0;0;0;1;30;1
2026-04-26 01:58:00;sin_act_cocina_comedor;0.286;0.297;0.194;0.234;46;46;46;0;27;27;27;0;159.426;63.952;159.941;0;0;0;0;0;0;1;30;1
2026-04-26 01:58:30;sin_act_cocina_comedor;0;0.298;0.209;0.227;46;46;46;0;27;27;27;0;64.793;64.793;162.445;0;0;0;0;0;0;1;29;1
2026-04-26 01:59:00;sin_act_cocina_comedor;0.287;0.327;0.19;0.223;46;46;46;0;27;27;27;0;158.98;68.446;197.276;0;0;0;0;0;0;1;26;1
2026-04-26 01:59:30;sin_act_cocina_comedor;0.262;0.281;0.226;0.227;46;46;46;0;27;27;27;0;159.444;64.312;159.924;0;0;0;0;0;0;1;29;1
2026-04-26 02:00:00;sin_act_cocina_comedor;0.265;0.294;0.231;0.231;46;46;46;0;27;27;27;0;68.446;68.017;159.855;0;0;0;0;0;0;1;30;1
2026-04-26 02:00:30;sin_act_cocina_comedor;0.281;0.292;0.199;0.249;45.133333;45;46;0.345746;27;27;27;0;159.821;64.364;159.941;0;0;0;0;0;0;0;30;1
2026-04-26 02:01:00;sin_act_cocina_comedor;0.275;0.307;0.19;0.218;45;45;45;0;27;27;27;0;159.015;64.844;160.781;0;0;0;0;0;0;1;25;1
2026-04-26 02:01:30;sin_act_cocina_comedor;0.263;0.342;0.199;0.236;45;45;45;0;27;27;27;0;159.444;64.467;159.872;0;0;0;0;0;0;0;30;1
2026-04-26 02:02:00;sin_act_cocina_comedor;0.288;0.31;0.224;0.239;45;45;45;0;27;27;27;0;63.935;63.935;159.958;0;0;0;0;0;0;1;30;1
2026-04-26 02:02:30;sin_act_cocina_comedor;0;0.281;0.187;0.224;45;45;45;0;27;27;27;0;159.392;65.273;159.941;0;0;0;0;0;0;0;30;1
2026-04-26 02:03:00;sin_act_cocina_comedor;0;0.272;0.178;0.226;45;45;45;0;27;27;27;0;68.566;65.221;159.924;0;0;0;0;0;0;1;30;1
2026-04-26 02:03:30;sin_act_cocina_comedor;0;0.27;0.192;0.217;45;45;45;0;27;27;27;0;159.495;65.221;159.872;0;0;0;0;0;0;1;30;1
2026-04-26 02:04:00;sin_act_cocina_comedor;0;0.31;0.188;0.225;45;45;45;0;27;27;27;0;159.426;68.943;159.924;0;0;0;0;0;0;1;25;1
2026-04-26 02:04:30;sin_act_cocina_comedor;0;0.29;0.188;0.221;45;45;45;0;27;27;27;0;157.677;63.969;160.37;0;0;0;0;0;0;1;30;1
2026-04-26 02:05:00;sin_act_cocina_comedor;0;0.346;0.206;0.238;45;45;45;0;27;27;27;0;159.444;64.69;160.181;0;0;0;0;0;0;1;30;1
2026-04-26 02:05:30;sin_act_cocina_comedor;0;0.317;0.188;0.239;45;45;45;0;27;27;27;0;159.821;40.851;162.513;0;0;0;0;0;0;1;30;1
2026-04-26 02:06:00;sin_act_cocina_comedor;0.262;0.32;0.207;0.229;45;45;45;0;27;27;27;0;159.546;65.256;159.941;0;0;0;0;0;0;1;30;1
2026-04-26 02:06:30;sin_act_cocina_comedor;0.271;0.299;0.248;0.248;45;45;45;0;27;27;27;0;159.598;64.415;165.943;0;0;0;0;0;0;1;30;1
2026-04-26 02:07:00;sin_act_cocina_comedor;0;0.291;0.213;0.229;45;45;45;0;27;27;27;0;156.614;64.415;159.975;0;0;0;0;0;0;1;25;1
2026-04-26 02:07:30;sin_act_cocina_comedor;0;0.332;0.209;0.239;45;45;45;0;27;27;27;0;159.546;63.935;160.61;0;0;0;0;0;0;1;30;1
2026-04-26 02:08:00;sin_act_cocina_comedor;0.282;0.298;0.241;0.244;45;45;45;0;27;27;27;0;68.514;34.54;169.082;0;0;0;0;0;0;1;20;1
2026-04-26 02:08:30;sin_act_cocina_comedor;0;0.305;0.226;0.233;45;45;45;0;27;27;27;0;159.478;63.832;159.975;0;0;0;0;0;0;1;30;1
2026-04-26 02:09:00;sin_act_cocina_comedor;0.271;0.304;0.228;0.25;45;45;45;0;27;27;27;0;69.355;64.415;159.941;0;0;0;0;0;0;1;30;1
2026-04-26 02:09:30;sin_act_cocina_comedor;0;0.287;0.224;0.255;45;45;45;0;27;27;27;0;70.229;64.724;159.992;0;0;0;0;0;0;1;30;1
2026-04-26 02:10:00;sin_act_cocina_comedor;0;0.308;0.197;0.23;45;45;45;0;27;27;27;0;68.874;68.086;160.335;0;0;0;0;0;0;0;30;1
2026-04-26 02:10:30;sin_act_cocina_comedor;0;0.285;0.207;0.223;45;45;45;0;27;27;27;0;69.355;60.711;159.855;0;0;0;0;0;0;1;25;1
2026-04-26 02:11:00;sin_act_cocina_comedor;0;0.283;0.192;0.241;45;45;45;0;27;27;27;0;156.185;64.844;159.941;0;0;0;0;0;0;1;30;1
2026-04-26 02:11:30;sin_act_cocina_comedor;0;0.308;0.198;0.216;45;45;45;0;27;27;27;0;159.324;68.514;169.168;0;0;0;0;0;0;1;26;1
2026-04-26 02:12:00;sin_act_cocina_comedor;0;0.282;0.18;0.227;45;45;45;0;27;27;27;0;158.946;63.884;160.232;0;0;0;0;0;0;1;29;1
2026-04-26 02:12:30;sin_act_cocina_comedor;0;0.275;0.199;0.231;45;45;45;0;27;27;27;0;159.392;63.987;159.975;0;0;0;0;0;0;0;30;1
2026-04-26 02:13:00;sin_act_cocina_comedor;0;0.316;0.214;0.234;45;45;45;0;27;27;27;0;159.409;64.244;185.048;0;0;0;0;0;0;1;30;1
2026-04-26 02:13:30;sin_act_cocina_comedor;0.263;0.271;0.203;0.224;45;45;45;0;27;27;27;0;68.514;65.256;172.135;0;0;0;0;0;0;1;30;1
2026-04-26 02:14:00;sin_act_cocina_comedor;0;0.331;0.201;0.241;45;45;45;0;27;27;27;0;183.899;64.776;183.899;0;0;0;0;0;0;1;30;1
2026-04-26 02:14:30;sin_act_cocina_comedor;0.265;0.328;0.188;0.235;45;45;45;0;27;27;27;0;159.512;64.844;159.992;0;0;0;0;0;0;1;30;1
2026-04-26 02:15:00;sin_act_cocina_comedor;0;0.321;0.207;0.234;45;45;45;0;27;27;27;0;159.855;64.724;184.002;0;0;0;0;0;0;1;30;1
2026-04-26 02:15:30;sin_act_cocina_comedor;0;0.341;0.187;0.221;45;45;45;0;27;27;27;0;159.426;68.086;165.463;0;0;0;0;0;0;1;30;1
2026-04-26 02:16:00;sin_act_cocina_comedor;0.266;0.406;0.213;0.224;44.966667;44;45;0.182574;27;27;27;0;69.389;64.793;159.941;0;0;0;0;0;0;1;30;1
2026-04-26 02:16:30;sin_act_cocina_comedor;0;0.313;0.184;0.226;44;44;44;0;27;27;27;0;69.8;64.295;164.143;0;0;0;0;0;0;1;30;1
2026-04-26 02:17:00;sin_act_cocina_comedor;0.271;0.328;0.18;0.225;44;44;44;0;27;27;27;0;159.495;64.844;159.958;0;0;0;0;0;0;1;28;1
2026-04-26 02:17:30;sin_act_cocina_comedor;0;0.286;0.203;0.224;44;44;44;0;27;27;27;0;171.74;64.364;171.74;0;0;0;0;0;0;1;30;1
2026-04-26 02:18:00;sin_act_cocina_comedor;0;0.268;0.18;0.218;44;44;44;0;27;27;27;0;159.032;64.347;160.25;0;0;0;0;0;0;1;30;1
2026-04-26 02:18:30;sin_act_cocina_comedor;0;0.288;0.201;0.218;44;44;44;0;27;27;27;0;159.769;64.673;159.924;0;0;0;0;0;0;0;30;1
2026-04-26 02:19:00;sin_act_cocina_comedor;0;0.284;0.2;0.216;44;44;44;0;27;27;27;0;154.967;64.673;159.975;0;0;0;0;0;0;1;30;1
2026-04-26 02:19:30;sin_act_cocina_comedor;0;0.306;0.187;0.239;44;44;44;0;27;27;27;0;159.907;64.021;159.975;0;0;0;0;0;0;1;30;1
2026-04-26 02:20:00;sin_act_cocina_comedor;0.266;0.306;0.198;0.231;44;44;44;0;27;27;27;0;63.506;40.714;159.958;0;0;0;0;0;0;1;30;1
2026-04-26 02:20:30;sin_act_cocina_comedor;0.271;0.34;0.211;0.237;44;44;44;0;27;27;27;0;159.426;64.244;159.941;0;0;0;0;0;0;1;30;1
2026-04-26 02:21:00;sin_act_cocina_comedor;0;0.292;0.202;0.216;44;44;44;0;27;27;27;0;159.598;63.935;199.986;0;0;0;0;0;0;0;30;1
2026-04-26 02:21:30;sin_act_cocina_comedor;0;0.34;0.198;0.227;44;44;44;0;27;27;27;0;64.724;64.724;159.924;0;0;0;0;0;0;1;30;1
2026-04-26 02:22:00;sin_act_cocina_comedor;0;0.37;0.178;0.242;44;44;44;0;27;27;27;0;157.094;64.415;160.37;0;0;0;0;0;0;1;30;1
2026-04-26 02:22:30;sin_act_cocina_comedor;0;0.277;0.192;0.23;44;44;44;0;27;27;27;0;159.924;60.951;162.976;0;0;0;0;0;0;1;30;1
2026-04-26 02:23:00;sin_act_cocina_comedor;0;0.311;0.204;0.231;44;44;44;0;27;27;27;0;156.305;63.232;185.769;0;0;0;0;0;0;1;30;1
2026-04-26 02:23:30;sin_act_cocina_comedor;0.27;0.322;0.185;0.233;44;44;44;0;27;27;27;0;159.924;64.347;159.941;0;0;0;0;0;0;0;30;1
2026-04-26 02:24:00;sin_act_cocina_comedor;0.267;0.28;0.218;0.229;44;44;44;0;27;27;27;0;159.478;24.387;159.872;0;0;0;0;0;0;1;30;1
2026-04-26 02:24:30;sin_act_cocina_comedor;0.326;0.326;0.217;0.231;44;44;44;0;27;27;27;0;159.872;69.612;160.352;0;0;0;0;0;0;1;30;1
2026-04-26 02:25:00;sin_act_cocina_comedor;0;0.284;0.189;0.22;44;44;44;0;27;27;27;0;159.392;64.312;159.907;0;0;0;0;0;0;1;30;1
2026-04-26 02:25:30;sin_act_cocina_comedor;0.28;0.306;0.2;0.221;44;44;44;0;27;27;27;0;159.444;64.364;164.966;0;0;0;0;0;0;1;30;1
2026-04-26 02:26:00;sin_act_cocina_comedor;0.274;0.289;0.204;0.245;44;44;44;0;27;27;27;0;156.631;64.312;159.941;0;0;0;0;0;0;0;30;1
2026-04-26 02:26:30;sin_act_cocina_comedor;0.269;0.286;0.185;0.229;44;44;44;0;27;27;27;0;186.318;64.33;186.318;0;0;0;0;0;0;1;30;1
2026-04-26 02:27:00;sin_act_cocina_comedor;0;0.287;0.2;0.223;44;44;44;0;27;27;27;0;159.529;64.415;162.359;0;0;0;0;0;0;1;30;1
2026-04-26 02:27:30;sin_act_cocina_comedor;0.272;0.3;0.178;0.226;44;44;44;0;27;27;27;0;70.212;65.221;159.958;0;0;0;0;0;0;1;30;1
2026-04-26 02:28:00;sin_act_cocina_comedor;0;0.284;0.18;0.217;44;44;44;0;27;27;27;0;159.495;64.364;159.924;0;0;0;0;0;0;1;30;1
2026-04-26 02:28:30;sin_act_cocina_comedor;0;0.282;0.192;0.212;44;44;44;0;27;27;27;0;159.529;64.364;177.554;0;0;0;0;0;0;0;30;1
2026-04-26 02:29:00;sin_act_cocina_comedor;0;0.276;0;0.206;44;44;44;0;27;27;27;0;163.988;63.987;163.988;0;0;0;0;0;0;1;30;1
2026-04-26 02:29:30;sin_act_cocina_comedor;0;0.271;0.175;0.202;44;44;44;0;27;27;27;0;155.773;63.987;159.872;0;0;0;0;0;0;1;30;1
2026-04-26 02:30:00;sin_act_cocina_comedor;0.263;0.276;0.21;0.244;44;44;44;0;27;27;27;0;156.254;68.531;160.009;0;0;0;0;0;0;1;30;1
2026-04-26 02:30:30;sin_act_cocina_comedor;0.265;0.309;0.19;0.225;44;44;44;0;27;27;27;0;64.844;64.673;159.889;0;0;0;0;0;0;1;30;1
2026-04-26 02:31:00;sin_act_cocina_comedor;0.266;0.335;0.195;0.237;44;44;44;0;27;27;27;0;68.943;64.844;160.37;0;0;0;0;0;0;0;30;1
2026-04-26 02:31:30;sin_act_cocina_comedor;0;0.294;0.193;0.23;44;44;44;0;27;27;27;0;159.392;65.702;159.958;0;0;0;0;0;0;1;30;1
2026-04-26 02:32:00;sin_act_cocina_comedor;0.346;0.346;0.195;0.218;44;44;44;0;27;27;27;0;64.467;64.467;159.941;0;0;0;0;0;0;1;30;1
2026-04-26 02:32:30;sin_act_cocina_comedor;0;0.271;0.196;0.235;44;44;44;0;27;27;27;0;159.546;64.415;169.322;0;0;0;0;0;0;1;30;1
2026-04-26 02:33:00;sin_act_cocina_comedor;0.27;0.3;0.196;0.225;44;44;44;0;27;27;27;0;159.889;68.017;163.457;0;0;0;0;0;0;1;30;1
2026-04-26 02:33:30;sin_act_cocina_comedor;0.263;0.273;0.207;0.223;44;44;44;0;27;27;27;0;156.7;64.724;160.267;0;0;0;0;0;0;1;29;1
2026-04-26 02:34:00;sin_act_cocina_comedor;0;0.284;0.204;0.237;44;44;44;0;27;27;27;0;110.583;64.827;163.045;0;0;0;0;0;0;1;26;1
2026-04-26 02:34:30;sin_act_cocina_comedor;0.271;0.286;0.222;0.232;44;44;44;0;27;27;27;0;156.322;38.365;208.836;0;0;0;0;0;0;0;30;1
2026-04-26 02:35:00;sin_act_cocina_comedor;0;0.286;0.219;0.241;44;44;44;0;27;27;27;0;163.337;69.389;163.337;0;0;0;0;0;0;1;30;1
2026-04-26 02:35:30;sin_act_cocina_comedor;0.263;0.263;0.185;0.217;44;44;44;0;27;27;27;0;159.855;64.364;163.645;0;0;0;0;0;0;1;26;1
2026-04-26 02:36:00;sin_act_cocina_comedor;0;0.299;0.235;0.235;44;44;44;0;27;27;27;0;156.219;68.823;173.644;0;0;0;0;0;0;1;30;1
2026-04-26 02:36:30;sin_act_cocina_comedor;0.266;0.288;0.2;0.236;44;44;44;0;27;27;27;0;159.512;68.549;159.958;0;0;0;0;0;0;1;30;1
2026-04-26 02:37:00;sin_act_cocina_comedor;0.314;0.314;0.192;0.229;44;44;44;0;27;27;27;0;159.426;64.844;159.975;0;0;0;0;0;0;0;30;1
2026-04-26 02:37:30;sin_act_cocina_comedor;0;0.294;0.192;0.235;44;44;44;0;27;27;27;0;159.444;63.266;159.924;0;0;0;0;0;0;1;30;1
2026-04-26 02:38:00;sin_act_cocina_comedor;0.277;0.298;0.219;0.225;44;44;44;0;27;27;27;0;159.478;64.758;178.171;0;0;0;0;0;0;1;30;1
2026-04-26 02:38:30;sin_act_cocina_comedor;0;0.293;0.2;0.225;44;44;44;0;27;27;27;0;156.219;70.161;159.975;0;0;0;0;0;0;1;29;1
2026-04-26 02:39:00;sin_act_cocina_comedor;0.273;0.281;0.202;0.234;44;44;44;0;27;27;27;0;159.564;68.943;169.699;0;0;0;0;0;0;1;30;1
2026-04-26 02:39:30;sin_act_cocina_comedor;0.291;0.291;0.203;0.238;44;44;44;0;27;27;27;0;159.478;64.844;159.872;0;0;0;0;0;0;1;25;1
2026-04-26 02:40:00;sin_act_cocina_comedor;0.27;0.31;0.194;0.242;44;44;44;0;27;27;27;0;156.219;63.935;159.958;0;0;0;0;0;0;1;30;1
2026-04-26 02:40:30;sin_act_cocina_comedor;0;0.309;0.187;0.228;44;44;44;0;27;27;27;0;159.924;64.844;160.833;0;0;0;0;0;0;1;30;1
2026-04-26 02:41:00;sin_act_cocina_comedor;0;0.284;0.187;0.212;44;44;44;0;27;27;27;0;156.254;68.943;159.941;0;0;0;0;0;0;1;30;1
2026-04-26 02:41:30;sin_act_cocina_comedor;0;0.282;0.208;0.229;44;44;44;0;27;27;27;0;159.083;63.729;159.941;0;0;0;0;0;0;1;25;1
2026-04-26 02:42:00;sin_act_cocina_comedor;0;0.293;0.228;0.233;44;44;44;0;27;27;27;0;156.7;64.364;160.335;0;0;0;0;0;0;1;25;1
2026-04-26 02:42:30;sin_act_cocina_comedor;0.308;0.308;0.218;0.232;44;44;44;0;27;27;27;0;159.821;64.793;159.907;0;0;0;0;0;0;1;30;1
2026-04-26 02:43:00;sin_act_cocina_comedor;0;0.29;0.224;0.224;44;44;44;0;27;27;27;0;159.649;64.741;163.937;0;0;0;0;0;0;1;27;1
2026-04-26 02:43:30;sin_act_cocina_comedor;0;0.32;0.213;0.253;44;44;44;0;27;27;27;0;159.461;64.776;207.721;0;0;0;0;0;0;1;26;1
2026-04-26 02:44:00;sin_act_cocina_comedor;0;0.307;0.222;0.26;44;44;44;0;27;27;27;0;162.994;64.793;162.994;0;0;0;0;0;0;1;24;1
2026-04-26 02:44:30;sin_act_cocina_comedor;0.279;0.311;0.204;0.24;44;44;44;0;27;27;27;0;159.598;63.455;159.975;0;0;0;0;0;0;0;30;1
2026-04-26 02:45:00;sin_act_cocina_comedor;0;0.281;0.203;0.237;44;44;44;0;27;27;27;0;159.529;63.815;160.404;0;0;0;0;0;0;1;30;1
2026-04-26 02:45:30;sin_act_cocina_comedor;0;0.336;0.203;0.244;44;44;44;0;27;27;27;0;159.495;64.896;159.924;0;0;0;0;0;0;1;26;1
2026-04-26 02:46:00;sin_act_cocina_comedor;0;0.307;0.204;0.243;44;44;44;0;27;27;27;0;156.202;64.81;202.027;0;0;0;0;0;0;1;22;1
2026-04-26 02:46:30;sin_act_cocina_comedor;0.279;0.339;0.228;0.234;44;44;44;0;27;27;27;0;159.546;51.021;218.508;0;0;0;0;0;0;1;29;1
2026-04-26 02:47:00;sin_act_cocina_comedor;0;0.276;0.205;0.228;44;44;44;0;27;27;27;0;159.855;68.394;173.558;0;0;0;0;0;0;0;30;1
2026-04-26 02:47:30;sin_act_cocina_comedor;0;0.351;0.241;0.241;44;44;44;0;27;27;27;0;108.817;50.318;159.992;0;0;0;0;0;0;1;25;1
2026-04-26 02:48:00;sin_act_cocina_comedor;0;0.287;0.199;0.249;44;44;44;0;27;27;27;0;159.426;64.896;159.958;0;0;0;0;0;0;0;21;1
2026-04-26 02:48:30;sin_act_cocina_comedor;0.3;0.3;0.187;0.231;44;44;44;0;27;27;27;0;159.495;64.364;160.027;0;0;0;0;0;0;1;29;1
2026-04-26 02:49:00;sin_act_cocina_comedor;0.262;0.28;0.183;0.228;44;44;44;0;27;27;27;0;159.529;63.987;159.975;0;0;0;0;0;0;1;30;1
2026-04-26 02:49:30;sin_act_cocina_comedor;0.263;0.297;0.201;0.224;44;44;44;0;27;27;27;0;159.598;153.407;159.958;0;0;0;0;0;0;1;26;1
2026-04-26 02:50:00;sin_act_cocina_comedor;0;0.309;0.224;0.238;44;44;44;0;27;27;27;0;159.529;70.624;160.335;0;0;0;0;0;0;1;29;1
2026-04-26 02:50:30;sin_act_cocina_comedor;0.291;0.338;0.202;0.229;44;44;44;0;27;27;27;0;159.529;69.886;159.924;0;0;0;0;0;0;0;25;1
2026-04-26 02:51:00;sin_act_cocina_comedor;0;0.304;0.215;0.23;44;44;44;0;27;27;27;0;159.907;68.909;159.907;0;0;0;0;0;0;1;30;1
2026-04-26 02:51:30;sin_act_cocina_comedor;0;0.296;0.23;0.23;44;44;44;0;27;27;27;0;159.461;64.347;159.975;0;0;0;0;0;0;1;30;1
2026-04-26 02:52:00;sin_act_cocina_comedor;0.284;0.312;0.218;0.236;44;44;44;0;27;27;27;0;156.648;64.004;159.958;0;0;0;0;0;0;1;25;1
2026-04-26 02:52:30;sin_act_cocina_comedor;0.276;0.31;0.228;0.237;44;44;44;0;27;27;27;0;159.461;63.987;159.941;0;0;0;0;0;0;1;30;1
2026-04-26 02:53:00;sin_act_cocina_comedor;0.271;0.334;0.227;0.243;44;44;44;0;27;27;27;0;159.529;63.935;197.894;0;0;0;0;0;0;1;22;1
2026-04-26 02:53:30;sin_act_cocina_comedor;0;0.336;0.213;0.246;44;44;44;0;27;27;27;0;64.312;63.884;162.033;0;0;0;0;0;0;1;24;1
2026-04-26 02:54:00;sin_act_cocina_comedor;0.286;0.302;0.265;0.265;44;44;44;0;27;27;27;0;159.529;64.776;167.641;0;0;0;0;0;0;0;24;1
2026-04-26 02:54:30;sin_act_cocina_comedor;0.278;0.308;0.235;0.268;44;44;44;0;27;27;27;0;159.546;141.127;160.027;0;0;0;0;0;0;1;25;1
2026-04-26 02:55:00;sin_act_cocina_comedor;0;0.294;0.258;0.261;44;44;44;0;27;27;27;0;159.924;63.541;159.924;0;0;0;0;0;0;1;25;1
2026-04-26 02:55:30;sin_act_cocina_comedor;0;0.355;0.206;0.265;43.733333;43;44;0.449776;27;27;27;0;156.751;64.793;162.29;0;0;0;0;0;0;1;30;1
2026-04-26 02:56:00;sin_act_cocina_comedor;0;0.339;0.217;0.24;43;43;43;0;27;27;27;0;159.821;63.987;160.078;0;0;0;0;0;0;1;25;1
2026-04-26 02:56:30;sin_act_cocina_comedor;0;0.306;0.211;0.256;43;43;43;0;27;27;27;0;157.214;68.926;173.901;0;0;0;0;0;0;0;25;1
2026-04-26 02:57:00;sin_act_cocina_comedor;0;0.324;0;0.229;43;43;43;0;27;27;27;0;69.286;64.415;159.958;0;0;0;0;0;0;1;25;1
2026-04-26 02:57:30;sin_act_cocina_comedor;0;0.315;0.178;0.215;43;43;43;0;27;27;27;0;159.872;65.221;160.181;0;0;0;0;0;0;1;24;1
2026-04-26 02:58:00;sin_act_cocina_comedor;0;0.284;0.183;0.223;43;43;43;0;27;27;27;0;64.467;64.467;167.487;0;0;0;0;0;0;1;21;1
2026-04-26 02:58:30;sin_act_cocina_comedor;0;0.277;0.188;0.223;43;43;43;0;27;27;27;0;181.55;64.364;181.55;0;0;0;0;0;0;1;25;1
2026-04-26 02:59:00;sin_act_cocina_comedor;0.269;0.302;0.19;0.239;43;43;43;0;27;27;27;0;156.631;64.415;181.55;0;0;0;0;0;0;0;25;1
2026-04-26 02:59:30;sin_act_cocina_comedor;0;0.313;0.195;0.219;43;43;43;0;27;27;27;0;156.202;65.204;168.653;0;0;0;0;0;0;1;24;1
2026-04-26 03:00:00;sin_act_cocina_comedor;0;0.277;0.205;0.232;43;43;43;0;27;27;27;0;156.631;64.896;160.009;0;0;0;0;0;0;1;25;1
2026-04-26 03:00:30;sin_act_cocina_comedor;0.262;0.293;0.189;0.217;43;43;43;0;27;27;27;0;159.426;63.884;159.924;0;0;0;0;0;0;1;20;1
2026-04-26 03:01:00;sin_act_cocina_comedor;0;0.285;0.192;0.232;43;43;43;0;27;27;27;0;159.975;64.724;160.421;0;0;0;0;0;0;1;30;1
2026-04-26 03:01:30;sin_act_cocina_comedor;0;0.303;0.203;0.233;43;43;43;0;27;27;27;0;64.347;64.347;229.467;0;0;0;0;0;0;1;29;1
2026-04-26 03:02:00;sin_act_cocina_comedor;0.287;0.298;0.23;0.232;43;43;43;0;27;27;27;0;159.512;64.312;159.992;0;0;0;0;0;0;1;25;1
2026-04-26 03:02:30;sin_act_cocina_comedor;0;0.287;0.187;0.237;43;43;43;0;27;27;27;0;159.529;64.364;176.765;0;0;0;0;0;0;1;25;1
2026-04-26 03:03:00;sin_act_cocina_comedor;0;0.288;0.205;0.227;43;43;43;0;27;27;27;0;156.579;155.43;161.913;0;0;0;0;0;0;1;25;1
2026-04-26 03:03:30;sin_act_cocina_comedor;0.29;0.29;0.206;0.228;43;43;43;0;27;27;27;0;156.734;63.987;184.723;0;0;0;0;0;0;1;30;1
2026-04-26 03:04:00;sin_act_cocina_comedor;0.284;0.367;0.184;0.228;43;43;43;0;27;27;27;0;159.924;64.793;159.958;0;0;0;0;0;0;0;30;1
2026-04-26 03:04:30;sin_act_cocina_comedor;0;0.295;0.191;0.233;43;43;43;0;27;27;27;0;160.078;63.987;160.078;0;0;0;0;0;0;1;24;1
2026-04-26 03:05:00;sin_act_cocina_comedor;0;0.289;0.198;0.246;43;43;43;0;27;27;27;0;156.7;64.844;174.604;0;0;0;0;0;0;0;24;1
2026-04-26 03:05:30;sin_act_cocina_comedor;0;0.323;0.206;0.236;43;43;43;0;27;27;27;0;159.581;63.987;159.924;0;0;0;0;0;0;1;30;1
2026-04-26 03:06:00;sin_act_cocina_comedor;0.262;0.274;0.194;0.231;43;43;43;0;27;27;27;0;156.219;43.973;166.132;0;0;0;0;0;0;1;30;1
2026-04-26 03:06:30;sin_act_cocina_comedor;0.262;0.31;0.189;0.236;43;43;43;0;27;27;27;0;168.842;68.994;168.842;0;0;0;0;0;0;1;22;1
2026-04-26 03:07:00;sin_act_cocina_comedor;0;0.318;0.208;0.218;43;43;43;0;27;27;27;0;64.415;64.415;163.234;0;0;0;0;0;0;1;23;1
2026-04-26 03:07:30;sin_act_cocina_comedor;0.27;0.285;0.203;0.229;43;43;43;0;27;27;27;0;159.546;51.416;159.958;0;0;0;0;0;0;0;22;1
2026-04-26 03:08:00;sin_act_cocina_comedor;0.292;0.292;0.181;0.218;43;43;43;0;27;27;27;0;65.273;65.273;175.736;0;0;0;0;0;0;1;28;1
2026-04-26 03:08:30;sin_act_cocina_comedor;0.267;0.302;0.197;0.22;43;43;43;0;27;27;27;0;159.529;63.918;164.383;0;0;0;0;0;0;1;30;1
2026-04-26 03:09:00;sin_act_cocina_comedor;0;0.295;0.195;0.235;43;43;43;0;27;27;27;0;159.529;64.467;160.044;0;0;0;0;0;0;1;25;1
2026-04-26 03:09:30;sin_act_cocina_comedor;0.263;0.293;0.206;0.228;43;43;43;0;27;27;27;0;65.685;64.347;159.958;0;0;0;0;0;0;1;25;1
2026-04-26 03:10:00;sin_act_cocina_comedor;0.268;0.301;0.203;0.223;43;43;43;0;27;27;27;0;156.614;41.246;178.343;0;0;0;0;0;0;0;26;1
2026-04-26 03:10:30;sin_act_cocina_comedor;0.269;0.334;0.205;0.222;43;43;43;0;27;27;27;0;159.924;64.844;161.433;0;0;0;0;0;0;1;30;1
2026-04-26 03:11:00;sin_act_cocina_comedor;0;0.309;0.21;0.243;43;43;43;0;27;27;27;0;164.04;58.722;164.04;0;0;0;0;0;0;1;19;1
2026-04-26 03:11:30;sin_act_cocina_comedor;0.292;0.292;0.196;0.227;43;43;43;0;27;27;27;0;156.631;63.918;178.995;0;0;0;0;0;0;1;30;1
2026-04-26 03:12:00;sin_act_cocina_comedor;0.267;0.318;0.193;0.221;43;43;43;0;27;27;27;0;159.907;45.962;182.51;0;0;0;0;0;0;1;25;1
2026-04-26 03:12:30;sin_act_cocina_comedor;0;0.283;0.21;0.21;43;43;43;0;27;27;27;0;159.924;64.415;184.843;0;0;0;0;0;0;1;25;1
2026-04-26 03:13:00;sin_act_cocina_comedor;0.264;0.323;0.19;0.235;43;43;43;0;27;27;27;0;159.546;63.592;159.941;0;0;0;0;0;0;1;25;1
2026-04-26 03:13:30;sin_act_cocina_comedor;0.333;0.333;0.214;0.214;43;43;43;0;27;27;27;0;159.512;64.844;159.941;0;0;0;0;0;0;0;26;1
2026-04-26 03:14:00;sin_act_cocina_comedor;0.296;0.297;0.178;0.21;43;43;43;0;27;27;27;0;159.426;63.935;169.133;0;0;0;0;0;0;1;25;1
2026-04-26 03:14:30;sin_act_cocina_comedor;0.279;0.302;0;0.197;43;43;43;0;27;27;27;0;159.821;64.33;159.941;0;0;0;0;0;0;1;20;1
2026-04-26 03:15:00;sin_act_cocina_comedor;0;0.347;0;0.221;43;43;43;0;27;27;27;0;156.734;62.306;160.25;0;0;0;0;0;0;1;30;1
2026-04-26 03:15:30;sin_act_cocina_comedor;0;0.266;0.175;0.207;43;43;43;0;27;27;27;0;155.791;63.969;159.975;0;0;0;0;0;0;1;25;1
2026-04-26 03:16:00;sin_act_cocina_comedor;0;0.283;0;0.219;43;43;43;0;27;27;27;0;159.444;68.874;159.924;0;0;0;0;0;0;0;25;1
2026-04-26 03:16:30;sin_act_cocina_comedor;0.322;0.322;0.222;0.222;43;43;43;0;27;27;27;0;69.337;24.97;159.804;0;0;0;0;0;0;1;22;1
2026-04-26 03:17:00;sin_act_cocina_comedor;0;0.296;0.198;0.222;43;43;43;0;27;27;27;0;159.066;65.187;160.009;0;0;0;0;0;0;1;20;1
2026-04-26 03:17:30;sin_act_cocina_comedor;0;0.325;0.19;0.225;43;43;43;0;27;27;27;0;159.444;64.415;175.359;0;0;0;0;0;0;1;25;1
2026-04-26 03:18:00;sin_act_cocina_comedor;0;0.331;0.178;0.245;43;43;43;0;27;27;27;0;159.821;64.312;166.046;0;0;0;0;0;0;1;29;1
2026-04-26 03:18:30;sin_act_cocina_comedor;0;0.305;0.179;0.208;43;43;43;0;27;27;27;0;64.415;63.181;199.489;0;0;0;0;0;0;0;21;1
2026-04-26 03:19:00;sin_act_cocina_comedor;0;0.293;0.186;0.234;43;43;43;0;27;27;27;0;155.293;64.793;165.343;0;0;0;0;0;0;1;25;1
2026-04-26 03:19:30;sin_act_cocina_comedor;0.276;0.292;0.198;0.227;43;43;43;0;27;27;27;0;159.426;68.926;159.804;0;0;0;0;0;0;1;29;1
2026-04-26 03:20:00;sin_act_cocina_comedor;0;0.278;0.208;0.249;43;43;43;0;27;27;27;0;62.94;62.94;165.686;0;0;0;0;0;0;1;20;1
2026-04-26 03:20:30;sin_act_cocina_comedor;0;0.326;0.22;0.246;43;43;43;0;27;27;27;0;159.495;64.741;160.25;0;0;0;0;0;0;1;30;1
2026-04-26 03:21:00;sin_act_cocina_comedor;0;0.288;0.197;0.236;43;43;43;0;27;27;27;0;159.066;64.261;179.183;0;0;0;0;0;0;1;25;1
2026-04-26 03:21:30;sin_act_cocina_comedor;0.262;0.293;0.22;0.245;43;43;43;0;27;27;27;0;68.874;64.347;159.838;0;0;0;0;0;0;1;22;1
2026-04-26 03:22:00;sin_act_cocina_comedor;0.269;0.302;0.201;0.243;43;43;43;0;27;27;27;0;159.066;64.415;159.907;0;0;0;0;0;0;1;28;1
2026-04-26 03:22:30;sin_act_cocina_comedor;0.267;0.285;0.219;0.23;43;43;43;0;27;27;27;0;159.392;64.415;159.821;0;0;0;0;0;0;0;20;1
2026-04-26 03:23:00;sin_act_cocina_comedor;0.265;0.316;0.248;0.248;43;43;43;0;27;27;27;0;157.471;64.364;159.787;0;0;0;0;0;0;1;25;1
2026-04-26 03:23:30;sin_act_cocina_comedor;0;0.281;0.201;0.233;43;43;43;0;27;27;27;0;159.101;40.971;159.872;0;0;0;0;0;0;0;26;1
2026-04-26 03:24:00;sin_act_cocina_comedor;0;0.303;0.209;0.232;43;43;43;0;27;27;27;0;110.497;64.45;165.206;0;0;0;0;0;0;1;8;1
2026-04-26 03:24:30;sin_act_cocina_comedor;0.272;0.301;0.202;0.26;43;43;43;0;27;27;27;0;110.892;68.017;162.496;0;0;0;0;0;0;1;0;0
2026-04-26 03:25:00;sin_act_cocina_comedor;0.272;0.346;0.233;0.263;43;43;43;0;27;27;27;0;159.478;64.415;180.589;0;0;0;0;0;0;1;2;1
2026-04-26 03:25:30;sin_act_cocina_comedor;0;0.33;0.197;0.24;43;43;43;0;27;27;27;0;159.529;63.987;159.872;0;0;0;0;0;0;1;25;1
2026-04-26 03:26:00;sin_act_cocina_comedor;0.278;0.328;0.188;0.243;43;43;43;0;27;27;27;0;159.392;64.741;159.924;0;0;0;0;0;0;0;25;1
2026-04-26 03:26:30;sin_act_cocina_comedor;0.289;0.289;0.209;0.246;43;43;43;0;27;27;27;0;155.345;61.654;159.855;0;0;0;0;0;0;1;25;1
2026-04-26 03:27:00;sin_act_cocina_comedor;0.294;0.295;0.228;0.228;43;43;43;0;27;27;27;0;170.608;64.038;170.608;0;0;0;0;0;0;1;23;1
2026-04-26 03:27:30;sin_act_cocina_comedor;0.263;0.339;0;0.218;43;43;43;0;27;27;27;0;156.614;63.506;159.924;0;0;0;0;0;0;1;27;1
2026-04-26 03:28:00;sin_act_cocina_comedor;0;0.297;0.239;0.239;43;43;43;0;27;27;27;0;156.219;64.312;159.529;0;0;0;0;0;0;1;20;1
2026-04-26 03:28:30;sin_act_cocina_comedor;0.268;0.318;0.189;0.239;43;43;43;0;27;27;27;0;150.783;63.987;159.855;0;0;0;0;0;0;0;25;1
2026-04-26 03:29:00;sin_act_cocina_comedor;0.269;0.278;0.211;0.241;43;43;43;0;27;27;27;0;159.461;64.844;165.292;0;0;0;0;0;0;1;25;1
2026-04-26 03:29:30;sin_act_cocina_comedor;0;0.296;0.212;0.226;43;43;43;0;27;27;27;0;159.444;67.657;161.45;0;0;0;0;0;0;0;26;1
2026-04-26 03:30:00;sin_act_cocina_comedor;0.276;0.305;0.205;0.248;43;43;43;0;27;27;27;0;159.907;67.708;171.088;0;0;0;0;0;0;1;23;1
2026-04-26 03:30:30;sin_act_cocina_comedor;0.274;0.326;0.203;0.234;43;43;43;0;27;27;27;0;158.998;65.153;170.505;0;0;0;0;0;0;1;26;1
2026-04-26 03:31:00;sin_act_cocina_comedor;0.262;0.286;0.208;0.24;43;43;43;0;27;27;27;0;159.066;64.844;159.821;0;0;0;0;0;0;1;25;1
2026-04-26 03:31:30;sin_act_cocina_comedor;0.265;0.296;0.194;0.226;43;43;43;0;27;27;27;0;158.963;64.724;183.454;0;0;0;0;0;0;1;30;1
2026-04-26 03:32:00;sin_act_cocina_comedor;0;0.334;0.209;0.226;43;43;43;0;27;27;27;0;159.444;64.312;159.838;0;0;0;0;0;0;0;24;1
2026-04-26 03:32:30;sin_act_cocina_comedor;0.299;0.3;0.196;0.227;43;43;43;0;27;27;27;0;158.963;54.88;161.45;0;0;0;0;0;0;1;30;1
2026-04-26 03:33:00;sin_act_cocina_comedor;0.3;0.323;0.21;0.228;43;43;43;0;27;27;27;0;159.495;64.364;189.25;0;0;0;0;0;0;1;25;1
2026-04-26 03:33:30;sin_act_cocina_comedor;0.295;0.295;0.199;0.234;43;43;43;0;27;27;27;0;162.359;63.884;162.359;0;0;0;0;0;0;1;25;1
2026-04-26 03:34:00;sin_act_cocina_comedor;0;0.31;0.211;0.231;43;43;43;0;27;27;27;0;68.96;64.741;174.638;0;0;0;0;0;0;1;24;1
2026-04-26 03:34:30;sin_act_cocina_comedor;0.266;0.343;0.188;0.235;43;43;43;0;27;27;27;0;68.549;63.987;159.821;0;0;0;0;0;0;0;20;1
2026-04-26 03:35:00;sin_act_cocina_comedor;0;0.312;0.194;0.241;43;43;43;0;27;27;27;0;159.049;64.433;159.958;0;0;0;0;0;0;1;30;1
2026-04-26 03:35:30;sin_act_cocina_comedor;0.278;0.308;0.248;0.261;43;43;43;0;27;27;27;0;159.066;64.415;159.872;0;0;0;0;0;0;1;20;1
2026-04-26 03:36:00;sin_act_cocina_comedor;0.275;0.302;0.246;0.256;43;43;43;0;27;27;27;0;159.478;63.935;159.855;0;0;0;0;0;0;1;30;1
2026-04-26 03:36:30;sin_act_cocina_comedor;0;0.311;0.251;0.251;43;43;43;0;27;27;27;0;158.483;63.987;159.872;0;0;0;0;0;0;1;24;1
2026-04-26 03:37:00;sin_act_cocina_comedor;0;0.305;0.214;0.27;43;43;43;0;27;27;27;0;64.741;64.741;159.855;0;0;0;0;0;0;0;25;1
2026-04-26 03:37:30;sin_act_cocina_comedor;0;0.3;0.21;0.243;43;43;43;0;27;27;27;0;159.392;69.286;159.907;0;0;0;0;0;0;1;24;1
2026-04-26 03:38:00;sin_act_cocina_comedor;0.327;0.327;0.211;0.258;43;43;43;0;27;27;27;0;159.752;68.497;159.821;0;0;0;0;0;0;1;25;1
2026-04-26 03:38:30;sin_act_cocina_comedor;0.281;0.352;0.21;0.228;43;43;43;0;27;27;27;0;160.507;67.76;160.507;0;0;0;0;0;0;0;25;1
2026-04-26 03:39:00;sin_act_cocina_comedor;0.273;0.286;0.188;0.244;43;43;43;0;27;27;27;0;159.752;65.307;209.556;0;0;0;0;0;0;1;25;1
2026-04-26 03:39:30;sin_act_cocina_comedor;0.28;0.285;0.21;0.236;43;43;43;0;27;27;27;0;157.248;64.998;160.078;0;0;0;0;0;0;1;21;1
2026-04-26 03:40:00;sin_act_cocina_comedor;0;0.298;0.193;0.229;43;43;43;0;27;27;27;0;159.495;157.111;159.804;0;0;0;0;0;0;1;23;1
2026-04-26 03:40:30;sin_act_cocina_comedor;0;0.363;0.217;0.222;43;43;43;0;27;27;27;0;156.579;68.96;160.009;0;0;0;0;0;0;0;26;1
2026-04-26 03:41:00;sin_act_cocina_comedor;0;0.284;0.232;0.232;43;43;43;0;27;27;27;0;63.935;63.935;174.278;0;0;0;0;0;0;1;25;1
2026-04-26 03:41:30;sin_act_cocina_comedor;0.312;0.312;0.192;0.231;43;43;43;0;27;27;27;0;70.229;63.832;159.855;0;0;0;0;0;0;1;30;1
2026-04-26 03:42:00;sin_act_cocina_comedor;0;0.304;0.215;0.238;43;43;43;0;27;27;27;0;155.791;64.295;159.924;1;8;1;0;0;0;1;20;1
2026-04-26 03:42:30;sin_act_cocina_comedor;0;0.337;0.193;0.222;43;43;43;0;27;27;27;0;159.358;69.286;159.821;1;30;1;0;0;0;1;25;1
2026-04-26 03:43:00;sin_act_cocina_comedor;0;0.288;0.202;0.224;43;43;43;0;27;27;27;0;158.895;68.857;159.444;0;12;1;0;0;0;1;19;1
2026-04-26 03:43:30;sin_act_cocina_comedor;0;0.31;0.194;0.228;43;43;43;0;27;27;27;0;159.272;64.364;159.495;0;0;0;0;0;0;0;30;1
2026-04-26 03:44:00;sin_act_cocina_comedor;0.281;0.303;0.187;0.211;43;43;43;0;27;27;27;0;159.392;64.364;164.451;0;0;0;0;0;0;1;26;1
2026-04-26 03:44:30;sin_act_cocina_comedor;0.266;0.321;0.202;0.262;43;43;43;0;27;27;27;0;70.658;67.965;160.215;0;0;0;0;0;0;1;24;1
2026-04-26 03:45:00;sin_act_cocina_comedor;0.265;0.299;0.212;0.249;43;43;43;0;27;27;27;0;159.495;68.96;177.125;0;0;0;0;0;0;1;24;1
2026-04-26 03:45:30;sin_act_cocina_comedor;0.263;0.305;0.19;0.237;43;43;43;0;27;27;27;0;155.345;47.008;186.541;0;0;0;0;0;0;1;25;1
2026-04-26 03:46:00;sin_act_cocina_comedor;0.276;0.296;0.215;0.24;43;43;43;0;27;27;27;0;159.341;64.312;159.872;0;0;0;0;0;0;1;21;1
2026-04-26 03:46:30;sin_act_cocina_comedor;0;0.301;0.224;0.248;43;43;43;0;27;27;27;0;159.958;64.724;173.249;0;0;0;0;0;0;1;26;1
2026-04-26 03:47:00;sin_act_cocina_comedor;0.286;0.312;0.196;0.253;43;43;43;0;27;27;27;0;159.478;64.364;159.821;0;0;0;0;0;0;0;24;1
2026-04-26 03:47:30;sin_act_cocina_comedor;0.275;0.301;0.204;0.238;43;43;43;0;27;27;27;0;161.862;59.682;166.938;0;0;0;0;0;0;1;28;1
2026-04-26 03:48:00;sin_act_cocina_comedor;0.272;0.351;0.218;0.234;43;43;43;0;27;27;27;0;159.821;109.211;202.284;0;0;0;0;0;0;1;21;1
2026-04-26 03:48:30;sin_act_cocina_comedor;0;0.332;0.219;0.265;43;43;43;0;27;27;27;0;159.341;65.204;159.855;0;0;0;0;0;0;1;30;1
2026-04-26 03:49:00;sin_act_cocina_comedor;0.27;0.287;0.224;0.243;43;43;43;0;27;27;27;0;159.392;68.943;159.907;0;0;0;0;0;0;1;30;1
2026-04-26 03:49:30;sin_act_cocina_comedor;0.268;0.305;0.205;0.238;43;43;43;0;27;27;27;0;159.598;64.415;159.821;0;0;0;0;0;0;0;20;1
2026-04-26 03:50:00;sin_act_cocina_comedor;0.268;0.317;0.199;0.233;43;43;43;0;27;27;27;0;159.872;64.312;181.224;0;0;0;0;0;0;1;24;1
2026-04-26 03:50:30;sin_act_cocina_comedor;0.274;0.305;0.177;0.233;43;43;43;0;27;27;27;0;158.963;69.355;162.153;0;0;0;0;0;0;1;30;1
2026-04-26 03:51:00;sin_act_cocina_comedor;0.285;0.343;0.173;0.22;43;43;43;0;27;27;27;0;159.444;64.741;164.383;0;0;0;0;0;0;1;24;1
2026-04-26 03:51:30;sin_act_cocina_comedor;0.284;0.284;0.203;0.222;43;43;43;0;27;27;27;0;159.855;64.21;229.827;0;0;0;0;0;0;1;21;1
2026-04-26 03:52:00;sin_act_cocina_comedor;0.279;0.345;0.192;0.238;43;43;43;0;27;27;27;0;108.268;63.472;159.838;0;0;0;0;0;0;0;24;1
2026-04-26 03:52:30;sin_act_cocina_comedor;0.279;0.307;0.186;0.22;43;43;43;0;27;27;27;0;159.821;64.776;160.25;0;0;0;0;0;0;1;25;1
2026-04-26 03:53:00;sin_act_cocina_comedor;0.297;0.301;0.186;0.214;43;43;43;0;27;27;27;0;159.341;68.446;159.821;0;0;0;0;0;0;1;25;1
2026-04-26 03:53:30;sin_act_cocina_comedor;0.27;0.365;0.268;0.286;43;43;43;0;27;27;27;0;159.289;68.96;159.838;0;0;0;0;0;0;0;30;1
2026-04-26 03:54:00;sin_act_cocina_comedor;0;0.293;0.179;0.268;43;43;43;0;27;27;27;0;146.169;64.776;161.296;0;0;0;0;0;0;1;25;1
2026-04-26 03:54:30;sin_act_cocina_comedor;0.285;0.304;0.184;0.261;43;43;43;0;27;27;27;0;159.392;64.793;187.81;0;0;0;0;0;0;1;24;1
2026-04-26 03:55:00;sin_act_cocina_comedor;0.303;0.316;0.187;0.219;42.466667;42;43;0.507416;27;27;27;0;159.444;64.381;191.068;0;0;0;0;0;0;1;25;1
2026-04-26 03:55:30;sin_act_cocina_comedor;0.284;0.305;0.183;0.226;42;42;42;0;27;27;27;0;159.341;68.086;159.872;0;0;0;0;0;0;1;26;1
2026-04-26 03:56:00;sin_act_cocina_comedor;0.269;0.296;0.188;0.237;42;42;42;0;27;27;27;0;159.289;44.041;177.468;0;0;0;0;0;0;1;29;1
2026-04-26 03:56:30;sin_act_cocina_comedor;0.265;0.306;0.229;0.229;42;42;42;0;27;27;27;0;159.289;68.977;175.17;0;0;0;0;0;0;1;30;1
2026-04-26 03:57:00;sin_act_cocina_comedor;0.269;0.304;0.191;0.229;42;42;42;0;27;27;27;0;159.409;64.861;164.143;0;0;0;0;0;0;0;30;1
2026-04-26 03:57:30;sin_act_cocina_comedor;0.299;0.315;0.203;0.24;42;42;42;0;27;27;27;0;69.355;61.586;177.623;0;0;0;0;0;0;1;22;1
2026-04-26 03:58:00;sin_act_cocina_comedor;0.288;0.304;0.193;0.225;42;42;42;0;27;27;27;0;159.324;68.926;159.752;0;0;0;0;0;0;1;22;1
2026-04-26 03:58:30;sin_act_cocina_comedor;0.291;0.323;0.19;0.23;42;42;42;0;27;27;27;0;159.752;68.943;159.804;0;0;0;0;0;0;1;25;1
2026-04-26 03:59:00;sin_act_cocina_comedor;0.281;0.314;0;0.226;42;42;42;0;27;27;27;0;159.375;64.776;160.13;0;0;0;0;0;0;1;3;1
2026-04-26 03:59:30;sin_act_cocina_comedor;0.266;0.33;0;0.23;42;42;42;0;27;27;27;0;156.528;69.818;159.821;0;0;0;0;0;0;1;22;1
2026-04-26 04:00:00;sin_act_cocina_comedor;0;0.345;0.2;0.229;42;42;42;0;27;27;27;0;159.341;47.986;159.769;1;10;1;0;0;0;1;28;1
2026-04-26 04:00:30;sin_act_cocina_comedor;0.274;0.345;0.197;0.226;42;42;42;0;27.633333;27;28;0.490133;159.324;64.364;159.752;1;30;1;0;0;0;1;27;1
2026-04-26 04:01:00;sin_act_cocina_comedor;0.269;0.319;0.175;0.21;42;42;42;0;27.4;27;28;0.498273;159.289;64.347;159.426;0;16;1;0;0;0;1;25;1
2026-04-26 04:01:30;sin_act_cocina_comedor;0.294;0.309;0.203;0.228;42;42;42;0;27;27;27;0;159.341;64.33;161.759;0;0;0;0;0;0;1;23;1
2026-04-26 04:02:00;sin_act_cocina_comedor;0.28;0.307;0.185;0.215;42;42;42;0;27.9;27;28;0.305129;159.804;68.411;159.804;0;0;0;0;0;0;1;27;1
2026-04-26 04:02:30;sin_act_cocina_comedor;0.263;0.35;0.19;0.208;42;42;42;0;27.3;27;28;0.466092;137.457;63.935;160.13;0;0;0;0;0;0;0;25;1
2026-04-26 04:03:00;sin_act_cocina_comedor;0.263;0.343;0.195;0.229;42;42;42;0;28;28;28;0;68.823;68.823;160.147;0;0;0;0;0;0;1;26;1
2026-04-26 04:03:30;sin_act_cocina_comedor;0.265;0.356;0.188;0.222;42;42;42;0;28;28;28;0;156.597;64.776;171.397;0;0;0;0;0;0;1;20;1
2026-04-26 04:04:00;sin_act_cocina_comedor;0;0.307;0.194;0.207;42;42;42;0;27.266667;27;28;0.449776;159.392;63.884;159.889;0;0;0;0;0;0;1;25;1
2026-04-26 04:04:30;sin_act_cocina_comedor;0.267;0.31;0.189;0.238;42;42;42;0;27;27;27;0;159.341;64.312;159.804;0;0;0;0;0;0;1;29;1
2026-04-26 04:05:00;sin_act_cocina_comedor;0;0.299;0.199;0.237;42;42;42;0;27;27;27;0;159.324;69.783;161.639;0;0;0;0;0;0;1;26;1
2026-04-26 04:05:30;sin_act_cocina_comedor;0;0.295;0.21;0.229;42;42;42;0;27;27;27;0;159.341;68.514;159.821;0;0;0;0;0;0;1;24;1
2026-04-26 04:06:00;sin_act_cocina_comedor;0.268;0.301;0.206;0.217;42;42;42;0;27;27;27;0;159.409;155.671;159.838;0;0;0;0;0;0;1;21;1
2026-04-26 04:06:30;sin_act_cocina_comedor;0;0.292;0.19;0.219;42;42;42;0;27;27;27;0;159.358;65.17;160.164;0;0;0;0;0;0;1;29;1
2026-04-26 04:07:00;sin_act_cocina_comedor;0.27;0.307;0.188;0.22;42;42;42;0;27;27;27;0;159.392;154.95;159.872;0;0;0;0;0;0;1;30;1
2026-04-26 04:07:30;sin_act_cocina_comedor;0.302;0.302;0.187;0.216;42;42;42;0;27;27;27;0;159.358;69.457;159.804;0;0;0;0;0;0;1;30;1
2026-04-26 04:08:00;sin_act_cocina_comedor;0.312;0.312;0.197;0.209;42;42;42;0;27;27;27;0;159.444;64.364;175.324;0;0;0;0;0;0;1;30;1
2026-04-26 04:08:30;sin_act_cocina_comedor;0.264;0.301;0.186;0.216;42;42;42;0;27;27;27;0;159.392;63.884;163.542;0;0;0;0;0;0;1;30;1
2026-04-26 04:09:00;sin_act_cocina_comedor;0.305;0.315;0.207;0.212;42;42;42;0;27;27;27;0;159.855;64.844;159.855;0;0;0;0;0;0;1;30;1
2026-04-26 04:09:30;sin_act_cocina_comedor;0.281;0.314;0.182;0.223;42;42;42;0;27;27;27;0;159.392;65.53;159.855;0;0;0;0;0;0;1;30;1
2026-04-26 04:10:00;sin_act_cocina_comedor;0;0.334;0.204;0.215;42;42;42;0;27;27;27;0;69.783;64.312;159.855;0;0;0;0;0;0;1;30;1
2026-04-26 04:10:30;sin_act_cocina_comedor;0.274;0.298;0.21;0.255;42;42;42;0;27;27;27;0;68.514;64.724;168.687;0;0;0;0;0;0;1;11;1
2026-04-26 04:11:00;sin_act_cocina_comedor;0.272;0.319;0.244;0.244;42;42;42;0;27;27;27;0;156.991;64.793;159.855;0;0;0;0;0;0;1;29;1
2026-04-26 04:11:30;sin_act_cocina_comedor;0.274;0.306;0.204;0.239;42;42;42;0;27;27;27;0;68.943;64.312;166.406;0;0;0;0;0;0;1;30;1
2026-04-26 04:12:00;sin_act_cocina_comedor;0;0.316;0.233;0.233;42;42;42;0;27;27;27;0;159.324;61.671;159.872;0;0;0;0;0;0;1;30;1
2026-04-26 04:12:30;sin_act_cocina_comedor;0.294;0.301;0.195;0.229;42;42;42;0;27;27;27;0;159.838;63.884;159.838;0;0;0;0;0;0;0;30;1
2026-04-26 04:13:00;sin_act_cocina_comedor;0;0.305;0.218;0.229;42;42;42;0;27;27;27;0;159.324;64.364;159.838;0;0;0;0;0;0;1;30;1
2026-04-26 04:13:30;sin_act_cocina_comedor;0.269;0.3;0.18;0.22;42;42;42;0;27;27;27;0;68.549;64.312;159.855;0;0;0;0;0;0;1;30;1
2026-04-26 04:14:00;sin_act_cocina_comedor;0;0.282;0.194;0.216;42;42;42;0;27;27;27;0;156.151;64.415;176.628;0;0;0;0;0;0;1;30;1
2026-04-26 04:14:30;sin_act_cocina_comedor;0.276;0.298;0.196;0.213;42;42;42;0;27;27;27;0;158.963;63.901;160.713;0;0;0;0;0;0;1;30;1
2026-04-26 04:15:00;sin_act_cocina_comedor;0.262;0.293;0.184;0.214;42;42;42;0;27;27;27;0;159.409;64.21;159.838;0;0;0;0;0;0;0;30;1
2026-04-26 04:15:30;sin_act_cocina_comedor;0.263;0.3;0.197;0.21;42;42;42;0;27;27;27;0;159.409;64.827;168.001;0;0;0;0;0;0;1;30;1
2026-04-26 04:16:00;sin_act_cocina_comedor;0.284;0.315;0.196;0.226;42;42;42;0;27;27;27;0;156.151;64.312;161.793;0;0;0;0;0;0;1;30;1
2026-04-26 04:16:30;sin_act_cocina_comedor;0.266;0.298;0.19;0.224;42;42;42;0;27;27;27;0;159.392;64.364;159.838;0;0;0;0;0;0;1;26;1
2026-04-26 04:17:00;sin_act_cocina_comedor;0;0.29;0.188;0.213;42;42;42;0;27;27;27;0;64.776;64.776;160.147;0;0;0;0;0;0;1;29;1
2026-04-26 04:17:30;sin_act_cocina_comedor;0.287;0.289;0.193;0.229;42;42;42;0;27;27;27;0;159.478;64.261;159.855;0;0;0;0;0;0;0;25;1
2026-04-26 04:18:00;sin_act_cocina_comedor;0.269;0.284;0.185;0.21;42;42;42;0;27;27;27;0;155.791;65.273;159.872;0;0;0;0;0;0;1;25;1
2026-04-26 04:18:30;sin_act_cocina_comedor;0.291;0.319;0.209;0.209;42;42;42;0;27;27;27;0;159.941;64.741;162.033;0;0;0;0;0;0;1;30;1
2026-04-26 04:19:00;sin_act_cocina_comedor;0.272;0.307;0.201;0.219;42;42;42;0;27;27;27;0;159.375;68.446;163.422;0;0;0;0;0;0;1;25;1
2026-04-26 04:19:30;sin_act_cocina_comedor;0.264;0.288;0.19;0.219;42;42;42;0;27;27;27;0;159.838;64.741;159.838;0;0;0;0;0;0;1;24;1
2026-04-26 04:20:00;sin_act_cocina_comedor;0.311;0.311;0.182;0.212;42;42;42;0;27;27;27;0;57.864;57.864;159.872;0;0;0;0;0;0;0;29;1
2026-04-26 04:20:30;sin_act_cocina_comedor;0;0.308;0.177;0.208;42;42;42;0;27;27;27;0;159.015;51.484;162.736;0;0;0;0;0;0;1;20;1
2026-04-26 04:21:00;sin_act_cocina_comedor;0;0.289;0.182;0.222;42;42;42;0;27;27;27;0;159.804;64.364;176.13;0;0;0;0;0;0;1;25;1
2026-04-26 04:21:30;sin_act_cocina_comedor;0;0.293;0.179;0.217;42;42;42;0;27;27;27;0;159.426;70.246;183.779;0;0;0;0;0;0;1;30;1
2026-04-26 04:22:00;sin_act_cocina_comedor;0;0.324;0.205;0.216;42;42;42;0;27;27;27;0;156.923;41.572;160.164;0;0;0;0;0;0;1;24;1
2026-04-26 04:22:30;sin_act_cocina_comedor;0;0.354;0.193;0.231;42;42;42;0;27;27;27;0;70.658;64.364;160.25;0;0;0;0;0;0;1;25;1
2026-04-26 04:23:00;sin_act_cocina_comedor;0;0.29;0.179;0.221;42;42;42;0;27;27;27;0;159.769;64.364;160.25;0;0;0;0;0;0;1;26;1
2026-04-26 04:23:30;sin_act_cocina_comedor;0.265;0.336;0.191;0.218;42;42;42;0;27;27;27;0;159.444;53.302;162.582;0;0;0;0;0;0;0;25;1
2026-04-26 04:24:00;sin_act_cocina_comedor;0;0.293;0.199;0.221;42.566667;42;43;0.504007;27;27;27;0;159.752;64.364;159.821;0;0;0;0;0;0;1;24;1
2026-04-26 04:24:30;sin_act_cocina_comedor;0;0.299;0.199;0.227;43;43;43;0;27;27;27;0;159.718;64.347;159.872;0;0;0;0;0;0;1;30;1
2026-04-26 04:25:00;sin_act_cocina_comedor;0;0.281;0;0.209;43;43;43;0;27;27;27;0;161.639;68.514;161.639;0;0;0;0;0;0;1;25;1
2026-04-26 04:25:30;sin_act_cocina_comedor;0.282;0.289;0.217;0.217;43;43;43;0;27;27;27;0;159.358;68.12;161.639;0;0;0;0;0;0;1;26;1
2026-04-26 04:26:00;sin_act_cocina_comedor;0;0.284;0;0.204;43;43;43;0;27;27;27;0;68.017;59.768;180.435;0;0;0;0;0;0;0;25;1
2026-04-26 04:26:30;sin_act_cocina_comedor;0;0.275;0.195;0.202;43;43;43;0;27;27;27;0;155.328;64.724;194.584;0;0;0;0;0;0;1;25;1
2026-04-26 04:27:00;sin_act_cocina_comedor;0;0.316;0.181;0.202;43;43;43;0;27;27;27;0;159.838;65.221;159.838;0;0;0;0;0;0;1;23;1
2026-04-26 04:27:30;sin_act_cocina_comedor;0;0.301;0.173;0.218;43;43;43;0;27;27;27;0;69.389;64.295;178.531;0;0;0;0;0;0;1;25;1
2026-04-26 04:28:00;sin_act_cocina_comedor;0;0.283;0;0.221;43;43;43;0;27;27;27;0;159.392;39.737;159.872;0;0;0;0;0;0;1;25;1
2026-04-26 04:28:30;sin_act_cocina_comedor;0.295;0.318;0.178;0.199;43;43;43;0;27;27;27;0;159.701;64.312;160.25;0;0;0;0;0;0;1;25;1
2026-04-26 04:29:00;sin_act_cocina_comedor;0;0.331;0.185;0.207;43;43;43;0;27;27;27;0;159.769;63.935;159.821;0;0;0;0;0;0;1;25;1
2026-04-26 04:29:30;sin_act_cocina_comedor;0;0.293;0.185;0.22;43;43;43;0;27;27;27;0;156.099;65.221;177.485;0;0;0;0;0;0;0;18;1
2026-04-26 04:30:00;sin_act_cocina_comedor;0;0.322;0.182;0.217;43;43;43;0;27;27;27;0;69.783;64.038;159.855;0;0;0;0;0;0;1;25;1
2026-04-26 04:30:30;sin_act_cocina_comedor;0;0.345;0.218;0.224;43;43;43;0;27;27;27;0;159.838;68.017;176.508;0;0;0;0;0;0;1;24;1
2026-04-26 04:31:00;sin_act_cocina_comedor;0.262;0.321;0.183;0.219;43;43;43;0;27;27;27;0;70.212;64.312;177.708;0;0;0;0;0;0;1;30;1
2026-04-26 04:31:30;sin_act_cocina_comedor;0.272;0.32;0.218;0.224;43;43;43;0;27;27;27;0;159.461;64.364;163.285;0;0;0;0;0;0;1;30;1
2026-04-26 04:32:00;sin_act_cocina_comedor;0.271;0.309;0.182;0.218;43;43;43;0;27;27;27;0;159.889;68.943;159.889;0;0;0;0;0;0;0;23;1
2026-04-26 04:32:30;sin_act_cocina_comedor;0;0.299;0.2;0.207;43;43;43;0;27;27;27;0;159.872;59.785;178.583;0;0;0;0;0;0;1;27;1
2026-04-26 04:33:00;sin_act_cocina_comedor;0.263;0.3;0.189;0.22;43;43;43;0;27;27;27;0;159.392;63.935;159.872;0;0;0;0;0;0;1;20;1
2026-04-26 04:33:30;sin_act_cocina_comedor;0.309;0.309;0.19;0.21;43;43;43;0;27;27;27;0;156.271;65.153;159.838;0;0;0;0;0;0;1;25;1
2026-04-26 04:34:00;sin_act_cocina_comedor;0.265;0.289;0.191;0.207;43;43;43;0;27;27;27;0;156.236;63.935;159.924;0;0;0;0;0;0;1;24;1
2026-04-26 04:34:30;sin_act_cocina_comedor;0.28;0.298;0.184;0.21;43;43;43;0;27;27;27;0;159.787;64.776;200.947;0;0;0;0;0;0;0;24;1
2026-04-26 04:35:00;sin_act_cocina_comedor;0;0.287;0;0.214;43;43;43;0;27;27;27;0;159.426;64.312;160.267;0;0;0;0;0;0;1;26;1
2026-04-26 04:35:30;sin_act_cocina_comedor;0.277;0.328;0.177;0.209;43.733333;43;44;0.449776;27;27;27;0;159.444;64.793;161.57;0;0;0;0;0;0;1;25;1
2026-04-26 04:36:00;sin_act_cocina_comedor;0.281;0.304;0.183;0.208;44;44;44;0;27;27;27;0;157.025;65.204;167.367;0;0;0;0;0;0;1;20;1
2026-04-26 04:36:30;sin_act_cocina_comedor;0.267;0.342;0.223;0.227;44;44;44;0;27;27;27;0;159.718;64.776;160.267;0;0;0;0;0;0;0;25;1
2026-04-26 04:37:00;sin_act_cocina_comedor;0.314;0.314;0.193;0.213;44;44;44;0;27;27;27;0;69.389;64.776;159.804;0;0;0;0;0;0;1;30;1
2026-04-26 04:37:30;sin_act_cocina_comedor;0.296;0.296;0.189;0.222;44;44;44;0;27;27;27;0;159.838;64.261;159.838;0;0;0;0;0;0;1;25;1
2026-04-26 04:38:00;sin_act_cocina_comedor;0;0.294;0;0.217;44;44;44;0;27;27;27;0;159.718;64.312;159.872;0;0;0;0;0;0;1;26;1
2026-04-26 04:38:30;sin_act_cocina_comedor;0.299;0.304;0.221;0.221;44;44;44;0;27;27;27;0;159.821;63.935;159.872;0;0;0;0;0;0;1;24;1
2026-04-26 04:39:00;sin_act_cocina_comedor;0.276;0.316;0.176;0.221;44;44;44;0;27;27;27;0;159.804;64.793;179.852;0;0;0;0;0;0;1;25;1
2026-04-26 04:39:30;sin_act_cocina_comedor;0;0.29;0.195;0.21;44;44;44;0;27;27;27;0;156.065;43.647;198.923;0;0;0;0;0;0;0;29;1
2026-04-26 04:40:00;sin_act_cocina_comedor;0;0.3;0;0.198;44;44;44;0;27;27;27;0;160.301;40.937;160.301;0;0;0;0;0;0;1;20;1
2026-04-26 04:40:30;sin_act_cocina_comedor;0.268;0.34;0.19;0.196;44;44;44;0;27;27;27;0;155.259;67.691;180.812;0;0;0;0;0;0;0;30;1
2026-04-26 04:41:00;sin_act_cocina_comedor;0;0.277;0.197;0.201;44;44;44;0;27;27;27;0;155.328;63.884;159.752;0;0;0;0;0;0;1;25;1
2026-04-26 04:41:30;sin_act_cocina_comedor;0;0.299;0;0.238;44;44;44;0;27;27;27;0;156.219;63.987;159.838;0;0;0;0;0;0;1;26;1
2026-04-26 04:42:00;sin_act_cocina_comedor;0;0.312;0.2;0.201;44;44;44;0;27;27;27;0;155.722;69.355;160.627;0;0;0;0;0;0;0;23;1
2026-04-26 04:42:30;sin_act_cocina_comedor;0;0.279;0.187;0.22;44;44;44;0;27;27;27;0;156.425;64.827;159.838;0;0;0;0;0;0;1;25;1
2026-04-26 04:43:00;sin_act_cocina_comedor;0;0.324;0.193;0.209;44;44;44;0;27;27;27;0;159.392;64.69;159.444;0;0;0;0;0;0;0;30;1
2026-04-26 04:43:30;sin_act_cocina_comedor;0.282;0.311;0.191;0.229;44;44;44;0;27;27;27;0;159.804;50.335;159.838;0;0;0;0;0;0;1;22;1
2026-04-26 04:44:00;sin_act_cocina_comedor;0;0.29;0.201;0.219;44;44;44;0;27;27;27;0;65.204;64.415;159.769;0;0;0;0;0;0;1;28;1
2026-04-26 04:44:30;sin_act_cocina_comedor;0;0.317;0.186;0.226;44;44;44;0;27;27;27;0;131.712;65.17;186.678;0;0;0;0;0;0;1;25;1
2026-04-26 04:45:00;sin_act_cocina_comedor;0.263;0.389;0.191;0.222;44;44;44;0;27;27;27;0;159.375;64.312;159.769;0;0;0;0;0;0;1;22;1
2026-04-26 04:45:30;sin_act_cocina_comedor;0.263;0.319;0.214;0.22;44;44;44;0;27;27;27;0;155.362;64.844;160.232;0;0;0;0;0;0;1;23;1
2026-04-26 04:46:00;sin_act_cocina_comedor;0.271;0.286;0.202;0.206;44;44;44;0;27;27;27;0;71.052;69.818;165.566;0;0;0;0;0;0;0;30;1
2026-04-26 04:46:30;sin_act_cocina_comedor;0.27;0.315;0.189;0.219;44;44;44;0;27;27;27;0;159.426;65.256;184.637;0;0;0;0;0;0;1;25;1
2026-04-26 04:47:00;sin_act_cocina_comedor;0;0.29;0.198;0.228;44;44;44;0;27;27;27;0;159.838;110.823;159.838;0;0;0;0;0;0;1;25;1
2026-04-26 04:47:30;sin_act_cocina_comedor;0;0.287;0.209;0.223;44;44;44;0;27;27;27;0;159.392;69.818;183.934;0;0;0;0;0;0;1;25;1
2026-04-26 04:48:00;sin_act_cocina_comedor;0.27;0.336;0.188;0.219;44;44;44;0;27;27;27;0;159.392;68.549;159.444;0;0;0;0;0;0;1;28;1
2026-04-26 04:48:30;sin_act_cocina_comedor;0;0.329;0.201;0.23;44;44;44;0;27;27;27;0;159.289;109.125;159.821;1;20;1;0;0;0;1;22;1
2026-04-26 04:49:00;sin_act_cocina_comedor;0.268;0.288;0.194;0.224;44;44;44;0;27;27;27;0;93.639;42.24;159.598;1;30;1;0;0;0;1;30;1
2026-04-26 04:49:30;sin_act_cocina_comedor;0.266;0.31;0.185;0.22;44;44;44;0;27;27;27;0;93.913;66.319;93.913;1;30;1;0;0;0;1;23;1
2026-04-26 04:50:00;sin_act_cocina_comedor;0.285;0.302;0.197;0.231;44;44;44;0;27;27;27;0;155.688;91.049;156.031;1;30;1;0;0;0;1;24;1
2026-04-26 04:50:30;sin_act_cocina_comedor;0;0.297;0.179;0.214;44;44;44;0;27;27;27;0;99.47;29.91;159.735;1;29;1;0;7;1;1;22;1
2026-04-26 04:51:00;sin_act_cocina_comedor;0;0.315;0.217;0.234;44;44;44;0;27;27;27;0;159.341;43.201;192.612;1;30;1;0;0;0;1;28;1
2026-04-26 04:51:30;sin_act_cocina_comedor;0;0.289;0.179;0.214;44;44;44;0;27;27;27;0;159.289;67.965;159.838;1;30;1;0;0;0;1;27;1
2026-04-26 04:52:00;sin_act_cocina_comedor;0.267;0.3;0.207;0.207;44;44;44;0;27;27;27;0;156.579;64.364;159.821;0;18;1;0;0;0;0;30;1
2026-04-26 04:52:30;sin_act_cocina_comedor;0.28;0.323;0.197;0.222;44;44;44;0;27;27;27;0;159.392;63.901;163.319;0;0;0;0;0;0;1;24;1
2026-04-26 04:53:00;sin_act_cocina_comedor;0;0.345;0.181;0.202;44;44;44;0;27;27;27;0;157.506;64.415;200.089;0;0;0;0;0;0;1;30;1
2026-04-26 04:53:30;sin_act_cocina_comedor;0.302;0.302;0.202;0.209;44;44;44;0;27;27;27;0;159.872;69.252;176.233;0;0;0;0;0;0;1;25;1
2026-04-26 04:54:00;sin_act_cocina_comedor;0;0.293;0.197;0.228;44;44;44;0;27;27;27;0;68.103;64.415;159.889;0;0;0;0;0;0;1;29;1
2026-04-26 04:54:30;sin_act_cocina_comedor;0.273;0.294;0.199;0.202;44;44;44;0;27;27;27;0;155.791;42.789;159.889;0;0;0;0;0;0;1;26;1
2026-04-26 04:55:00;sin_act_cocina_comedor;0.271;0.297;0.191;0.214;44;44;44;0;27;27;27;0;159.426;68.874;159.872;0;0;0;0;0;0;0;25;1
2026-04-26 04:55:30;sin_act_cocina_comedor;0;0.326;0.209;0.209;44;44;44;0;27;27;27;0;159.752;63.935;161.725;0;0;0;0;0;0;0;25;1
2026-04-26 04:56:00;sin_act_cocina_comedor;0.274;0.331;0.204;0.212;44;44;44;0;27;27;27;0;159.409;64.398;161.467;0;0;0;0;0;0;1;30;1
2026-04-26 04:56:30;sin_act_cocina_comedor;0.313;0.313;0.189;0.211;44;44;44;0;27;27;27;0;159.804;64.244;159.907;0;0;0;0;0;0;1;25;1
2026-04-26 04:57:00;sin_act_cocina_comedor;0.276;0.316;0.196;0.241;44;44;44;0;27;27;27;0;159.392;65.187;159.872;0;0;0;0;0;0;1;20;1
2026-04-26 04:57:30;sin_act_cocina_comedor;0.267;0.306;0.195;0.206;44;44;44;0;27;27;27;0;159.392;64.793;159.975;0;0;0;0;0;0;0;30;1
2026-04-26 04:58:00;sin_act_cocina_comedor;0.278;0.306;0.216;0.235;44;44;44;0;27;27;27;0;159.855;64.793;159.924;0;0;0;0;0;0;1;25;1
2026-04-26 04:58:30;sin_act_cocina_comedor;0.269;0.322;0.2;0.241;44;44;44;0;27;27;27;0;159.426;68.874;175.547;0;0;0;0;0;0;1;30;1
2026-04-26 04:59:00;sin_act_cocina_comedor;0.277;0.297;0.219;0.219;44;44;44;0;27;27;27;0;159.392;41.143;174.536;0;0;0;0;0;0;1;30;1
2026-04-26 04:59:30;sin_act_cocina_comedor;0;0.325;0.179;0.222;44;44;44;0;27;27;27;0;159.941;68.977;159.975;0;0;0;0;0;0;1;30;1
2026-04-26 05:00:00;sin_act_cocina_comedor;0;0.306;0.198;0.216;44;44;44;0;27;27;27;0;159.392;64.415;159.924;0;0;0;0;0;0;0;20;1
2026-04-26 05:00:30;sin_act_cocina_comedor;0.277;0.329;0.18;0.238;44;44;44;0;27;27;27;0;159.598;63.849;159.958;0;0;0;0;0;0;1;29;1
2026-04-26 05:01:00;sin_act_cocina_comedor;0;0.294;0.179;0.208;44;44;44;0;27;27;27;0;155.842;64.312;159.872;0;0;0;0;0;0;1;26;1
2026-04-26 05:01:30;sin_act_cocina_comedor;0;0.306;0.181;0.187;44;44;44;0;27;27;27;0;159.872;64.776;159.872;0;0;0;0;0;0;1;25;1
2026-04-26 05:02:00;sin_act_cocina_comedor;0.268;0.304;0.186;0.198;44.421053;44;45;0.507257;27;27;27;0;159.907;64.312;159.907;0;0;0;0;0;0;1;30;1
2026-04-26 05:02:30;sin_act_cocina_comedor;0;0.309;0.191;0.202;45;45;45;0;27;27;27;0;159.907;63.987;159.941;0;0;0;0;0;0;1;30;1
2026-04-26 05:03:00;sin_act_cocina_comedor;0.295;0.295;0;0.208;45;45;45;0;27;27;27;0;69.355;68.343;159.529;0;0;0;0;0;0;1;27;1
2026-04-26 05:03:30;sin_act_cocina_comedor;0.283;0.304;0.175;0.221;45;45;45;0;27;27;27;0;156.665;64.844;159.872;0;0;0;0;0;0;1;22;1
2026-04-26 05:04:00;sin_act_cocina_comedor;0.264;0.374;0.206;0.206;45;45;45;0;27;27;27;0;159.495;69.355;159.855;0;0;0;0;0;0;1;25;1
2026-04-26 05:04:30;sin_act_cocina_comedor;0.287;0.287;0.195;0.199;45;45;45;0;27;27;27;0;70.058;64.776;159.958;0;0;0;0;0;0;0;30;1
2026-04-26 05:05:00;sin_act_cocina_comedor;0;0.307;0;0.182;45;45;45;0;27;27;27;0;159.821;63.404;159.838;0;0;0;0;0;0;0;30;1
2026-04-26 05:05:30;sin_act_cocina_comedor;0;0.308;0.185;0.207;45;45;45;0;27;27;27;0;159.392;69.355;198.58;0;0;0;0;0;0;1;30;1
2026-04-26 05:06:00;sin_act_cocina_comedor;0.269;0.294;0;0.206;45;45;45;0;27;27;27;0;159.392;64.312;179.097;0;0;0;0;0;0;1;30;1
2026-04-26 05:06:30;sin_act_cocina_comedor;0;0.297;0;0.197;45;45;45;0;27;27;27;0;159.975;34.969;159.975;0;0;0;0;0;0;1;30;1
2026-04-26 05:07:00;sin_act_cocina_comedor;0;0.291;0.179;0.203;45;45;45;0;27;27;27;0;159.598;63.935;160.335;0;0;0;0;0;0;1;25;1
2026-04-26 05:07:30;sin_act_cocina_comedor;0.263;0.303;0;0.219;45;45;45;0;27;27;27;0;152.566;64.364;159.598;0;0;0;0;0;0;0;30;1
2026-04-26 05:08:00;sin_act_cocina_comedor;0;0.295;0;0.217;45;45;45;0;27;27;27;0;155.791;64.347;182.442;0;0;0;0;0;0;1;24;1
2026-04-26 05:08:30;sin_act_cocina_comedor;0;0.296;0;0.205;45;45;45;0;27;27;27;0;156.734;69.389;160.387;0;0;0;0;0;0;1;25;1
2026-04-26 05:09:00;sin_act_cocina_comedor;0.271;0.306;0;0.213;45;45;45;0;27;27;27;0;159.546;68.926;159.941;0;0;0;0;0;0;1;18;1
2026-04-26 05:09:30;sin_act_cocina_comedor;0.269;0.314;0;0.193;45;45;45;0;27;27;27;0;156.254;63.987;160.027;0;0;0;0;0;0;1;25;1
2026-04-26 05:10:00;sin_act_cocina_comedor;0;0.303;0;0.196;45;45;45;0;27;27;27;0;156.751;65.29;179.029;0;0;0;0;0;0;0;25;1
2026-04-26 05:10:30;sin_act_cocina_comedor;0.267;0.299;0.176;0.208;45;45;45;0;27;27;27;0;159.941;65.273;169.168;0;0;0;0;0;0;1;25;1
2026-04-26 05:11:00;sin_act_cocina_comedor;0.276;0.294;0.186;0.229;45;45;45;0;27;27;27;0;159.546;64.312;159.975;0;0;0;0;0;0;1;20;1
2026-04-26 05:11:30;sin_act_cocina_comedor;0.28;0.393;0;0.217;45;45;45;0;27;27;27;0;157.06;68.514;159.907;0;0;0;0;0;0;1;22;1
2026-04-26 05:12:00;sin_act_cocina_comedor;0;0.29;0.194;0.225;45;45;45;0;27;27;27;0;156.322;69.337;162.685;0;0;0;0;0;0;1;23;1
2026-04-26 05:12:30;sin_act_cocina_comedor;0.27;0.294;0;0.219;45;45;45;0;27;27;27;0;159.872;64.844;159.872;0;0;0;0;0;0;0;22;1
2026-04-26 05:13:00;sin_act_cocina_comedor;0;0.324;0.194;0.207;45;45;45;0;27;27;27;0;157.094;78.118;160.335;0;0;0;0;0;0;1;23;1
2026-04-26 05:13:30;sin_act_cocina_comedor;0;0.341;0;0.221;45;45;45;0;27;27;27;0;64.415;64.415;163.457;0;0;0;0;0;0;0;25;1
2026-04-26 05:14:00;sin_act_cocina_comedor;0.282;0.285;0;0.213;45;45;45;0;27;27;27;0;159.495;66.593;159.958;0;0;0;0;0;0;1;26;1
2026-04-26 05:14:30;sin_act_cocina_comedor;0.268;0.312;0;0.208;45;45;45;0;27;27;27;0;170.248;64.724;170.248;0;0;0;0;0;0;1;27;1
2026-04-26 05:15:00;sin_act_cocina_comedor;0.269;0.33;0;0.201;45;45;45;0;27;27;27;0;155.791;64.741;164.143;0;0;0;0;0;0;1;20;1
2026-04-26 05:15:30;sin_act_cocina_comedor;0.278;0.306;0.19;0.211;45;45;45;0;27;27;27;0;159.546;64.295;163.337;0;0;0;0;0;0;1;24;1
2026-04-26 05:16:00;sin_act_cocina_comedor;0.269;0.295;0.174;0.198;45.137931;45;46;0.350931;27;27;27;0;158.946;64.433;163.182;0;0;0;0;0;0;0;30;1
2026-04-26 05:16:30;sin_act_cocina_comedor;0.263;0.31;0.199;0.215;46;46;46;0;27;27;27;0;65.444;64.776;160.352;0;0;0;0;0;0;1;30;1
2026-04-26 05:17:00;sin_act_cocina_comedor;0.271;0.301;0.182;0.214;46;46;46;0;27;27;27;0;68.926;64.724;159.975;0;0;0;0;0;0;1;25;1
2026-04-26 05:17:30;sin_act_cocina_comedor;0;0.345;0;0.206;46;46;46;0;27;27;27;0;64.244;64.244;166.252;0;0;0;0;0;0;1;20;1
2026-04-26 05:18:00;sin_act_cocina_comedor;0;0.3;0;0.209;46;46;46;0;27;27;27;0;156.099;64.844;159.958;0;0;0;0;0;0;1;30;1
2026-04-26 05:18:30;sin_act_cocina_comedor;0.304;0.304;0;0.209;46;46;46;0;27;27;27;0;69.783;64.347;182.819;0;0;0;0;0;0;1;30;1
2026-04-26 05:19:00;sin_act_cocina_comedor;0;0.304;0;0.2;46;46;46;0;27;27;27;0;159.855;64.312;161.159;0;0;0;0;0;0;1;20;1
2026-04-26 05:19:30;sin_act_cocina_comedor;0.262;0.378;0;0.19;46;46;46;0;27;27;27;0;159.924;64.844;165.309;0;0;0;0;0;0;1;30;1
2026-04-26 05:20:00;sin_act_cocina_comedor;0;0.309;0;0.205;46;46;46;0;27;27;27;0;159.924;68.549;159.958;0;0;0;0;0;0;1;25;1
2026-04-26 05:20:30;sin_act_cocina_comedor;0;0.307;0.178;0.206;46;46;46;0;27;27;27;0;159.804;56.286;159.992;0;0;0;0;0;0;1;18;1
2026-04-26 05:21:00;sin_act_cocina_comedor;0.283;0.297;0;0.198;46;46;46;0;27;27;27;0;159.924;68.96;163.988;0;0;0;0;0;0;1;27;1
2026-04-26 05:21:30;sin_act_cocina_comedor;0;0.313;0;0.201;46;46;46;0;27;27;27;0;159.924;64.364;174.398;0;0;0;0;0;0;1;24;1
2026-04-26 05:22:00;sin_act_cocina_comedor;0.28;0.319;0.196;0.2;46;46;46;0;27;27;27;0;159.392;64.415;159.958;0;0;0;0;0;0;0;25;1
2026-04-26 05:22:30;sin_act_cocina_comedor;0;0.277;0.181;0.187;46;46;46;0;27;27;27;0;159.461;63.918;159.872;0;0;0;0;0;0;1;25;1
2026-04-26 05:23:00;sin_act_cocina_comedor;0;0.28;0;0.208;46;46;46;0;27;27;27;0;159.512;64.364;170.214;0;0;0;0;0;0;1;30;1
2026-04-26 05:23:30;sin_act_cocina_comedor;0;0.337;0;0.208;46;46;46;0;27;27;27;0;159.478;68.12;160.009;0;0;0;0;0;0;1;22;1
2026-04-26 05:24:00;sin_act_cocina_comedor;0;0.323;0.184;0.187;46;46;46;0;27;27;27;0;69.355;54.468;172.255;0;0;0;0;0;0;1;28;1
2026-04-26 05:24:30;sin_act_cocina_comedor;0.265;0.348;0;0.2;46;46;46;0;27;27;27;0;69.355;63.901;160.73;0;0;0;0;0;0;0;30;1
2026-04-26 05:25:00;sin_act_cocina_comedor;0.291;0.291;0;0.203;46;46;46;0;27;27;27;0;159.958;64.844;160.027;0;0;0;0;0;0;1;20;1
2026-04-26 05:25:30;sin_act_cocina_comedor;0;0.323;0;0.204;46;46;46;0;27;27;27;0;156.734;64.741;161.382;0;0;0;0;0;0;1;30;1
2026-04-26 05:26:00;sin_act_cocina_comedor;0.263;0.364;0;0.202;46;46;46;0;27;27;27;0;159.975;64.364;160.009;0;0;0;0;0;0;1;25;1
2026-04-26 05:26:30;sin_act_cocina_comedor;0;0.301;0;0.212;46;46;46;0;27;27;27;0;156.219;43.664;160.009;0;0;0;0;0;0;1;30;1
2026-04-26 05:27:00;sin_act_cocina_comedor;0.262;0.29;0.173;0.201;46;46;46;0;27;27;27;0;159.855;64.415;160.009;0;0;0;0;0;0;1;22;1
2026-04-26 05:27:30;sin_act_cocina_comedor;0.264;0.294;0.218;0.218;46;46;46;0;27;27;27;0;159.821;68.394;159.958;0;0;0;0;0;0;1;22;1
2026-04-26 05:28:00;sin_act_cocina_comedor;0.266;0.3;0.18;0.234;46;46;46;0;27;27;27;0;155.791;70.178;160.387;0;0;0;0;0;0;1;20;1
2026-04-26 05:28:30;sin_act_cocina_comedor;0.263;0.29;0.178;0.202;46;46;46;0;27;27;27;0;108.354;64.364;193.109;0;0;0;0;0;0;1;25;1
2026-04-26 05:29:00;sin_act_cocina_comedor;0.262;0.302;0;0.206;46;46;46;0;27;27;27;0;159.546;68.531;160.438;0;0;0;0;0;0;1;20;1
2026-04-26 05:29:30;sin_act_cocina_comedor;0.262;0.303;0.186;0.209;46;46;46;0;27;27;27;0;65.633;65.633;159.958;0;0;0;0;0;0;1;25;1
2026-04-26 05:30:00;sin_act_cocina_comedor;0;0.303;0;0.211;46;46;46;0;27;27;27;0;65.376;64.81;163.217;0;0;0;0;0;0;1;24;1
2026-04-26 05:30:30;sin_act_cocina_comedor;0;0.351;0;0.212;46;46;46;0;27;27;27;0;156.305;64.261;164.005;0;0;0;0;0;0;0;23;1
2026-04-26 05:31:00;sin_act_cocina_comedor;0.311;0.311;0;0.21;46;46;46;0;27;27;27;0;159.461;64.312;170.077;0;0;0;0;0;0;1;30;1
2026-04-26 05:31:30;sin_act_cocina_comedor;0;0.302;0.189;0.211;46;46;46;0;27;27;27;0;68.96;68.96;159.975;0;0;0;0;0;0;0;20;1
2026-04-26 05:32:00;sin_act_cocina_comedor;0.31;0.337;0.201;0.218;46;46;46;0;27;27;27;0;156.734;64.707;159.924;0;0;0;0;0;0;1;30;1
2026-04-26 05:32:30;sin_act_cocina_comedor;0;0.314;0;0.22;46;46;46;0;27;27;27;0;159.975;64.295;179.681;0;0;0;0;0;0;1;25;1
2026-04-26 05:33:00;sin_act_cocina_comedor;0;0.357;0.18;0.202;46;46;46;0;27;27;27;0;156.271;68.857;160.335;0;0;0;0;0;0;1;30;1
2026-04-26 05:33:30;sin_act_cocina_comedor;0.263;0.303;0.177;0.206;46;46;46;0;27;27;27;0;156.219;68.394;159.975;0;0;0;0;0;0;1;22;1
2026-04-26 05:34:00;sin_act_cocina_comedor;0.297;0.306;0.194;0.211;46;46;46;0;27;27;27;0;156.271;64.415;159.924;0;0;0;0;0;0;0;22;1
2026-04-26 05:34:30;sin_act_cocina_comedor;0.279;0.309;0.178;0.221;46;46;46;0;27;27;27;0;155.945;64.741;161.107;0;0;0;0;0;0;1;26;1
2026-04-26 05:35:00;sin_act_cocina_comedor;0;0.356;0.205;0.212;46;46;46;0;27;27;27;0;155.773;68.497;160.13;0;0;0;0;0;0;1;25;1
2026-04-26 05:35:30;sin_act_cocina_comedor;0.268;0.302;0.217;0.233;46;46;46;0;27;27;27;0;65.633;65.633;160.164;0;0;0;0;0;0;1;28;1
2026-04-26 05:36:00;sin_act_cocina_comedor;0.302;0.313;0.219;0.22;46;46;46;0;27;27;27;0;111.355;68.446;159.992;0;0;0;0;0;0;1;22;1
2026-04-26 05:36:30;sin_act_cocina_comedor;0.265;0.313;0.229;0.247;46;46;46;0;27;27;27;0;159.598;111.355;159.975;0;0;0;0;0;0;0;25;1
2026-04-26 05:37:00;sin_act_cocina_comedor;0.286;0.31;0;0.219;46;46;46;0;27;27;27;0;161.347;64.741;161.347;0;0;0;0;0;0;1;30;1
2026-04-26 05:37:30;sin_act_cocina_comedor;0;0.34;0.176;0.22;46;46;46;0;27;27;27;0;159.924;70.641;160.455;0;0;0;0;0;0;1;28;1
2026-04-26 05:38:00;sin_act_cocina_comedor;0;0.296;0.202;0.213;46;46;46;0;27;27;27;0;156.785;109.64;159.992;0;0;0;0;0;0;1;26;1
2026-04-26 05:38:30;sin_act_cocina_comedor;0.272;0.291;0.178;0.212;46;46;46;0;27;27;27;0;159.924;64.827;160.335;0;0;0;0;0;0;1;20;1
2026-04-26 05:39:00;sin_act_cocina_comedor;0.3;0.3;0.19;0.215;46;46;46;0;27;27;27;0;159.495;59.253;159.975;0;0;0;0;0;0;0;26;1
2026-04-26 05:39:30;sin_act_cocina_comedor;0.328;0.328;0.185;0.219;46;46;46;0;27;27;27;0;160.181;64.844;183.076;0;0;0;0;0;0;1;21;1
2026-04-26 05:40:00;sin_act_cocina_comedor;0.261;0.297;0.178;0.208;46;46;46;0;27;27;27;0;156.682;68.857;167.761;0;0;0;0;0;0;1;25;1
2026-04-26 05:40:30;sin_act_cocina_comedor;0;0.291;0;0.199;46;46;46;0;27;27;27;0;159.924;109.211;180.195;0;0;0;0;0;0;1;30;1
2026-04-26 05:41:00;sin_act_cocina_comedor;0;0.293;0.209;0.212;46;46;46;0;27;27;27;0;159.838;70.675;163.405;0;0;0;0;0;0;1;30;1
2026-04-26 05:41:30;sin_act_cocina_comedor;0;0.285;0;0.198;46;46;46;0;27;27;27;0;159.564;64.415;159.958;0;0;0;0;0;0;0;30;1
2026-04-26 05:42:00;sin_act_cocina_comedor;0.291;0.296;0.186;0.208;46;46;46;0;27;27;27;0;155.43;69.783;162.256;0;0;0;0;0;0;1;25;1
2026-04-26 05:42:30;sin_act_cocina_comedor;0.281;0.3;0.192;0.228;46;46;46;0;27;27;27;0;156.322;68.086;160.009;0;0;0;0;0;0;1;29;1
2026-04-26 05:43:00;sin_act_cocina_comedor;0.291;0.298;0.179;0.22;46;46;46;0;27;27;27;0;156.7;69.818;204.102;0;0;0;0;0;0;1;24;1
2026-04-26 05:43:30;sin_act_cocina_comedor;0;0.299;0.21;0.221;46;46;46;0;27;27;27;0;156.408;68.977;181.207;0;0;0;0;0;0;1;26;1
2026-04-26 05:44:00;sin_act_cocina_comedor;0.271;0.333;0.179;0.219;46;46;46;0;27;27;27;0;159.855;65.204;159.924;0;0;0;0;0;0;0;30;1
2026-04-26 05:44:30;sin_act_cocina_comedor;0.272;0.337;0.209;0.216;46;46;46;0;27;27;27;0;159.872;64.776;159.975;0;0;0;0;0;0;1;30;1
2026-04-26 05:45:00;sin_act_cocina_comedor;0.282;0.298;0.193;0.204;46;46;46;0;27;27;27;0;158.226;67.382;160.352;0;0;0;0;0;0;1;26;1
2026-04-26 05:45:30;sin_act_cocina_comedor;0.266;0.292;0.187;0.221;46;46;46;0;27;27;27;0;156.322;61.174;160.027;0;0;0;0;0;0;1;20;1
2026-04-26 05:46:00;sin_act_cocina_comedor;0.279;0.325;0.176;0.217;46;46;46;0;27;27;27;0;159.992;64.415;160.352;0;0;0;0;0;0;1;30;1
2026-04-26 05:46:30;sin_act_cocina_comedor;0.276;0.352;0.189;0.201;46;46;46;0;27;27;27;0;159.992;65.204;170.522;0;0;0;0;0;0;0;25;1
2026-04-26 05:47:00;sin_act_cocina_comedor;0.273;0.323;0;0.203;46;46;46;0;27;27;27;0;159.907;65.736;160.198;0;0;0;0;0;0;1;30;1
2026-04-26 05:47:30;sin_act_cocina_comedor;0.274;0.313;0.177;0.202;46;46;46;0;27;27;27;0;155.808;63.935;159.975;0;0;0;0;0;0;1;20;1
2026-04-26 05:48:00;sin_act_cocina_comedor;0;0.307;0.174;0.21;46;46;46;0;27;27;27;0;159.495;70.212;176.302;0;0;0;0;0;0;1;25;1
2026-04-26 05:48:30;sin_act_cocina_comedor;0;0.285;0;0.204;46;46;46;0;27;27;27;0;63.455;63.455;168.979;0;0;0;0;0;0;1;26;1
2026-04-26 05:49:00;sin_act_cocina_comedor;0.298;0.301;0;0.201;46;46;46;0;27;27;27;0;154.882;69.783;159.924;0;0;0;0;0;0;0;25;1
2026-04-26 05:49:30;sin_act_cocina_comedor;0.264;0.348;0.192;0.219;46;46;46;0;27;27;27;0;156.236;65.582;160.095;0;0;0;0;0;0;1;25;1
2026-04-26 05:50:00;sin_act_cocina_comedor;0.306;0.309;0.182;0.203;46;46;46;0;27;27;27;0;159.529;70.658;180.315;0;0;0;0;0;0;1;25;1
2026-04-26 05:50:30;sin_act_cocina_comedor;0;0.314;0;0.223;46;46;46;0;27;27;27;0;155.842;155.842;160.027;0;0;0;0;0;0;1;25;1
2026-04-26 05:51:00;sin_act_cocina_comedor;0.292;0.309;0.195;0.226;46;46;46;0;27;27;27;0;159.924;64.312;169.391;0;0;0;0;0;0;1;25;1
2026-04-26 05:51:30;sin_act_cocina_comedor;0.283;0.294;0.182;0.223;46;46;46;0;27;27;27;0;69.783;63.884;159.975;0;0;0;0;0;0;1;30;1
2026-04-26 05:52:00;sin_act_cocina_comedor;0.278;0.291;0.192;0.224;46;46;46;0;27;27;27;0;159.512;69.355;159.975;0;0;0;0;0;0;1;30;1
2026-04-26 05:52:30;sin_act_cocina_comedor;0.288;0.296;0.176;0.213;46;46;46;0;27;27;27;0;156.768;68.549;164.674;0;0;0;0;0;0;1;25;1
2026-04-26 05:53:00;sin_act_cocina_comedor;0;0.299;0.196;0.208;46;46;46;0;27;27;27;0;156.734;64.415;159.975;0;0;0;0;0;0;1;25;1
2026-04-26 05:53:30;sin_act_cocina_comedor;0.297;0.3;0.192;0.221;46;46;46;0;27;27;27;0;155.945;125.195;159.958;0;0;0;0;0;0;1;30;1
2026-04-26 05:54:00;sin_act_cocina_comedor;0;0.312;0.211;0.211;46;46;46;0;27;27;27;0;156.339;155.945;159.598;0;0;0;0;0;0;1;30;1
2026-04-26 05:54:30;sin_act_cocina_comedor;0.279;0.323;0.193;0.211;46;46;46;0;27;27;27;0;160.061;155.876;160.061;0;0;0;0;0;0;1;24;1
2026-04-26 05:55:00;sin_act_cocina_comedor;0.281;0.292;0;0.218;46;46;46;0;27;27;27;0;156.768;68.651;160.301;0;0;0;0;0;0;1;7;1
2026-04-26 05:55:30;sin_act_cocina_comedor;0.288;0.313;0.181;0.213;46;46;46;0;27;27;27;0;156.785;64.433;175.805;0;0;0;0;0;0;1;0;0
2026-04-26 05:56:00;sin_act_cocina_comedor;0;0.292;0;0.22;46;46;46;0;27;27;27;0;160.027;69.457;160.078;0;0;0;0;0;0;1;18;1
2026-04-26 05:56:30;sin_act_cocina_comedor;0;0.316;0.181;0.204;46;46;46;0;27;27;27;0;132.878;68.531;160.027;0;0;0;0;0;0;1;27;1
2026-04-26 05:57:00;sin_act_cocina_comedor;0.265;0.301;0;0.219;46.7;46;47;0.466092;27;27;27;0;155.979;64.878;160.044;0;0;0;0;0;0;1;23;1
2026-04-26 05:57:30;sin_act_cocina_comedor;0.274;0.296;0.207;0.224;46.333333;46;47;0.479463;27;27;27;0;156.374;64.415;160.078;0;0;0;0;0;0;1;30;1
2026-04-26 05:58:00;sin_act_cocina_comedor;0;0.293;0.181;0.211;46;46;46;0;27;27;27;0;155.516;30.767;160.13;0;0;0;0;0;0;1;25;1
2026-04-26 05:58:30;sin_act_cocina_comedor;0.266;0.303;0.185;0.233;46;46;46;0;27;27;27;0;160.027;68.497;160.044;0;0;0;0;0;0;0;25;1
2026-04-26 05:59:00;sin_act_cocina_comedor;0.354;0.354;0.186;0.215;46;46;46;0;27;27;27;0;160.009;64.038;182.922;0;0;0;0;0;0;1;30;1
2026-04-26 05:59:30;sin_act_cocina_comedor;0;0.296;0.18;0.232;46;46;46;0;27;27;27;0;156.751;68.977;160.027;0;0;0;0;0;0;0;26;1
2026-04-26 06:00:00;sin_act_cocina_comedor;0.277;0.299;0.196;0.239;46;46;46;0;27;27;27;0;159.598;64.312;162.582;0;0;0;0;0;0;1;23;1
2026-04-26 06:00:30;sin_act_cocina_comedor;0.269;0.331;0.196;0.237;46;46;46;0;27;27;27;0;156.339;70.246;160.027;0;0;0;0;0;0;1;26;1
2026-04-26 06:01:00;sin_act_cocina_comedor;0.308;0.308;0.195;0.222;46;46;46;0;27;27;27;0;160.027;64.364;198.014;0;0;0;0;0;0;1;30;1
2026-04-26 06:01:30;sin_act_cocina_comedor;0;0.308;0.191;0.218;46;46;46;0;27;27;27;0;109.743;65.256;185.563;0;0;0;0;0;0;1;30;1
2026-04-26 06:02:00;sin_act_cocina_comedor;0.267;0.3;0.187;0.226;46;46;46;0;27;27;27;0;159.529;65.204;159.632;0;0;0;0;0;0;0;25;1
2026-04-26 06:02:30;sin_act_cocina_comedor;0.268;0.298;0.177;0.223;46;46;46;0;27;27;27;0;109.743;109.743;179.938;0;0;0;0;0;0;1;20;1
2026-04-26 06:03:00;sin_act_cocina_comedor;0.263;0.3;0.183;0.221;46;46;46;0;26.766667;26;27;0.430183;156.854;109.743;159.667;0;0;0;0;0;0;1;28;1
2026-04-26 06:03:30;sin_act_cocina_comedor;0.265;0.324;0.187;0.217;46;46;46;0;26;26;26;0;155.533;108.885;169.048;0;0;0;0;0;0;1;27;1
2026-04-26 06:04:00;sin_act_cocina_comedor;0.303;0.303;0.205;0.218;46;46;46;0;26;26;26;0;160.078;109.228;160.181;0;0;0;0;0;0;1;30;1
2026-04-26 06:04:30;sin_act_cocina_comedor;0;0.318;0.185;0.216;46;46;46;0;26.533333;26;27;0.507416;160.112;65.204;160.112;0;0;0;0;0;0;0;20;1
2026-04-26 06:05:00;sin_act_cocina_comedor;0;0.289;0.186;0.22;46;46;46;0;27;27;27;0;160.078;51.707;160.112;0;0;0;0;0;0;1;29;1
2026-04-26 06:05:30;sin_act_cocina_comedor;0.298;0.309;0.203;0.238;46;46;46;0;27;27;27;0;159.975;70.692;160.13;0;0;0;0;0;0;1;11;1
2026-04-26 06:06:00;sin_act_cocina_comedor;0.27;0.31;0.198;0.223;46;46;46;0;27;27;27;0;159.598;67.708;159.975;0;0;0;0;0;0;1;29;1
2026-04-26 06:06:30;sin_act_cocina_comedor;0.291;0.312;0.176;0.22;46;46;46;0;27;27;27;0;159.495;113.499;184.963;0;0;0;0;0;0;1;30;1
2026-04-26 06:07:00;sin_act_cocina_comedor;0.27;0.331;0.18;0.217;46;46;46;0;27;27;27;0;160.027;155.568;169.03;0;0;0;0;0;0;0;25;1
2026-04-26 06:07:30;sin_act_cocina_comedor;0.282;0.316;0.201;0.228;46;46;46;0;27;27;27;0;155.43;155.43;160.027;0;0;0;0;0;0;1;30;1
2026-04-26 06:08:00;sin_act_cocina_comedor;0;0.323;0.206;0.242;46;46;46;0;27;27;27;0;159.667;64.535;159.872;0;0;0;0;0;0;1;25;1
2026-04-26 06:08:30;sin_act_cocina_comedor;0.287;0.364;0.188;0.209;46;46;46;0;27;27;27;0;159.649;89.763;160.009;0;0;0;0;0;0;1;29;1
2026-04-26 06:09:00;sin_act_cocina_comedor;0.281;0.289;0.21;0.226;45.933333;45;46;0.253708;27;27;27;0;159.546;69.029;180.452;0;0;0;0;0;0;1;26;1
2026-04-26 06:09:30;sin_act_cocina_comedor;0;0.32;0.18;0.218;45;45;45;0;27;27;27;0;159.632;64.415;160.078;0;0;0;0;0;0;0;30;1
2026-04-26 06:10:00;sin_act_cocina_comedor;0;0.299;0.181;0.222;45;45;45;0;27;27;27;0;156.391;152.515;159.975;0;0;0;0;0;0;1;30;1
2026-04-26 06:10:30;sin_act_cocina_comedor;0.276;0.338;0.196;0.232;45;45;45;0;27;27;27;0;159.598;139.858;160.027;0;0;0;0;0;0;0;29;1
2026-04-26 06:11:00;sin_act_cocina_comedor;0.278;0.298;0.174;0.236;45;45;45;0;27;27;27;0;156.357;68.531;179.372;0;0;0;0;0;0;1;25;1
2026-04-26 06:11:30;sin_act_cocina_comedor;0.263;0.31;0.19;0.218;45;45;45;0;27;27;27;0;159.564;68.549;161.999;0;0;0;0;0;0;1;30;1
2026-04-26 06:12:00;sin_act_cocina_comedor;0;0.291;0.185;0.21;45;45;45;0;27;27;27;0;160.078;69.235;165.618;0;0;0;0;0;0;1;20;1
2026-04-26 06:12:30;sin_act_cocina_comedor;0.266;0.316;0.177;0.221;45;45;45;0;27;27;27;0;160.61;108.92;185.134;0;0;0;0;0;0;1;27;1
2026-04-26 06:13:00;sin_act_cocina_comedor;0.262;0.306;0.19;0.216;45;45;45;0;27;27;27;0;160.061;64.364;160.61;0;0;0;0;0;0;0;23;1
2026-04-26 06:13:30;sin_act_cocina_comedor;0;0.337;0.194;0.244;45;45;45;0;27;27;27;0;160.027;110.172;160.13;0;0;0;0;0;0;1;25;1
2026-04-26 06:14:00;sin_act_cocina_comedor;0;0.309;0.206;0.235;45;45;45;0;27;27;27;0;159.598;155.362;168.276;0;0;0;0;0;0;1;26;1
2026-04-26 06:14:30;sin_act_cocina_comedor;0.306;0.306;0.223;0.231;45;45;45;0;27;27;27;0;168.293;65.221;168.293;0;0;0;0;0;0;1;20;1
2026-04-26 06:15:00;sin_act_cocina_comedor;0.27;0.318;0.236;0.236;45;45;45;0;27;27;27;0;111.406;68.12;178.154;0;0;0;0;0;0;1;28;1
2026-04-26 06:15:30;sin_act_cocina_comedor;0.279;0.306;0.196;0.237;45;45;45;0;27;27;27;0;159.564;69.852;160.112;0;0;0;0;0;0;1;27;1
2026-04-26 06:16:00;sin_act_cocina_comedor;0.311;0.311;0.199;0.244;45;45;45;0;27;27;27;0;159.324;155.928;159.632;0;0;0;0;0;0;1;20;1
2026-04-26 06:16:30;sin_act_cocina_comedor;0;0.311;0.231;0.242;45;45;45;0;27;27;27;0;165.103;151.263;165.103;0;0;0;0;0;0;1;28;1
2026-04-26 06:17:00;sin_act_cocina_comedor;0.336;0.358;0.198;0.233;45;45;45;0;27;27;27;0;159.598;68.497;160.473;0;0;0;0;0;0;1;21;1
2026-04-26 06:17:30;sin_act_cocina_comedor;0.273;0.336;0.188;0.219;45;45;45;0;27;27;27;0;159.512;70.658;190.674;0;0;0;0;0;0;1;30;1
2026-04-26 06:18:00;sin_act_cocina_comedor;0;0.323;0.176;0.223;45;45;45;0;27;27;27;0;159.958;64.793;160.061;0;0;0;0;0;0;1;25;1
2026-04-26 06:18:30;sin_act_cocina_comedor;0;0.368;0.205;0.233;45;45;45;0;27;27;27;0;156.271;109.314;178.12;0;0;0;0;0;0;1;25;1
2026-04-26 06:19:00;sin_act_cocina_comedor;0;0.36;0;0.23;45;45;45;0;27;27;27;0;156.357;68.583;160.095;0;0;0;0;0;0;1;30;1
2026-04-26 06:19:30;sin_act_cocina_comedor;0;0.323;0.18;0.2;45;45;45;0;27;27;27;0;159.649;155.893;160.13;0;0;0;0;0;0;1;25;1
2026-04-26 06:20:00;sin_act_cocina_comedor;0.274;0.346;0.202;0.208;45;45;45;0;27;27;27;0;159.615;156.82;160.507;0;0;0;0;0;0;1;26;1
2026-04-26 06:20:30;sin_act_cocina_comedor;0;0.3;0;0.196;45;45;45;0;27;27;27;0;155.893;70.624;160.867;0;0;0;0;0;0;1;25;1
2026-04-26 06:21:00;sin_act_cocina_comedor;0;0.385;0.204;0.204;45;45;45;0;27;27;27;0;159.924;155.43;160.13;0;0;0;0;0;0;1;25;1
2026-04-26 06:21:30;sin_act_cocina_comedor;0.276;0.294;0.201;0.23;45;45;45;0;27;27;27;0;160.027;110.789;182.253;0;0;0;0;0;0;0;30;1
2026-04-26 06:22:00;sin_act_cocina_comedor;0;0.315;0.186;0.22;45;45;45;0;27;27;27;0;159.529;156.374;160.13;0;0;0;0;0;0;1;30;1
2026-04-26 06:22:30;sin_act_cocina_comedor;0.268;0.285;0;0.202;45;45;45;0;27;27;27;0;159.529;68.943;160.078;0;0;0;0;0;0;1;24;1
2026-04-26 06:23:00;sin_act_cocina_comedor;0.283;0.311;0;0.203;45;45;45;0;27;27;27;0;159.598;70.692;160.507;0;0;0;0;0;0;1;30;1
2026-04-26 06:23:30;sin_act_cocina_comedor;0;0.328;0.185;0.213;45;45;45;0;27;27;27;0;160.404;69.715;160.438;0;0;0;0;0;0;1;25;1
2026-04-26 06:24:00;sin_act_cocina_comedor;0;0.305;0.181;0.215;45;45;45;0;27;27;27;0;159.546;69.886;160.404;0;0;0;0;0;0;0;25;1
2026-04-26 06:24:30;sin_act_cocina_comedor;0.266;0.32;0.185;0.218;45;45;45;0;27;27;27;0;159.975;155.07;160.078;0;0;0;0;0;0;1;20;1
2026-04-26 06:25:00;sin_act_cocina_comedor;0.265;0.325;0.177;0.208;45;45;45;0;27;27;27;0;159.701;64.415;160.455;0;0;0;0;0;0;1;25;1
2026-04-26 06:25:30;sin_act_cocina_comedor;0.303;0.342;0.178;0.214;45;45;45;0;27;27;27;0;172.598;69.32;175.256;0;0;0;0;0;0;1;29;1
2026-04-26 06:26:00;sin_act_cocina_comedor;0.275;0.301;0.191;0.218;45;45;45;0;27;27;27;0;159.478;109.366;182.51;0;0;0;0;0;0;1;25;1
2026-04-26 06:26:30;sin_act_cocina_comedor;0;0.332;0.206;0.222;45;45;45;0;27;27;27;0;156.408;56.389;160.147;0;0;0;0;0;0;1;30;1
2026-04-26 06:27:00;sin_act_cocina_comedor;0.272;0.29;0.195;0.211;45;45;45;0;27;27;27;0;159.529;64.415;166.269;0;0;0;0;0;0;1;25;1
2026-04-26 06:27:30;sin_act_cocina_comedor;0.27;0.302;0.198;0.217;45;45;45;0;27;27;27;0;156.305;69.337;160.078;0;0;0;0;0;0;1;25;1
2026-04-26 06:28:00;sin_act_cocina_comedor;0.263;0.321;0;0.209;45;45;45;0;27;27;27;0;160.044;109.366;160.061;0;0;0;0;0;0;1;24;1
2026-04-26 06:28:30;sin_act_cocina_comedor;0.278;0.295;0;0.212;45;45;45;0;27;27;27;0;159.598;153.921;160.027;0;0;0;0;0;0;0;19;1
2026-04-26 06:29:00;sin_act_cocina_comedor;0.281;0.361;0.184;0.216;45;45;45;0;27;27;27;0;156.357;88.528;172.615;0;0;0;0;0;0;1;24;1
2026-04-26 06:29:30;sin_act_cocina_comedor;0;0.342;0.184;0.219;45;45;45;0;27;27;27;0;159.941;155.499;163.714;0;0;0;0;0;0;1;30;1
2026-04-26 06:30:00;sin_act_cocina_comedor;0.294;0.32;0.183;0.234;45;45;45;0;27;27;27;0;160.009;155.911;160.044;0;0;0;0;0;0;1;30;1
2026-04-26 06:30:30;sin_act_cocina_comedor;0.268;0.306;0.188;0.219;45;45;45;0;27;27;27;0;160.078;155.928;160.078;0;0;0;0;0;0;1;21;1
2026-04-26 06:31:00;sin_act_cocina_comedor;0.261;0.298;0.239;0.239;45;45;45;0;27;27;27;0;160.009;69.389;160.49;0;0;0;0;0;0;1;24;1
2026-04-26 06:31:30;sin_act_cocina_comedor;0.288;0.305;0.192;0.223;45;45;45;0;27;27;27;0;159.958;159.495;162.856;0;0;0;0;0;0;1;20;1
2026-04-26 06:32:00;sin_act_cocina_comedor;0.283;0.349;0.174;0.216;45;45;45;0;27;27;27;0;159.581;68.823;191.994;0;0;0;0;0;0;1;24;1
2026-04-26 06:32:30;sin_act_cocina_comedor;0.267;0.306;0;0.227;45;45;45;0;27;27;27;0;160.044;155.053;160.095;0;0;0;0;0;0;1;25;1
2026-04-26 06:33:00;sin_act_cocina_comedor;0.305;0.305;0;0.224;45;45;45;0;27;27;27;0;159.649;69.389;160.044;0;0;0;0;0;0;1;30;1
2026-04-26 06:33:30;sin_act_cocina_comedor;0.269;0.305;0.175;0.226;45;45;45;0;27;27;27;0;156.734;70.658;160.438;0;0;0;0;0;0;1;30;1
2026-04-26 06:34:00;sin_act_cocina_comedor;0.267;0.29;0.184;0.203;45;45;45;0;27;27;27;0;159.632;155.893;159.992;0;0;0;0;0;0;1;21;1
2026-04-26 06:34:30;sin_act_cocina_comedor;0.262;0.29;0.177;0.207;45;45;45;0;27;27;27;0;154.642;69.818;160.027;0;0;0;0;0;0;1;23;1
2026-04-26 06:35:00;sin_act_cocina_comedor;0;0.304;0;0.215;45;45;45;0;27;27;27;0;160.352;154.642;160.473;0;0;0;0;0;0;0;26;1
2026-04-26 06:35:30;sin_act_cocina_comedor;0.305;0.326;0;0.2;45;45;45;0;27;27;27;0;159.924;63.987;160.095;0;0;0;0;0;0;1;28;1
2026-04-26 06:36:00;sin_act_cocina_comedor;0.273;0.286;0.183;0.203;45;45;45;0;27;27;27;0;159.924;65.633;179.235;0;0;0;0;0;0;1;30;1
2026-04-26 06:36:30;sin_act_cocina_comedor;0;0.32;0.195;0.203;45;45;45;0;27;27;27;0;159.495;65.324;160.147;0;0;0;0;0;0;1;30;1
2026-04-26 06:37:00;sin_act_cocina_comedor;0;0.305;0;0.202;45;45;45;0;27;27;27;0;159.615;154.539;160.095;0;0;0;0;0;0;1;25;1
2026-04-26 06:37:30;sin_act_cocina_comedor;0;0.299;0.18;0.242;45;45;45;0;27;27;27;0;160.558;108.92;173.301;0;0;0;0;0;0;1;30;1
2026-04-26 06:38:00;sin_act_cocina_comedor;0.265;0.321;0;0.215;45;45;45;0;27;27;27;0;159.975;156.374;160.078;0;0;0;0;0;0;1;30;1
2026-04-26 06:38:30;sin_act_cocina_comedor;0.279;0.346;0.18;0.218;45;45;45;0;27;27;27;0;155.928;64.724;181.447;0;0;0;0;0;0;0;25;1
2026-04-26 06:39:00;sin_act_cocina_comedor;0.271;0.294;0;0.202;45;45;45;0;27;27;27;0;159.975;155.928;160.027;0;0;0;0;0;0;1;30;1
2026-04-26 06:39:30;sin_act_cocina_comedor;0.275;0.346;0.18;0.23;45;45;45;0;27;27;27;0;156.305;65.256;160.524;0;0;0;0;0;0;1;30;1
2026-04-26 06:40:00;sin_act_cocina_comedor;0.264;0.294;0.185;0.213;45;45;45;0;27;27;27;0;155.996;155.928;159.958;0;0;0;0;0;0;1;30;1
2026-04-26 06:40:30;sin_act_cocina_comedor;0.266;0.307;0.19;0.219;45;45;45;0;27;27;27;0;159.941;68.531;159.975;0;0;0;0;0;0;1;30;1
2026-04-26 06:41:00;sin_act_cocina_comedor;0.291;0.322;0.184;0.229;45;45;45;0;27;27;27;0;159.598;159.546;160.421;0;0;0;0;0;0;1;30;1
2026-04-26 06:41:30;sin_act_cocina_comedor;0.275;0.283;0.191;0.22;45;45;45;0;27;27;27;0;159.615;155.448;159.667;0;0;0;0;0;0;1;24;1
2026-04-26 06:42:00;sin_act_cocina_comedor;0.297;0.329;0.183;0.226;45;45;45;0;27;27;27;0;160.37;70.658;160.387;0;0;0;0;0;0;1;30;1
2026-04-26 06:42:30;sin_act_cocina_comedor;0.272;0.358;0.202;0.225;45;45;45;0;27;27;27;0;160.027;155.945;160.37;0;0;0;0;0;0;1;25;1
2026-04-26 06:43:00;sin_act_cocina_comedor;0.32;0.32;0.179;0.209;45;45;45;0;27;27;27;0;155.087;64.33;159.581;0;0;0;0;0;0;1;24;1
2026-04-26 06:43:30;sin_act_cocina_comedor;0.302;0.33;0.194;0.216;45;45;45;0;27;27;27;0;156.785;63.987;167.435;0;0;0;0;0;0;1;26;1
2026-04-26 06:44:00;sin_act_cocina_comedor;0.272;0.294;0.186;0.215;45;45;45;0;27;27;27;0;156.459;69.783;160.078;0;0;0;0;0;0;1;25;1
2026-04-26 06:44:30;sin_act_cocina_comedor;0.273;0.316;0.181;0.216;45;45;45;0;27;27;27;0;155.602;154.624;160.404;0;0;0;0;0;0;1;30;1
2026-04-26 06:45:00;sin_act_cocina_comedor;0;0.335;0.195;0.214;45;45;45;0;27;27;27;0;160.027;145.381;160.078;0;0;0;0;0;0;1;30;1
2026-04-26 06:45:30;sin_act_cocina_comedor;0.262;0.294;0.211;0.214;45;45;45;0;27;27;27;0;160.027;109.005;160.027;0;0;0;0;0;0;0;30;1
2026-04-26 06:46:00;sin_act_cocina_comedor;0;0.321;0.186;0.195;45;45;45;0;27;27;27;0;160.009;155.911;160.027;0;0;0;0;0;0;1;25;1
2026-04-26 06:46:30;sin_act_cocina_comedor;0;0.329;0.218;0.222;45;45;45;0;27;27;27;0;159.529;109.829;195.15;0;0;0;0;0;0;1;30;1
2026-04-26 06:47:00;sin_act_cocina_comedor;0.274;0.307;0.195;0.224;45;45;45;0;27;27;27;0;156.031;156.031;160.078;0;0;0;0;0;0;1;30;1
2026-04-26 06:47:30;sin_act_cocina_comedor;0.269;0.303;0.181;0.219;45;45;45;0;27;27;27;0;160.164;110.6;160.164;0;0;0;0;0;0;1;30;1
2026-04-26 06:48:00;sin_act_cocina_comedor;0.292;0.341;0.188;0.222;45;45;45;0;27;27;27;0;160.061;70.641;160.164;0;0;0;0;0;0;0;30;1
2026-04-26 06:48:30;sin_act_cocina_comedor;0.266;0.302;0.186;0.218;45.666667;45;46;0.479463;27;27;27;0;156.785;155.55;160.455;0;0;0;0;0;0;1;30;1
2026-04-26 06:49:00;sin_act_cocina_comedor;0.286;0.306;0.183;0.218;46;46;46;0;26.7;26;27;0.466092;159.958;68.651;160.507;0;0;0;0;0;0;1;25;1
2026-04-26 06:49:30;sin_act_cocina_comedor;0;0.325;0;0.214;46;46;46;0;26;26;26;0;155.208;69.063;160.147;0;0;0;0;0;0;1;30;1
2026-04-26 06:50:00;sin_act_cocina_comedor;0.295;0.312;0.18;0.213;46;46;46;0;26;26;26;0;159.649;70.658;160.524;0;0;0;0;0;0;1;30;1
2026-04-26 06:50:30;sin_act_cocina_comedor;0.272;0.303;0.196;0.221;46;46;46;0;26;26;26;0;160.147;68.068;160.49;0;0;0;0;0;0;0;30;1
2026-04-26 06:51:00;sin_act_cocina_comedor;0.284;0.338;0.179;0.224;46;46;46;0;26;26;26;0;157.351;69.046;162.531;0;0;0;0;0;0;1;30;1
2026-04-26 06:51:30;sin_act_cocina_comedor;0;0.312;0.206;0.225;46;46;46;0;26;26;26;0;160.027;64.964;160.078;0;0;0;0;0;0;1;25;1
2026-04-26 06:52:00;sin_act_cocina_comedor;0;0.312;0.188;0.217;46;46;46;0;26;26;26;0;159.615;68.137;160.13;0;0;0;0;0;0;1;30;1
2026-04-26 06:52:30;sin_act_cocina_comedor;0.286;0.288;0.194;0.226;46;46;46;0;26;26;26;0;160.164;155.516;167.521;0;0;0;0;0;0;1;25;1
2026-04-26 06:53:00;sin_act_cocina_comedor;0.285;0.314;0.194;0.236;46;46;46;0;26;26;26;0;70.761;69.08;160.061;0;0;0;0;0;0;0;30;1
2026-04-26 06:53:30;sin_act_cocina_comedor;0.275;0.285;0.175;0.221;46;46;46;0;26;26;26;0;156.528;64.947;160.198;0;0;0;0;0;0;1;30;1
2026-04-26 06:54:00;sin_act_cocina_comedor;0.269;0.304;0;0.222;46;46;46;0;26;26;26;0;156.511;68.223;160.232;0;0;0;0;0;0;1;30;1
2026-04-26 06:54:30;sin_act_cocina_comedor;0;0.312;0;0.214;46;46;46;0;26;26;26;0;156.837;68.651;160.095;0;0;0;0;0;0;1;30;1
2026-04-26 06:55:00;sin_act_cocina_comedor;0.279;0.295;0;0.189;46;46;46;0;26;26;26;0;160.473;109.331;171.74;0;0;0;0;0;0;1;30;1
2026-04-26 06:55:30;sin_act_cocina_comedor;0;0.277;0;0.195;46;46;46;0;26;26;26;0;156.425;68.6;160.473;0;0;0;0;0;0;0;30;1
2026-04-26 06:56:00;sin_act_cocina_comedor;0.312;0.312;0;0.2;46;46;46;0;26;26;26;0;159.169;68.651;160.541;0;0;0;0;0;0;1;30;1
2026-04-26 06:56:30;sin_act_cocina_comedor;0.267;0.3;0.209;0.209;46;46;46;0;26;26;26;0;110.206;110.206;160.49;0;0;0;0;0;0;1;25;1
2026-04-26 06:57:00;sin_act_cocina_comedor;0;0.318;0.186;0.209;46;46;46;0;26;26;26;0;156.459;88.425;162.531;0;0;0;0;0;0;1;30;1
2026-04-26 06:57:30;sin_act_cocina_comedor;0.274;0.294;0.188;0.212;46;46;46;0;26;26;26;0;160.164;64.535;160.215;0;0;0;0;0;0;1;30;1
2026-04-26 06:58:00;sin_act_cocina_comedor;0;0.335;0.219;0.219;46;46;46;0;26;26;26;0;69.08;67.863;160.558;0;0;0;0;0;0;0;30;1
2026-04-26 06:58:30;sin_act_cocina_comedor;0.277;0.292;0.181;0.202;46;46;46;0;26;26;26;0;157.368;69.492;183.642;0;0;0;0;0;0;1;24;1
2026-04-26 06:59:00;sin_act_cocina_comedor;0.274;0.344;0.209;0.21;46;46;46;0;26;26;26;0;157.214;153.664;160.112;0;0;0;0;0;0;1;26;1
2026-04-26 06:59:30;sin_act_cocina_comedor;0.271;0.292;0.177;0.218;46;46;46;0;26;26;26;0;155.516;155.516;160.507;0;0;0;0;0;0;1;24;1
2026-04-26 07:00:00;sin_act_cocina_comedor;0;0.302;0.193;0.209;46;46;46;0;26;26;26;0;160.095;69.886;160.215;0;0;0;0;0;0;1;25;1
2026-04-26 07:00:30;sin_act_cocina_comedor;0.265;0.306;0;0.204;46;46;46;0;26;26;26;0;155.568;155.568;160.147;0;0;0;0;0;0;0;24;1
2026-04-26 07:01:00;sin_act_cocina_comedor;0;0.307;0.183;0.211;46;46;46;0;26;26;26;0;160.147;155.568;167.127;0;0;0;0;0;0;1;25;1
2026-04-26 07:01:30;sin_act_cocina_comedor;0.284;0.306;0.194;0.212;46;46;46;0;26;26;26;0;156.082;111.046;160.147;0;0;0;0;0;0;0;20;1
2026-04-26 07:02:00;sin_act_cocina_comedor;0;0.303;0.183;0.211;46;46;46;0;26;26;26;0;159.632;69.509;160.164;0;0;0;0;0;0;1;26;1
2026-04-26 07:02:30;sin_act_cocina_comedor;0.265;0.29;0.189;0.221;46;46;46;0;26;26;26;0;159.701;109.125;174.381;0;0;0;0;0;0;0;23;1
2026-04-26 07:03:00;sin_act_cocina_comedor;0;0.303;0.194;0.214;45.433333;45;46;0.504007;26;26;26;0;160.164;64.947;160.164;0;0;0;0;0;0;1;24;1
2026-04-26 07:03:30;sin_act_cocina_comedor;0;0.341;0.189;0.218;45;45;45;0;26;26;26;0;160.558;68.188;160.558;0;0;0;0;0;0;1;30;1
2026-04-26 07:04:00;sin_act_cocina_comedor;0.271;0.342;0.219;0.237;45;45;45;0;26;26;26;0;160.13;69.423;160.558;0;0;0;0;0;0;1;24;1
2026-04-26 07:04:30;sin_act_cocina_comedor;0.264;0.303;0.185;0.217;45;45;45;0;26;26;26;0;160.044;155.105;160.044;0;0;0;0;0;0;1;30;1
2026-04-26 07:05:00;sin_act_cocina_comedor;0;0.327;0.189;0.205;45;45;45;0;26;26;26;0;155.996;154.71;160.027;0;0;0;0;0;0;0;25;1
2026-04-26 07:05:30;sin_act_cocina_comedor;0.272;0.308;0.195;0.238;45;45;45;0;26;26;26;0;160.078;64.415;160.078;0;0;0;0;0;0;1;30;1
2026-04-26 07:06:00;sin_act_cocina_comedor;0.263;0.337;0.197;0.218;45;45;45;0;26;26;26;0;156.923;104.975;184.723;0;0;0;0;0;0;1;30;1
2026-04-26 07:06:30;sin_act_cocina_comedor;0.307;0.331;0.174;0.228;45;45;45;0;26;26;26;0;156.785;64.415;160.524;0;0;0;0;0;0;1;25;1
2026-04-26 07:07:00;sin_act_cocina_comedor;0.307;0.32;0.205;0.227;45;45;45;0;26;26;26;0;148.33;68.926;160.164;0;0;0;0;0;0;1;30;1
2026-04-26 07:07:30;sin_act_cocina_comedor;0.267;0.344;0.22;0.239;45;45;45;0;26;26;26;0;155.979;64.57;160.061;0;0;0;0;0;0;1;30;1
2026-04-26 07:08:00;sin_act_cocina_comedor;0.271;0.35;0.181;0.226;45;45;45;0;26;26;26;0;160.027;68.086;160.507;0;0;0;0;0;0;1;29;1
2026-04-26 07:08:30;sin_act_cocina_comedor;0.282;0.362;0.221;0.224;45;45;45;0;26;26;26;0;140.167;64.827;161.673;0;0;0;0;0;0;0;21;1
2026-04-26 07:09:00;sin_act_cocina_comedor;0;0.328;0.183;0.257;45;45;45;0;26;26;26;0;154.813;64.896;181.224;0;0;0;0;0;0;1;25;1
2026-04-26 07:09:30;sin_act_cocina_comedor;0;0.306;0.214;0.214;45;45;45;0;26;26;26;0;152.807;152.807;160.181;0;0;0;0;0;0;1;28;1
2026-04-26 07:10:00;sin_act_cocina_comedor;0.266;0.294;0.191;0.238;45.266667;45;46;0.449776;26;26;26;0;174.673;68.617;185.837;0;0;0;0;0;0;1;27;1
2026-04-26 07:10:30;sin_act_cocina_comedor;0;0.31;0;0.216;45.433333;45;46;0.504007;26;26;26;0;183.968;109.76;183.968;0;0;0;0;0;0;1;30;1
2026-04-26 07:11:00;sin_act_cocina_comedor;0.267;0.299;0;0.213;45;45;45;0;26;26;26;0;160.13;69.029;183.968;0;0;0;0;0;0;0;30;1
2026-04-26 07:11:30;sin_act_cocina_comedor;0.266;0.3;0.188;0.202;45;45;45;0;26;26;26;0;155.671;50.232;168.362;0;0;0;0;0;0;1;30;1
2026-04-26 07:12:00;sin_act_cocina_comedor;0.28;0.302;0.191;0.203;45;45;45;0;26;26;26;0;160.027;41.332;160.164;0;0;0;0;0;0;0;30;1
2026-04-26 07:12:30;sin_act_cocina_comedor;0;0.29;0;0.222;45.206897;45;46;0.412251;26;26;26;0;156.837;68.977;160.558;0;0;0;0;0;0;1;30;1
2026-04-26 07:13:00;sin_act_cocina_comedor;0.269;0.309;0.181;0.201;46;46;46;0;26;26;26;0;69.457;69.457;160.147;0;0;0;0;0;0;1;30;1
2026-04-26 07:13:30;sin_act_cocina_comedor;0;0.303;0.185;0.216;45.833333;45;46;0.379049;26;26;26;0;156.854;64.518;160.13;0;0;0;0;0;0;1;30;1
2026-04-26 07:14:00;sin_act_cocina_comedor;0.278;0.314;0.181;0.219;45;45;45;0;26;26;26;0;160.164;64.467;178.531;0;0;0;0;0;0;1;30;1
2026-04-26 07:14:30;sin_act_cocina_comedor;0.271;0.311;0.193;0.226;45;45;45;0;26;26;26;0;160.507;156.94;160.507;0;0;0;0;0;0;0;30;1
2026-04-26 07:15:00;sin_act_cocina_comedor;0.263;0.293;0.186;0.228;45;45;45;0;26;26;26;0;155.996;64.415;160.507;0;0;0;0;0;0;1;30;1
2026-04-26 07:15:30;sin_act_cocina_comedor;0.29;0.361;0.2;0.22;45;45;45;0;26;26;26;0;159.667;132.141;160.164;0;0;0;0;0;0;1;30;1
2026-04-26 07:16:00;sin_act_cocina_comedor;0.285;0.309;0.189;0.229;45;45;45;0;26;26;26;0;159.701;70.332;160.164;0;0;0;0;0;0;1;30;1
2026-04-26 07:16:30;sin_act_cocina_comedor;0.262;0.293;0.215;0.227;45;45;45;0;26;26;26;0;157.317;155.105;160.078;0;0;0;0;0;0;1;30;1
2026-04-26 07:17:00;sin_act_cocina_comedor;0.295;0.302;0.188;0.222;45.766667;45;46;0.430183;26;26;26;0;155.893;109.348;179.526;0;0;0;0;0;0;0;30;1
2026-04-26 07:17:30;sin_act_cocina_comedor;0.265;0.302;0;0.235;46;46;46;0;26;26;26;0;153.081;70.195;160.455;0;0;0;0;0;0;1;30;1
2026-04-26 07:18:00;sin_act_cocina_comedor;0.274;0.312;0;0.222;45.933333;45;46;0.253708;26;26;26;0;164.211;68.617;164.211;0;0;0;0;0;0;1;30;1
2026-04-26 07:18:30;sin_act_cocina_comedor;0.275;0.321;0.182;0.207;45;45;45;0;26;26;26;0;156.837;69.886;163.765;0;0;0;0;0;0;1;30;1
2026-04-26 07:19:00;sin_act_cocina_comedor;0;0.324;0;0.213;45;45;45;0;26;26;26;0;69.509;69.475;160.644;0;0;0;0;0;0;1;30;1
2026-04-26 07:19:30;sin_act_cocina_comedor;0;0.297;0.178;0.203;45;45;45;0;26;26;26;0;156.477;155.585;160.164;0;0;0;0;0;0;0;30;1
2026-04-26 07:20:00;sin_act_cocina_comedor;0;0.303;0.19;0.223;45;45;45;0;26.366667;26;27;0.490133;156.442;68.549;194.361;0;0;0;0;0;0;1;30;1
2026-04-26 07:20:30;sin_act_cocina_comedor;0.339;0.369;0;0.195;45;45;45;0;27;27;27;0;160.044;70.349;160.164;0;0;0;0;0;0;1;30;1
2026-04-26 07:21:00;sin_act_cocina_comedor;0.306;0.307;0;0.21;45;45;45;0;27;27;27;0;155.568;68.617;160.13;0;0;0;0;0;0;1;30;1
2026-04-26 07:21:30;sin_act_cocina_comedor;0;0.302;0.174;0.2;45;45;45;0;27;27;27;0;155.636;69.886;160.147;0;0;0;0;0;0;1;30;1
2026-04-26 07:22:00;sin_act_cocina_comedor;0.265;0.302;0;0.205;45;45;45;0;26.333333;26;27;0.479463;159.667;155.55;160.112;0;0;0;0;0;0;0;30;1
2026-04-26 07:22:30;sin_act_cocina_comedor;0.269;0.291;0;0.194;45;45;45;0;27;27;27;0;154.23;64.844;160.147;0;0;0;0;0;0;1;30;1
2026-04-26 07:23:00;sin_act_cocina_comedor;0.277;0.321;0.185;0.206;45;45;45;0;27;27;27;0;155.156;65.427;201.29;0;0;0;0;0;0;1;30;1
2026-04-26 07:23:30;sin_act_cocina_comedor;0;0.359;0.18;0.201;45;45;45;0;27;27;27;0;160.473;155.156;160.61;0;0;0;0;0;0;1;25;1
2026-04-26 07:24:00;sin_act_cocina_comedor;0.266;0.313;0;0.214;45;45;45;0;27;27;27;0;70.315;64.947;160.473;0;0;0;0;0;0;1;15;1
2026-04-26 07:24:30;sin_act_cocina_comedor;0;0.348;0;0.204;45;45;45;0;27;27;27;0;160.027;155.893;160.061;0;0;0;0;0;0;1;30;1
2026-04-26 07:25:00;sin_act_cocina_comedor;0.268;0.289;0.196;0.239;45;45;45;0;27;27;27;0;160.044;150.989;160.438;0;0;0;0;0;0;1;30;1
2026-04-26 07:25:30;sin_act_cocina_comedor;0.29;0.295;0.192;0.219;45;45;45;0;26.1;26;27;0.305129;160.027;70.349;160.061;0;0;0;0;0;0;1;30;1
2026-04-26 07:26:00;sin_act_cocina_comedor;0.278;0.327;0.196;0.244;45;45;45;0;26.233333;26;27;0.430183;160.13;69.578;160.541;0;0;0;0;0;0;1;30;1
2026-04-26 07:26:30;sin_act_cocina_comedor;0.264;0.312;0.183;0.233;45;45;45;0;27;27;27;0;160.13;64.467;171.449;0;0;0;0;0;0;1;30;1
2026-04-26 07:27:00;sin_act_cocina_comedor;0;0.318;0.206;0.222;45;45;45;0;27;27;27;0;160.078;68.651;173.764;0;0;0;0;0;0;1;30;1
2026-04-26 07:27:30;sin_act_cocina_comedor;0.272;0.302;0.195;0.22;45;45;45;0;27;27;27;0;160.078;68.617;178.309;0;0;0;0;0;0;1;30;1
2026-04-26 07:28:00;sin_act_cocina_comedor;0.279;0.302;0.223;0.229;45;45;45;0;27;27;27;0;156.854;48.517;160.181;0;0;0;0;0;0;1;30;1
2026-04-26 07:28:30;sin_act_cocina_comedor;0.284;0.311;0.195;0.244;45;45;45;0;27;27;27;0;159.632;65.359;190.622;0;0;0;0;0;0;0;30;1
2026-04-26 07:29:00;sin_act_cocina_comedor;0.27;0.308;0.198;0.22;45;45;45;0;26.5;26;27;0.508548;155.533;155.533;163.319;0;0;0;0;0;0;1;30;1
2026-04-26 07:29:30;sin_act_cocina_comedor;0.264;0.311;0.181;0.219;45;45;45;0;26.333333;26;27;0.479463;160.078;68.549;193.418;0;0;0;0;0;0;1;30;1
2026-04-26 07:30:00;sin_act_cocina_comedor;0.272;0.319;0.176;0.214;44.517241;44;45;0.508548;26;26;26;0;156.802;151.109;160.558;0;0;0;0;0;0;1;30;1
2026-04-26 07:30:30;sin_act_cocina_comedor;0.278;0.312;0.207;0.225;44;44;44;0;26;26;26;0;155.499;64.467;160.49;0;0;0;0;0;0;1;30;1
2026-04-26 07:31:00;sin_act_cocina_comedor;0;0.3;0.175;0.209;44;44;44;0;26;26;26;0;64.038;64.038;160.61;0;0;0;0;0;0;1;30;1
2026-04-26 07:31:30;sin_act_cocina_comedor;0;0.305;0.188;0.211;44;44;44;0;26;26;26;0;156.408;155.928;160.593;0;0;0;0;0;0;1;30;1
2026-04-26 07:32:00;sin_act_cocina_comedor;0;0.309;0.178;0.196;44;44;44;0;26;26;26;0;160.164;64.896;160.558;0;0;0;0;0;0;0;30;1
2026-04-26 07:32:30;sin_act_cocina_comedor;0;0.303;0.178;0.213;44;44;44;0;26;26;26;0;156.031;64.055;160.558;0;0;0;0;0;0;1;30;1
2026-04-26 07:33:00;sin_act_cocina_comedor;0;0.308;0.188;0.21;44;44;44;0;26;26;26;0;154.762;68.651;184.414;0;0;0;0;0;0;1;30;1
2026-04-26 07:33:30;sin_act_cocina_comedor;0.265;0.288;0;0.204;44;44;44;0;26;26;26;0;160.49;64.896;160.49;0;0;0;0;0;0;1;30;1
2026-04-26 07:34:00;sin_act_cocina_comedor;0.293;0.336;0.191;0.236;44;44;44;0;26;26;26;0;159.718;68.617;169.493;0;0;0;0;0;0;1;30;1
2026-04-26 07:34:30;sin_act_cocina_comedor;0;0.308;0.189;0.203;44;44;44;0;26;26;26;0;68.549;64.518;160.455;0;0;0;0;0;0;0;30;1
2026-04-26 07:35:00;sin_act_cocina_comedor;0.275;0.301;0.181;0.207;44;44;44;0;26;26;26;0;69.921;65.359;160.558;0;0;0;0;0;0;1;30;1
2026-04-26 07:35:30;sin_act_cocina_comedor;0.331;0.331;0.186;0.226;44;44;44;0;26.666667;26;27;0.479463;160.027;64.004;160.404;0;0;0;0;0;0;1;30;1
2026-04-26 07:36:00;sin_act_cocina_comedor;0.285;0.318;0.187;0.215;44;44;44;0;26.7;26;27;0.466092;160.027;69.08;178.909;0;0;0;0;0;0;1;30;1
2026-04-26 07:36:30;sin_act_cocina_comedor;0;0.355;0.191;0.217;44;44;44;0;26;26;26;0;160.13;69.063;162.633;0;0;0;0;0;0;1;30;1
2026-04-26 07:37:00;sin_act_cocina_comedor;0.288;0.297;0.178;0.229;44;44;44;0;26;26;26;0;159.598;64.484;160.147;0;0;0;0;0;0;0;30;1
2026-04-26 07:37:30;sin_act_cocina_comedor;0.29;0.305;0.191;0.223;44;44;44;0;26;26;26;0;160.593;68.566;160.593;0;0;0;0;0;0;1;25;1
2026-04-26 07:38:00;sin_act_cocina_comedor;0.268;0.321;0.187;0.22;44;44;44;0;26;26;26;0;156.425;69.08;160.593;0;0;0;0;0;0;1;30;1
2026-04-26 07:38:30;sin_act_cocina_comedor;0.272;0.362;0.201;0.22;44;44;44;0;26;26;26;0;160.112;64.415;167.195;0;0;0;0;0;0;1;29;1
2026-04-26 07:39:00;sin_act_cocina_comedor;0;0.29;0.177;0.213;44;44;44;0;26;26;26;0;159.667;69.029;160.524;0;0;0;0;0;0;1;13;1
2026-04-26 07:39:30;sin_act_cocina_comedor;0;0.309;0.177;0.214;44;44;44;0;26.9;26;27;0.305129;159.324;50.661;160.507;0;0;0;0;0;0;1;22;1
2026-04-26 07:40:00;sin_act_cocina_comedor;0.286;0.315;0.206;0.224;44;44;44;0;27;27;27;0;160.593;108.045;188.633;0;0;0;0;0;0;1;30;1
2026-04-26 07:40:30;sin_act_cocina_comedor;0.284;0.291;0.205;0.215;44;44;44;0;27;27;27;0;159.581;155.585;160.593;0;0;0;0;0;0;1;24;1
2026-04-26 07:41:00;sin_act_cocina_comedor;0.268;0.294;0.186;0.21;44;44;44;0;27;27;27;0;68.651;68.651;160.232;0;0;0;0;0;0;1;20;1
2026-04-26 07:41:30;sin_act_cocina_comedor;0.272;0.295;0.181;0.21;44;44;44;0;27;27;27;0;160.13;64.878;160.49;0;0;0;0;0;0;0;26;1
2026-04-26 07:42:00;sin_act_cocina_comedor;0;0.285;0;0.214;44;44;44;0;27;27;27;0;160.164;155.893;160.524;0;0;0;0;0;0;1;30;1
2026-04-26 07:42:30;sin_act_cocina_comedor;0;0.275;0.192;0.199;44;44;44;0;27;27;27;0;111.046;69.818;179.252;0;0;0;0;0;0;1;30;1
2026-04-26 07:43:00;sin_act_cocina_comedor;0;0.274;0.186;0.208;44;44;44;0;27;27;27;0;155.208;111.046;179.972;0;0;0;0;0;0;1;24;1
2026-04-26 07:43:30;sin_act_cocina_comedor;0;0.295;0.199;0.213;44;44;44;0;27;27;27;0;159.015;109.743;180.281;0;0;0;0;0;0;1;30;1
2026-04-26 07:44:00;sin_act_cocina_comedor;0;0.303;0.188;0.208;44;44;44;0;27;27;27;0;160.061;65.787;160.558;0;0;0;0;0;0;0;30;1
2026-04-26 07:44:30;sin_act_cocina_comedor;0.263;0.302;0.189;0.207;44;44;44;0;27;27;27;0;159.718;50.97;160.558;0;0;0;0;0;0;1;25;1
2026-04-26 07:45:00;sin_act_cocina_comedor;0.265;0.322;0.177;0.212;44;44;44;0;27;27;27;0;160.198;64.141;160.558;0;0;0;0;0;0;1;25;1
2026-04-26 07:45:30;sin_act_cocina_comedor;0;0.293;0.192;0.227;44;44;44;0;27;27;27;0;160.078;64.947;160.147;0;0;0;0;0;0;1;22;1
2026-04-26 07:46:00;sin_act_cocina_comedor;0.28;0.306;0.189;0.233;44;44;44;0;27;27;27;0;69.08;64.467;160.558;0;0;0;0;0;0;1;23;1
2026-04-26 07:46:30;sin_act_cocina_comedor;0;0.306;0.207;0.231;44;44;44;0;27;27;27;0;156.905;47.334;166.286;0;0;0;0;0;0;0;30;1
2026-04-26 07:47:00;sin_act_cocina_comedor;0.269;0.314;0.229;0.245;44;44;44;0;27;27;27;0;156.425;64.518;160.507;0;0;0;0;0;0;1;30;1
2026-04-26 07:47:30;sin_act_cocina_comedor;0;0.33;0.197;0.216;44;44;44;0;27;27;27;0;160.027;69.457;161.484;0;0;0;0;0;0;1;25;1
2026-04-26 07:48:00;sin_act_cocina_comedor;0.277;0.315;0.23;0.23;44;44;44;0;27;27;27;0;156.888;69.046;160.713;0;0;0;0;0;0;0;25;1
2026-04-26 07:48:30;sin_act_cocina_comedor;0.273;0.32;0.2;0.226;44;44;44;0;27;27;27;0;159.667;68.12;160.49;0;0;0;0;0;0;1;30;1
2026-04-26 07:49:00;sin_act_cocina_comedor;0.269;0.345;0.203;0.224;44;44;44;0;27;27;27;0;156.477;68.651;187.672;0;0;0;0;0;0;1;29;1
2026-04-26 07:49:30;sin_act_cocina_comedor;0;0.292;0.195;0.24;44;44;44;0;26.4;26;27;0.498273;68.651;68.651;189.01;0;0;0;0;0;0;1;27;1
2026-04-26 07:50:00;sin_act_cocina_comedor;0;0.304;0.184;0.21;44;44;44;0;26;26;26;0;159.615;70.315;164.76;0;0;0;0;0;0;1;25;1
2026-04-26 07:50:30;sin_act_cocina_comedor;0;0.291;0.211;0.219;44;44;44;0;26;26;26;0;160.164;109.846;181.498;0;0;0;0;0;0;0;29;1
2026-04-26 07:51:00;sin_act_cocina_comedor;0.272;0.285;0.191;0.218;44;44;44;0;26;26;26;0;155.156;62.323;192.663;0;0;0;0;0;0;1;25;1
2026-04-26 07:51:30;sin_act_cocina_comedor;0;0.29;0.189;0.22;44;44;44;0;26;26;26;0;155.979;64.947;160.147;0;0;0;0;0;0;0;24;1
2026-04-26 07:52:00;sin_act_cocina_comedor;0.29;0.296;0.186;0.223;44;44;44;0;26;26;26;0;160.558;64.467;160.558;0;0;0;0;0;0;1;24;1
2026-04-26 07:52:30;sin_act_cocina_comedor;0.264;0.31;0.178;0.233;44;44;44;0;26;26;26;0;155.516;64.57;161.056;0;0;0;0;0;0;1;30;1
2026-04-26 07:53:00;sin_act_cocina_comedor;0;0.296;0.186;0.24;44;44;44;0;26;26;26;0;156.477;69.389;160.507;0;0;0;0;0;0;1;21;1
2026-04-26 07:53:30;sin_act_cocina_comedor;0.284;0.288;0.193;0.205;44;44;44;0;26;26;26;0;160.13;68.223;167.761;0;0;0;0;0;0;1;30;1
2026-04-26 07:54:00;sin_act_cocina_comedor;0;0.292;0;0.197;44;44;44;0;26;26;26;0;160.078;68.617;172.169;0;0;0;0;0;0;0;25;1
2026-04-26 07:54:30;sin_act_cocina_comedor;0;0.296;0;0.213;44;44;44;0;26;26;26;0;156.854;155.619;160.507;0;0;0;0;0;0;1;25;1
2026-04-26 07:55:00;sin_act_cocina_comedor;0;0;0.189;0.207;44;44;44;0;26;26;26;0;160.164;65.376;160.25;0;0;0;0;0;0;1;20;1
2026-04-26 07:55:30;sin_act_cocina_comedor;0;0.295;0;0.199;44;44;44;0;26;26;26;0;160.078;45.276;181.807;0;0;0;0;0;0;1;25;1
2026-04-26 07:56:00;sin_act_cocina_comedor;0.271;0.308;0.206;0.206;44;44;44;0;26;26;26;0;160.044;155.585;160.507;0;0;0;0;0;0;1;25;1
2026-04-26 07:56:30;sin_act_cocina_comedor;0;0.341;0;0.211;44;44;44;0;26;26;26;0;173.301;68.651;173.301;0;0;0;0;0;0;1;30;1
2026-04-26 07:57:00;sin_act_cocina_comedor;0.298;0.349;0.178;0.215;44;44;44;0;26;26;26;0;156.528;68.188;160.558;0;0;0;0;0;0;1;30;1
2026-04-26 07:57:30;sin_act_cocina_comedor;0.278;0.314;0;0.221;44;44;44;0;26;26;26;0;156.837;69.886;161.021;0;0;0;0;0;0;1;25;1
2026-04-26 07:58:00;sin_act_cocina_comedor;0.314;0.314;0;0.202;44;44;44;0;26;26;26;0;156.134;68.617;160.558;0;0;0;0;0;0;1;30;1
2026-04-26 07:58:30;sin_act_cocina_comedor;0.365;0.365;0.194;0.217;44;44;44;0;26;26;26;0;167.384;68.977;167.384;0;0;0;0;0;0;1;25;1
2026-04-26 07:59:00;sin_act_cocina_comedor;0.272;0.299;0.181;0.213;44;44;44;0;26;26;26;0;156.528;68.223;167.384;0;0;0;0;0;0;1;24;1
2026-04-26 07:59:30;sin_act_cocina_comedor;0;0.332;0.2;0.206;44;44;44;0;26;26;26;0;68.171;68.171;175.462;0;0;0;0;0;0;1;26;1
2026-04-26 08:00:00;sin_act_cocina_comedor;0.27;0.327;0.179;0.207;44;44;44;0;26;26;26;0;160.541;69.08;160.541;0;0;0;0;0;0;1;25;1
2026-04-26 08:00:30;sin_act_cocina_comedor;0.306;0.32;0.192;0.216;44;44;44;0;26;26;26;0;156.425;65.307;160.507;0;0;0;0;0;0;1;25;1
2026-04-26 08:01:00;sin_act_cocina_comedor;0.266;0.305;0.184;0.214;44;44;44;0;26;26;26;0;160.164;108.577;160.284;0;0;0;0;0;0;1;23;1
2026-04-26 08:01:30;sin_act_cocina_comedor;0;0.286;0.184;0.217;44;44;44;0;26;26;26;0;155.139;68.223;160.198;0;0;0;0;0;0;0;17;1
2026-04-26 08:02:00;sin_act_cocina_comedor;0;0.275;0.204;0.206;44;44;44;0;26;26;26;0;149.719;69.492;178.257;0;0;0;0;0;0;1;30;1
2026-04-26 08:02:30;sin_act_cocina_comedor;0;0.31;0.173;0.214;44;44;44;0;26;26;26;0;156.528;68.617;160.181;0;0;0;0;0;0;1;30;1
2026-04-26 08:03:00;sin_act_cocina_comedor;0.27;0.313;0;0.209;44;44;44;0;26;26;26;0;156.957;156.425;160.198;0;0;0;0;0;0;1;20;1
2026-04-26 08:03:30;sin_act_cocina_comedor;0.265;0.297;0.195;0.211;44;44;44;0;26;26;26;0;160.13;69.457;173.318;0;0;0;0;0;0;1;26;1
2026-04-26 08:04:00;sin_act_cocina_comedor;0;0.278;0.197;0.231;44;44;44;0;26;26;26;0;160.13;68.223;172.083;0;0;0;0;0;0;1;30;1
2026-04-26 08:04:30;sin_act_cocina_comedor;0;0.31;0.187;0.211;44;44;44;0;26;26;26;0;68.223;64.947;161.021;0;0;0;0;0;0;1;24;1
2026-04-26 08:05:00;sin_act_cocina_comedor;0.267;0.316;0.181;0.209;44;44;44;0;26;26;26;0;160.061;109.863;195.647;0;0;0;0;0;0;0;21;1
2026-04-26 08:05:30;sin_act_cocina_comedor;0;0.366;0.194;0.208;44;44;44;0;26;26;26;0;160.078;69.372;160.232;0;0;0;0;0;0;1;18;1
2026-04-26 08:06:00;sin_act_cocina_comedor;0;0.302;0;0.195;44;44;44;0;26;26;26;0;68.96;68.96;160.232;0;0;0;0;0;0;1;17;1
2026-04-26 08:06:30;sin_act_cocina_comedor;0.264;0.298;0;0.204;44;44;44;0;26;26;26;0;160.112;64.107;179.869;0;0;0;0;0;0;1;30;1
2026-04-26 08:07:00;sin_act_cocina_comedor;0;0.309;0;0.193;44;44;44;0;26;26;26;0;159.649;69.457;182.905;0;0;0;0;0;0;1;25;1
2026-04-26 08:07:30;sin_act_cocina_comedor;0;0.294;0;0.192;44;44;44;0;26;26;26;0;159.804;70.315;165.789;0;0;0;0;0;0;0;30;1
2026-04-26 08:08:00;sin_act_cocina_comedor;0.267;0.342;0.175;0.208;44;44;44;0;26;26;26;0;156.854;156.151;163.114;0;0;0;0;0;0;1;30;1
2026-04-26 08:08:30;sin_act_cocina_comedor;0;0.28;0;0.201;44;44;44;0;26;26;26;0;159.769;69.509;160.13;0;0;0;0;0;0;1;14;1
2026-04-26 08:09:00;sin_act_cocina_comedor;0.316;0.316;0;0.238;44;44;44;0;26;26;26;0;156.545;156.099;160.593;0;0;0;0;0;0;1;16;1
2026-04-26 08:09:30;sin_act_cocina_comedor;0;0.316;0;0.199;44;44;44;0;26;26;26;0;160.575;69.046;160.575;0;0;0;0;0;0;1;30;1
2026-04-26 08:10:00;sin_act_cocina_comedor;0.263;0.286;0.178;0.21;44;44;44;0;26;26;26;0;160.164;153.904;160.198;0;0;0;0;0;0;0;25;1
2026-04-26 08:10:30;sin_act_cocina_comedor;0;0.298;0;0.203;44;44;44;0;26;26;26;0;160.164;64.947;160.215;0;0;0;0;0;0;1;30;1
2026-04-26 08:11:00;sin_act_cocina_comedor;0;0.285;0;0.203;44;44;44;0;26;26;26;0;160.164;69.029;160.232;0;0;0;0;0;0;1;25;1
2026-04-26 08:11:30;sin_act_cocina_comedor;0.277;0.35;0;0.198;44;44;44;0;26;26;26;0;156.854;69.029;160.301;0;0;0;0;0;0;1;30;1
2026-04-26 08:12:00;sin_act_cocina_comedor;0.266;0.286;0.177;0.207;44;44;44;0;26;26;26;0;160.593;44.933;160.661;0;0;0;0;0;0;1;25;1
2026-04-26 08:12:30;sin_act_cocina_comedor;0;0.312;0;0.205;44;44;44;0;26;26;26;0;160.13;64.518;160.181;0;0;0;0;0;0;0;25;1
2026-04-26 08:13:00;sin_act_cocina_comedor;0;0.293;0;0.193;44;44;44;0;26;26;26;0;160.232;68.549;160.267;0;0;0;0;0;0;1;25;1
2026-04-26 08:13:30;sin_act_cocina_comedor;0;0.296;0;0.207;44;44;44;0;26;26;26;0;156.099;68.223;178.068;0;0;0;0;0;0;1;26;1
2026-04-26 08:14:00;sin_act_cocina_comedor;0;0.324;0;0.204;44;44;44;0;26;26;26;0;160.198;69.509;160.558;0;0;0;0;0;0;1;30;1
2026-04-26 08:14:30;sin_act_cocina_comedor;0;0.298;0;0.183;44;44;44;0;26;26;26;0;159.769;64.947;160.49;0;0;0;0;0;0;1;25;1
2026-04-26 08:15:00;sin_act_cocina_comedor;0;0.279;0;0.193;44;44;44;0;26;26;26;0;156.905;64.107;160.644;0;0;0;0;0;0;0;25;1
2026-04-26 08:15:30;sin_act_cocina_comedor;0;0.34;0;0.202;44;44;44;0;26;26;26;0;160.13;68.617;160.627;0;0;0;0;0;0;1;30;1
2026-04-26 08:16:00;sin_act_cocina_comedor;0;0.304;0.206;0.206;44;44;44;0;26;26;26;0;160.198;64.467;182.407;0;0;0;0;0;0;1;20;1
2026-04-26 08:16:30;sin_act_cocina_comedor;0;0.34;0.185;0.211;44;44;44;0;26;26;26;0;160.181;64.844;162.17;0;0;0;0;0;0;1;30;1
2026-04-26 08:17:00;sin_act_cocina_comedor;0.297;0.297;0.179;0.227;44;44;44;0;26;26;26;0;155.996;68.068;160.232;0;0;0;0;0;0;1;25;1
2026-04-26 08:17:30;sin_act_cocina_comedor;0;0.297;0;0.208;44;44;44;0;26;26;26;0;160.181;37.318;160.267;0;0;0;0;0;0;1;30;1
2026-04-26 08:18:00;sin_act_cocina_comedor;0.281;0.298;0.173;0.215;44;44;44;0;26;26;26;0;160.198;64.518;160.198;0;0;0;0;0;0;1;21;1
2026-04-26 08:18:30;sin_act_cocina_comedor;0.285;0.294;0.178;0.21;44;44;44;0;26;26;26;0;155.996;64.878;160.13;0;0;0;0;0;0;0;24;1
2026-04-26 08:19:00;sin_act_cocina_comedor;0.263;0.326;0.186;0.213;44;44;44;0;26;26;26;0;156.425;68.514;161.107;0;0;0;0;0;0;1;26;1
2026-04-26 08:19:30;sin_act_cocina_comedor;0.281;0.297;0.178;0.224;44;44;44;0;26;26;26;0;155.996;64.518;160.232;0;0;0;0;0;0;1;23;1
2026-04-26 08:20:00;sin_act_cocina_comedor;0;0.294;0.184;0.202;44;44;44;0;26;26;26;0;156.991;64.947;160.164;0;0;0;0;0;0;1;25;1
2026-04-26 08:20:30;sin_act_cocina_comedor;0;0.291;0.199;0.203;44;44;44;0;26;26;26;0;160.112;69.08;160.164;0;0;0;0;0;0;1;27;1
2026-04-26 08:21:00;sin_act_cocina_comedor;0.29;0.362;0;0.209;44;44;44;0;26;26;26;0;156.614;69.012;160.198;0;0;0;0;0;0;0;25;1
2026-04-26 08:21:30;sin_act_cocina_comedor;0;0.286;0;0.192;44;44;44;0;26;26;26;0;160.215;67.76;183.917;0;0;0;0;0;0;1;25;1
2026-04-26 08:22:00;sin_act_cocina_comedor;0.267;0.3;0;0.191;44;44;44;0;26;26;26;0;157.866;64.947;160.301;0;0;0;0;0;0;1;24;1
2026-04-26 08:22:30;sin_act_cocina_comedor;0;0.298;0;0.182;44;44;44;0;26;26;26;0;160.147;64.947;163.251;0;0;0;0;0;0;1;25;1
2026-04-26 08:23:00;sin_act_cocina_comedor;0.279;0.325;0;0.19;44;44;44;0;26;26;26;0;160.13;64.553;160.215;0;0;0;0;0;0;1;25;1
2026-04-26 08:23:30;sin_act_cocina_comedor;0;0.297;0;0.187;44;44;44;0;26;26;26;0;160.164;65.256;160.164;0;0;0;0;0;0;0;22;1
2026-04-26 08:24:00;sin_act_cocina_comedor;0.268;0.346;0;0.202;44;44;44;0;26;26;26;0;159.667;69.08;160.593;0;0;0;0;0;0;1;27;1
2026-04-26 08:24:30;sin_act_cocina_comedor;0;0.277;0.177;0.21;44;44;44;0;26;26;26;0;159.735;64.878;160.13;0;0;0;0;0;0;1;30;1
2026-04-26 08:25:00;sin_act_cocina_comedor;0.319;0.328;0.173;0.199;44;44;44;0;26;26;26;0;23.77;23.77;169.819;0;0;0;0;0;0;0;30;1
2026-04-26 08:25:30;sin_act_cocina_comedor;0.279;0.3;0;0.187;44;44;44;0;26;26;26;0;156.94;69.492;160.25;0;0;0;0;0;0;1;30;1
2026-04-26 08:26:00;sin_act_cocina_comedor;0;0.326;0;0.206;44;44;44;0;26;26;26;0;156.459;69.903;173.318;0;0;0;0;0;0;1;30;1
2026-04-26 08:26:30;sin_act_cocina_comedor;0;0.336;0;0.205;44;44;44;0;26;26;26;0;160.232;68.651;191.36;0;0;0;0;0;0;1;30;1
2026-04-26 08:27:00;sin_act_cocina_comedor;0;0.276;0;0.188;44;44;44;0;26;26;26;0;155.19;65.376;160.232;0;0;0;0;0;0;1;30;1
2026-04-26 08:27:30;sin_act_cocina_comedor;0;0.284;0;0.19;44;44;44;0;26;26;26;0;69.457;64.896;160.61;0;0;0;0;0;0;0;25;1
2026-04-26 08:28:00;sin_act_cocina_comedor;0.267;0.306;0;0.185;44;44;44;0;26;26;26;0;156.562;64.467;160.558;0;0;0;0;0;0;1;25;1
2026-04-26 08:28:30;sin_act_cocina_comedor;0;0.323;0.184;0.208;44;44;44;0;26;26;26;0;159.632;68.188;160.232;0;0;0;0;0;0;1;30;1
2026-04-26 08:29:00;sin_act_cocina_comedor;0.283;0.329;0;0.201;44;44;44;0;26;26;26;0;68.583;64.947;160.13;0;0;0;0;0;0;1;30;1
2026-04-26 08:29:30;sin_act_cocina_comedor;0.263;0.303;0;0.201;44;44;44;0;26;26;26;0;68.188;68.137;185.494;0;0;0;0;0;0;1;30;1
2026-04-26 08:30:00;sin_act_cocina_comedor;0.294;0.315;0;0.211;44;44;44;0;26;26;26;0;160.13;68.583;160.164;0;0;0;0;0;0;0;30;1
2026-04-26 08:30:30;sin_act_cocina_comedor;0.263;0.298;0;0.202;44;44;44;0;26;26;26;0;65.376;65.376;186.523;0;0;0;0;0;0;1;30;1
2026-04-26 08:31:00;sin_act_cocina_comedor;0.284;0.284;0.194;0.199;44;44;44;0;26;26;26;0;154.333;64.467;160.181;0;0;0;0;0;0;1;30;1
2026-04-26 08:31:30;sin_act_cocina_comedor;0.276;0.278;0;0.205;44;44;44;0;26;26;26;0;159.684;68.12;160.232;0;0;0;0;0;0;1;30;1
2026-04-26 08:32:00;sin_act_cocina_comedor;0.277;0.345;0.197;0.213;44;44;44;0;26;26;26;0;159.667;68.068;160.198;0;0;0;0;0;0;1;30;1
2026-04-26 08:32:30;sin_act_cocina_comedor;0;0.305;0.195;0.204;44;44;44;0;26;26;26;0;160.593;64.93;161.484;0;0;0;0;0;0;0;30;1
2026-04-26 08:33:00;sin_act_cocina_comedor;0;0.312;0;0.219;44;44;44;0;26;26;26;0;156.888;64.896;181.087;0;0;0;0;0;0;1;25;1
2026-04-26 08:33:30;sin_act_cocina_comedor;0.268;0.305;0.184;0.218;44;44;44;0;26;26;26;0;156.957;68.617;160.61;0;0;0;0;0;0;1;30;1
2026-04-26 08:34:00;sin_act_cocina_comedor;0.267;0.293;0;0.214;44;44;44;0;26;26;26;0;156.888;69.046;160.558;0;0;0;0;0;0;1;25;1
2026-04-26 08:34:30;sin_act_cocina_comedor;0.275;0.288;0.187;0.219;44;44;44;0;26;26;26;0;160.181;69.132;160.593;0;0;0;0;0;0;1;24;1
2026-04-26 08:35:00;sin_act_cocina_comedor;0;0.291;0.203;0.213;44;44;44;0;26;26;26;0;160.13;64.467;161.021;0;0;0;0;0;0;0;30;1
2026-04-26 08:35:30;sin_act_cocina_comedor;0;0.311;0;0.202;44;44;44;0;26;26;26;0;160.112;156.048;160.181;0;0;0;0;0;0;1;25;1
2026-04-26 08:36:00;sin_act_cocina_comedor;0.266;0.283;0;0.202;44;44;44;0;26;26;26;0;68.617;68.617;160.524;0;0;0;0;0;0;1;30;1
2026-04-26 08:36:30;sin_act_cocina_comedor;0.285;0.351;0.177;0.219;44;44;44;0;26;26;26;0;70.778;70.778;160.953;0;0;0;0;0;0;1;22;1
2026-04-26 08:37:00;sin_act_cocina_comedor;0.273;0.285;0.204;0.204;44;44;44;0;26;26;26;0;160.095;69.012;160.575;0;0;0;0;0;0;0;23;1
2026-04-26 08:37:30;sin_act_cocina_comedor;0;0.301;0.178;0.226;44;44;44;0;26;26;26;0;160.13;65.307;186.558;0;0;0;0;0;0;1;27;1
2026-04-26 08:38:00;sin_act_cocina_comedor;0.267;0.321;0.183;0.216;44;44;44;0;26;26;26;0;156.494;64.158;160.593;0;0;0;0;0;0;1;23;1
2026-04-26 08:38:30;sin_act_cocina_comedor;0.263;0.307;0.186;0.202;43.166667;43;44;0.379049;26;26;26;0;156.031;69.921;185.529;0;0;0;0;0;0;1;30;1
2026-04-26 08:39:00;sin_act_cocina_comedor;0.271;0.282;0;0.208;43;43;43;0;26;26;26;0;69.046;65.376;172.701;0;0;0;0;0;0;1;30;1
2026-04-26 08:39:30;sin_act_cocina_comedor;0.268;0.298;0.194;0.219;43;43;43;0;26;26;26;0;156.459;68.617;160.164;0;0;0;0;0;0;0;24;1
2026-04-26 08:40:00;sin_act_cocina_comedor;0;0.292;0.19;0.215;43;43;43;0;26;26;26;0;156.888;139.344;204.942;0;0;0;0;0;0;1;6;1
2026-04-26 08:40:30;sin_act_cocina_comedor;0;0.287;0.209;0.215;43;43;43;0;26;26;26;0;154.521;69.149;160.49;0;0;0;0;0;0;1;25;1
2026-04-26 08:41:00;sin_act_cocina_comedor;0.276;0.286;0.18;0.219;43;43;43;0;26;26;26;0;160.61;70.349;160.61;0;0;0;0;0;0;1;25;1
2026-04-26 08:41:30;sin_act_cocina_comedor;0.262;0.29;0.204;0.221;43;43;43;0;26;26;26;0;156.957;65.736;162.188;0;0;0;0;0;0;1;29;1
2026-04-26 08:42:00;sin_act_cocina_comedor;0.269;0.317;0.176;0.209;43;43;43;0;26;26;26;0;159.752;64.09;160.558;0;0;0;0;0;0;0;25;1
2026-04-26 08:42:30;sin_act_cocina_comedor;0.264;0.316;0.205;0.217;43;43;43;0;26;26;26;0;160.13;155.619;161.21;0;0;0;0;0;0;1;15;1
2026-04-26 08:43:00;sin_act_cocina_comedor;0;0.291;0.185;0.205;43;43;43;0;26;26;26;0;160.164;65.376;201.924;0;0;0;0;0;0;1;21;1
2026-04-26 08:43:30;sin_act_cocina_comedor;0.263;0.294;0.182;0.226;43;43;43;0;26;26;26;0;156.082;68.223;160.232;0;0;0;0;0;0;1;24;1
2026-04-26 08:44:00;sin_act_cocina_comedor;0.271;0.318;0.215;0.215;43;43;43;0;26;26;26;0;160.232;155.55;168.91;0;0;0;0;0;0;1;25;1
2026-04-26 08:44:30;sin_act_cocina_comedor;0;0.329;0.184;0.212;43;43;43;0;26;26;26;0;160.455;76.009;160.455;0;0;0;0;0;0;0;30;1
2026-04-26 08:45:00;sin_act_cocina_comedor;0;0.313;0.188;0.206;43;43;43;0;26.666667;26;27;0.479463;159.701;64.947;192.063;0;0;0;0;0;0;1;29;1
2026-04-26 08:45:30;sin_act_cocina_comedor;0.263;0.31;0.197;0.219;43;43;43;0;26;26;26;0;160.112;64.896;177.588;0;0;0;0;0;0;1;30;1
2026-04-26 08:46:00;sin_act_cocina_comedor;0;0.304;0.233;0.233;43;43;43;0;26.566667;26;27;0.504007;156.099;69.509;160.455;0;0;0;0;0;0;1;25;1
2026-04-26 08:46:30;sin_act_cocina_comedor;0.284;0.319;0.214;0.233;43;43;43;0;26.1;26;27;0.305129;69.509;68.651;160.198;0;0;0;0;0;0;1;30;1
2026-04-26 08:47:00;sin_act_cocina_comedor;0;0.318;0.185;0.227;43;43;43;0;26;26;26;0;68.651;68.651;160.147;0;0;0;0;0;0;0;30;1
2026-04-26 08:47:30;sin_act_cocina_comedor;0.289;0.304;0;0.218;43;43;43;0;26;26;26;0;109.52;68.617;175.702;0;0;0;0;0;0;1;25;1
2026-04-26 08:48:00;sin_act_cocina_comedor;0.266;0.326;0.184;0.218;43;43;43;0;26;26;26;0;160.044;64.518;160.13;0;0;0;0;0;0;0;30;1
2026-04-26 08:48:30;sin_act_cocina_comedor;0.261;0.285;0;0.217;43;43;43;0;26;26;26;0;160.558;64.878;160.558;0;0;0;0;0;0;1;25;1
2026-04-26 08:49:00;sin_act_cocina_comedor;0.261;0.304;0.183;0.206;43;43;43;0;26;26;26;0;109.486;69.08;201.718;0;0;0;0;0;0;1;25;1
2026-04-26 08:49:30;sin_act_cocina_comedor;0;0.34;0.176;0.209;43;43;43;0;26;26;26;0;159.701;64.518;160.593;0;0;0;0;0;0;1;25;1
2026-04-26 08:50:00;sin_act_cocina_comedor;0;0.313;0.192;0.221;43;43;43;0;26;26;26;0;154.744;69.921;160.558;0;0;0;0;0;0;1;19;1
2026-04-26 08:50:30;sin_act_cocina_comedor;0;0.362;0;0.218;43;43;43;0;26;26;26;0;156.168;69.818;160.181;0;0;0;0;0;0;0;26;1
2026-04-26 08:51:00;sin_act_cocina_comedor;0;0.292;0.174;0.214;43;43;43;0;26;26;26;0;156.459;69.492;165.84;0;0;0;0;0;0;1;25;1
2026-04-26 08:51:30;sin_act_cocina_comedor;0;0.312;0;0.214;43;43;43;0;26;26;26;0;160.181;146.958;160.558;0;0;0;0;0;0;1;24;1
2026-04-26 08:52:00;sin_act_cocina_comedor;0;0.299;0;0.203;43;43;43;0;26;26;26;0;156.94;64.947;169.751;0;0;0;0;0;0;1;25;1
2026-04-26 08:52:30;sin_act_cocina_comedor;0.276;0.281;0;0.193;43;43;43;0;26;26;26;0;159.735;69.886;160.558;0;0;0;0;0;0;1;25;1
2026-04-26 08:53:00;sin_act_cocina_comedor;0;0.28;0.178;0.206;43;43;43;0;26;26;26;0;160.13;157.403;160.215;0;0;0;0;0;0;0;27;1
2026-04-26 08:53:30;sin_act_cocina_comedor;0;0.287;0;0.213;43;43;43;0;26;26;26;0;160.164;65.376;160.558;0;0;0;0;0;0;1;28;1
2026-04-26 08:54:00;sin_act_cocina_comedor;0;0.295;0.19;0.197;43;43;43;0;26;26;26;0;160.13;64.038;175.685;0;0;0;0;0;0;1;21;1
2026-04-26 08:54:30;sin_act_cocina_comedor;0.28;0.303;0.188;0.195;43;43;43;0;26;26;26;0;160.232;68.291;160.232;0;0;0;0;0;0;1;24;1
2026-04-26 08:55:00;sin_act_cocina_comedor;0.264;0.333;0;0.195;43;43;43;0;26;26;26;0;160.181;56.235;175.427;0;0;0;0;0;0;1;30;1
2026-04-26 08:55:30;sin_act_cocina_comedor;0;0.316;0.198;0.198;43;43;43;0;26;26;26;0;156.511;64.776;160.164;0;0;0;0;0;0;0;30;1
2026-04-26 08:56:00;sin_act_cocina_comedor;0;0.305;0.174;0.203;43;43;43;0;26;26;26;0;160.164;68.686;163.302;0;0;0;0;0;0;1;24;1
2026-04-26 08:56:30;sin_act_cocina_comedor;0;0.292;0;0.224;43;43;43;0;26;26;26;0;156.957;69.903;161.073;0;0;0;0;0;0;1;24;1
2026-04-26 08:57:00;sin_act_cocina_comedor;0;0.297;0;0.203;43;43;43;0;26;26;26;0;160.061;68.223;160.25;0;0;0;0;0;0;1;25;1
2026-04-26 08:57:30;sin_act_cocina_comedor;0.267;0.307;0.182;0.198;43;43;43;0;26;26;26;0;159.752;64.947;160.198;0;0;0;0;0;0;1;21;1
2026-04-26 08:58:00;sin_act_cocina_comedor;0;0.319;0.197;0.21;43;43;43;0;26;26;26;0;160.13;154.762;160.198;0;0;0;0;0;0;1;30;1
2026-04-26 08:58:30;sin_act_cocina_comedor;0;0.331;0;0.198;43;43;43;0;26;26;26;0;199.454;109.348;199.454;0;0;0;0;0;0;1;30;1
2026-04-26 08:59:00;sin_act_cocina_comedor;0;0.311;0.183;0.217;43;43;43;0;26;26;26;0;155.259;138.812;199.454;0;0;0;0;0;0;0;25;1
2026-04-26 08:59:30;sin_act_cocina_comedor;0;0.32;0.212;0.218;43;43;43;0;26;26;26;0;159.667;64.21;160.593;0;0;0;0;0;0;1;30;1
2026-04-26 09:00:00;sin_act_cocina_comedor;0.269;0.288;0.175;0.205;43;43;43;0;26;26;26;0;156.408;69.886;160.593;0;0;0;0;0;0;1;30;1
2026-04-26 09:00:30;sin_act_cocina_comedor;0;0.286;0;0.204;43;43;43;0;26;26;26;0;156.357;156.357;161.004;0;0;0;0;0;0;1;30;1
2026-04-26 09:01:00;sin_act_cocina_comedor;0;0.305;0;0.205;43;43;43;0;26;26;26;0;108.577;70.418;161.313;0;0;0;0;0;0;1;30;1
2026-04-26 09:01:30;sin_act_cocina_comedor;0.274;0.305;0.179;0.214;43;43;43;0;26;26;26;0;156.511;108.577;160.541;0;0;0;0;0;0;1;30;1
2026-04-26 09:02:00;sin_act_cocina_comedor;0.264;0.338;0.189;0.211;43;43;43;0;26;26;26;0;159.752;94.719;160.558;0;0;0;0;0;0;1;30;1
2026-04-26 09:02:30;sin_act_cocina_comedor;0.27;0.279;0.181;0.205;43;43;43;0;26;26;26;0;155.139;154.813;160.147;0;0;0;0;0;0;0;30;1
2026-04-26 09:03:00;sin_act_cocina_comedor;0.283;0.315;0;0.209;43;43;43;0;26;26;26;0;160.232;68.669;160.473;0;0;0;0;0;0;1;30;1
2026-04-26 09:03:30;sin_act_cocina_comedor;0;0.302;0.175;0.199;43;43;43;0;26;26;26;0;155.242;68.223;160.232;0;0;0;0;0;0;1;30;1
2026-04-26 09:04:00;sin_act_cocina_comedor;0.275;0.294;0.178;0.21;43;43;43;0;26;26;26;0;159.564;64.467;160.678;0;0;0;0;0;0;1;26;1
2026-04-26 09:04:30;sin_act_cocina_comedor;0;0.303;0.188;0.199;43;43;43;0;26;26;26;0;156.854;69.921;160.267;0;0;0;0;0;0;1;29;1
2026-04-26 09:05:00;sin_act_cocina_comedor;0;0.278;0.185;0.202;43;43;43;0;26;26;26;0;159.752;64.518;160.593;0;0;0;0;0;0;1;25;1
2026-04-26 09:05:30;sin_act_cocina_comedor;0.282;0.296;0.196;0.201;43;43;43;0;26;26;26;0;64.998;64.415;160.61;0;0;0;0;0;0;1;30;1
2026-04-26 09:06:00;sin_act_cocina_comedor;0;0.301;0;0.204;43;43;43;0;26;26;26;0;156.528;64.896;196.556;0;0;0;0;0;0;0;30;1
2026-04-26 09:06:30;sin_act_cocina_comedor;0;0.279;0.197;0.204;43;43;43;0;26;26;26;0;182.665;64.09;182.665;0;0;0;0;0;0;1;30;1
2026-04-26 09:07:00;sin_act_cocina_comedor;0.277;0.316;0.183;0.215;43;43;43;0;26;26;26;0;154.419;69.457;201.838;0;0;0;0;0;0;1;30;1
2026-04-26 09:07:30;sin_act_cocina_comedor;0;0.354;0;0.214;43;43;43;0;26;26;26;0;156.425;68.6;160.455;0;0;0;0;0;0;1;30;1
2026-04-26 09:08:00;sin_act_cocina_comedor;0.267;0.328;0.2;0.2;43;43;43;0;26;26;26;0;156.957;65.359;160.867;0;0;0;0;0;0;1;30;1
2026-04-26 09:08:30;sin_act_cocina_comedor;0.323;0.323;0.191;0.213;43;43;43;0;26;26;26;0;156.597;64.518;160.593;0;0;0;0;0;0;0;30;1
2026-04-26 09:09:00;sin_act_cocina_comedor;0.272;0.318;0;0.205;43;43;43;0;26;26;26;0;160.13;64.433;160.593;0;0;0;0;0;0;1;30;1
2026-04-26 09:09:30;sin_act_cocina_comedor;0.28;0.332;0.187;0.207;43;43;43;0;26;26;26;0;175.102;64.518;181.962;0;0;0;0;0;0;1;30;1
2026-04-26 09:10:00;sin_act_cocina_comedor;0;0.299;0.189;0.203;43.766667;43;44;0.430183;26;26;26;0;156.082;64.793;188.564;0;0;0;0;0;0;1;30;1
2026-04-26 09:10:30;sin_act_cocina_comedor;0;0.299;0.194;0.223;44;44;44;0;26;26;26;0;160.164;72.253;160.232;0;0;0;0;0;0;1;30;1
2026-04-26 09:11:00;sin_act_cocina_comedor;0.268;0.341;0.185;0.201;44;44;44;0;26;26;26;0;160.13;108.577;202.456;0;0;0;0;0;0;0;30;1
2026-04-26 09:11:30;sin_act_cocina_comedor;0.272;0.315;0.184;0.215;44;44;44;0;26;26;26;0;156.528;67.76;160.232;0;0;0;0;0;0;1;30;1
2026-04-26 09:12:00;sin_act_cocina_comedor;0.27;0.29;0.176;0.231;44;44;44;0;26;26;26;0;155.31;50.438;160.558;0;0;0;0;0;0;1;30;1
2026-04-26 09:12:30;sin_act_cocina_comedor;0;0.35;0.21;0.21;44;44;44;0;26;26;26;0;156.562;68.72;188.616;0;0;0;0;0;0;1;30;1
2026-04-26 09:13:00;sin_act_cocina_comedor;0;0.321;0.2;0.213;44;44;44;0;26;26;26;0;160.267;64.038;197.294;0;0;0;0;0;0;1;30;1
2026-04-26 09:13:30;sin_act_cocina_comedor;0.276;0.33;0.197;0.228;44;44;44;0;26;26;26;0;177.571;64.518;177.571;0;0;0;0;0;0;1;30;1
2026-04-26 09:14:00;sin_act_cocina_comedor;0.291;0.316;0.19;0.208;44;44;44;0;26;26;26;0;159.804;40.971;162.651;0;0;0;0;0;0;1;30;1
2026-04-26 09:14:30;sin_act_cocina_comedor;0;0.297;0.181;0.208;44;44;44;0;26;26;26;0;160.558;65.376;160.558;0;0;0;0;0;0;0;30;1
2026-04-26 09:15:00;sin_act_cocina_comedor;0.289;0.289;0;0.197;44;44;44;0;26;26;26;0;158.415;69.08;163.971;0;0;0;0;0;0;1;25;1
2026-04-26 09:15:30;sin_act_cocina_comedor;0.264;0.3;0.178;0.195;44;44;44;0;26;26;26;0;156.168;70.349;183.591;0;0;0;0;0;0;1;24;1
2026-04-26 09:16:00;sin_act_cocina_comedor;0.262;0.299;0.228;0.228;44;44;44;0;26;26;26;0;156.648;65.736;177.451;0;0;0;0;0;0;1;30;1
2026-04-26 09:16:30;sin_act_cocina_comedor;0;0.322;0.217;0.217;44;44;44;0;26;26;26;0;156.099;64.484;160.987;0;0;0;0;0;0;1;30;1
2026-04-26 09:17:00;sin_act_cocina_comedor;0;0.314;0.201;0.201;44;44;44;0;26;26;26;0;156.597;67.863;160.558;0;0;0;0;0;0;1;27;1
2026-04-26 09:17:30;sin_act_cocina_comedor;0;0.295;0.174;0.206;44;44;44;0;26;26;26;0;156.099;65.359;164.4;0;0;0;0;0;0;1;30;1
2026-04-26 09:18:00;sin_act_cocina_comedor;0;0.281;0;0.222;44;44;44;0;26;26;26;0;156.94;68.72;182.013;0;0;0;0;0;0;1;30;1
2026-04-26 09:18:30;sin_act_cocina_comedor;0.285;0.314;0;0.214;44;44;44;0;26;26;26;0;154.762;64.947;161.296;0;0;0;0;0;0;0;30;1
2026-04-26 09:19:00;sin_act_cocina_comedor;0;0.309;0.181;0.196;44;44;44;0;26;26;26;0;155.636;65.376;160.627;0;0;0;0;0;0;1;30;1
2026-04-26 09:19:30;sin_act_cocina_comedor;0.261;0.284;0.198;0.204;44;44;44;0;26;26;26;0;159.752;64.467;162.273;0;0;0;0;0;0;1;30;1
2026-04-26 09:20:00;sin_act_cocina_comedor;0.287;0.333;0.177;0.196;44;44;44;0;26;26;26;0;160.181;68.703;169.236;0;0;0;0;0;0;1;30;1
2026-04-26 09:20:30;sin_act_cocina_comedor;0.332;0.332;0.194;0.201;44;44;44;0;26;26;26;0;152;65.787;167.693;0;0;0;0;0;0;1;30;1
2026-04-26 09:21:00;sin_act_cocina_comedor;0;0.318;0.187;0.224;44;44;44;0;26;26;26;0;157.386;36.65;182.064;0;0;0;0;0;0;0;30;1
2026-04-26 09:21:30;sin_act_cocina_comedor;0;0.296;0.182;0.218;44;44;44;0;26;26;26;0;160.164;64.57;165.36;0;0;0;0;0;0;1;30;1
2026-04-26 09:22:00;sin_act_cocina_comedor;0;0.303;0;0.199;44;44;44;0;26;26;26;0;156.528;64.501;160.661;0;0;0;0;0;0;1;30;1
2026-04-26 09:22:30;sin_act_cocina_comedor;0;0.277;0;0.191;44;44;44;0;26;26;26;0;140.167;68.72;161.021;0;0;0;0;0;0;1;30;1
2026-04-26 09:23:00;sin_act_cocina_comedor;0;0.302;0.185;0.196;44;44;44;0;26;26;26;0;137.029;64.467;160.593;0;0;0;0;0;0;1;30;1
2026-04-26 09:23:30;sin_act_cocina_comedor;0;0.304;0.174;0.207;44;44;44;0;26;26;26;0;155.276;65.359;160.61;0;0;0;0;0;0;0;30;1
2026-04-26 09:24:00;sin_act_cocina_comedor;0.267;0.334;0;0.201;44;44;44;0;26;26;26;0;160.284;69.046;179.698;0;0;0;0;0;0;1;30;1
2026-04-26 09:24:30;sin_act_cocina_comedor;0;0.327;0;0.207;44;44;44;0;26;26;26;0;160.147;64.535;160.575;0;0;0;0;0;0;0;30;1
2026-04-26 09:25:00;sin_act_cocina_comedor;0;0.304;0;0.204;44;44;44;0;26;26;26;0;153.355;64.947;161.656;0;0;0;0;0;0;1;30;1
2026-04-26 09:25:30;sin_act_cocina_comedor;0.266;0.284;0.186;0.218;44;44;44;0;26;26;26;0;156.099;64.878;173.181;0;0;0;0;0;0;1;29;1
2026-04-26 09:26:00;sin_act_cocina_comedor;0.264;0.298;0.184;0.203;44;44;44;0;26;26;26;0;160.164;64.57;160.593;0;0;0;0;0;0;1;29;1
2026-04-26 09:26:30;sin_act_cocina_comedor;0.262;0.309;0.215;0.215;44;44;44;0;26;26;26;0;155.19;64.57;189.473;0;0;0;0;0;0;1;25;1
2026-04-26 09:27:00;sin_act_cocina_comedor;0.274;0.336;0.208;0.214;44;44;44;0;26;26;26;0;159.804;63.987;160.232;0;0;0;0;0;0;0;30;1
2026-04-26 09:27:30;sin_act_cocina_comedor;0.275;0.304;0.215;0.215;44;44;44;0;26;26;26;0;160.661;64.467;160.661;0;0;0;0;0;0;1;30;1
2026-04-26 09:28:00;sin_act_cocina_comedor;0.267;0.3;0;0.195;44;44;44;0;26;26;26;0;68.651;63.987;160.164;0;0;0;0;0;0;1;30;1
2026-04-26 09:28:30;sin_act_cocina_comedor;0;0.312;0.175;0.205;44;44;44;0;26;26;26;0;156.511;65.359;173.249;0;0;0;0;0;0;1;30;1
2026-04-26 09:29:00;sin_act_cocina_comedor;0.271;0.297;0.219;0.221;44;44;44;0;26;26;26;0;157.523;64.896;160.575;0;0;0;0;0;0;1;30;1
2026-04-26 09:29:30;sin_act_cocina_comedor;0;0.301;0.194;0.207;44;44;44;0;26;26;26;0;159.821;64.896;160.284;0;0;0;0;0;0;1;25;1
2026-04-26 09:30:00;sin_act_cocina_comedor;0.264;0.296;0.189;0.228;44;44;44;0;26;26;26;0;160.181;65.376;173.266;0;0;0;0;0;0;1;30;1
2026-04-26 09:30:30;sin_act_cocina_comedor;0;0.307;0.183;0.201;44;44;44;0;26;26;26;0;160.198;69.492;164.606;0;0;0;0;0;0;0;30;1
2026-04-26 09:31:00;sin_act_cocina_comedor;0.267;0.312;0.187;0.208;44;44;44;0;26;26;26;0;156.185;60.831;160.301;0;0;0;0;0;0;1;25;1
2026-04-26 09:31:30;sin_act_cocina_comedor;0;0.32;0.192;0.199;44;44;44;0;26;26;26;0;155.619;64.45;161.193;0;0;0;0;0;0;1;30;1
2026-04-26 09:32:00;sin_act_cocina_comedor;0;0.298;0;0.212;44;44;44;0;26;26;26;0;68.651;65.341;160.181;0;0;0;0;0;0;1;30;1
2026-04-26 09:32:30;sin_act_cocina_comedor;0.276;0.309;0.196;0.213;44;44;44;0;26;26;26;0;155.671;64.947;160.301;0;0;0;0;0;0;1;25;1
2026-04-26 09:33:00;sin_act_cocina_comedor;0.268;0.295;0.195;0.231;44;44;44;0;26;26;26;0;69.938;65.702;160.61;0;0;0;0;0;0;0;25;1
2026-04-26 09:33:30;sin_act_cocina_comedor;0.294;0.295;0.179;0.208;44;44;44;0;26;26;26;0;156.545;68.223;160.284;0;0;0;0;0;0;1;30;1
2026-04-26 09:34:00;sin_act_cocina_comedor;0.263;0.301;0.176;0.21;44;44;44;0;26;26;26;0;110.703;65.359;160.232;0;0;0;0;0;0;1;26;1
2026-04-26 09:34:30;sin_act_cocina_comedor;0.298;0.298;0.176;0.21;44;44;44;0;26;26;26;0;156.528;68.583;160.284;0;0;0;0;0;0;0;30;1
2026-04-26 09:35:00;sin_act_cocina_comedor;0;0.311;0.178;0.216;44;44;44;0;26;26;26;0;159.752;68.223;173.935;0;0;0;0;0;0;1;30;1
2026-04-26 09:35:30;sin_act_cocina_comedor;0.273;0.287;0.2;0.212;44;44;44;0;26;26;26;0;156.511;64.947;182.853;0;0;0;0;0;0;1;30;1
2026-04-26 09:36:00;sin_act_cocina_comedor;0.27;0.293;0;0.225;44;44;44;0;26;26;26;0;160.13;64.553;179.32;0;0;0;0;0;0;1;25;1
2026-04-26 09:36:30;sin_act_cocina_comedor;0;0.293;0.194;0.209;44;44;44;0;26;26;26;0;159.752;68.223;173.044;0;0;0;0;0;0;1;30;1
2026-04-26 09:37:00;sin_act_cocina_comedor;0.266;0.348;0.202;0.208;44;44;44;0;26;26;26;0;156.511;64.501;160.558;0;0;0;0;0;0;0;30;1
2026-04-26 09:37:30;sin_act_cocina_comedor;0.266;0.307;0.198;0.209;44;44;44;0;26;26;26;0;156.494;65.376;160.61;0;0;0;0;0;0;1;24;1
2026-04-26 09:38:00;sin_act_cocina_comedor;0.288;0.289;0.193;0.236;44;44;44;0;26;26;26;0;156.168;68.994;160.181;0;0;0;0;0;0;1;30;1
2026-04-26 09:38:30;sin_act_cocina_comedor;0.275;0.327;0.19;0.214;44;44;44;0;26;26;26;0;159.632;64.896;160.713;0;0;0;0;0;0;1;30;1
2026-04-26 09:39:00;sin_act_cocina_comedor;0.271;0.309;0.222;0.222;44;44;44;0;26;26;26;0;160.13;47.385;160.558;0;0;0;0;0;0;1;30;1
2026-04-26 09:39:30;sin_act_cocina_comedor;0.264;0.326;0;0.228;44;44;44;0;26;26;26;0;160.13;155.671;164.949;0;0;0;0;0;0;0;30;1
2026-04-26 09:40:00;sin_act_cocina_comedor;0;0.313;0.184;0.216;44;44;44;0;26;26;26;0;160.13;64.467;160.198;0;0;0;0;0;0;1;30;1
2026-04-26 09:40:30;sin_act_cocina_comedor;0;0.308;0.178;0.198;44;44;44;0;26;26;26;0;159.838;69.08;160.61;0;0;0;0;0;0;0;25;1
2026-04-26 09:41:00;sin_act_cocina_comedor;0.275;0.317;0.184;0.203;44;44;44;0;26;26;26;0;160.13;64.038;166.286;0;0;0;0;0;0;1;21;1
2026-04-26 09:41:30;sin_act_cocina_comedor;0.27;0.314;0.174;0.221;44;44;44;0;26;26;26;0;156.459;155.979;160.558;0;0;0;0;0;0;1;24;1
2026-04-26 09:42:00;sin_act_cocina_comedor;0;0.322;0.18;0.221;44;44;44;0;26;26;26;0;160.147;64.518;168.636;0;0;0;0;0;0;1;30;1
2026-04-26 09:42:30;sin_act_cocina_comedor;0.291;0.309;0.235;0.235;43.566667;43;44;0.504007;26;26;26;0;190.828;64.844;190.828;0;0;0;0;0;0;1;21;1
2026-04-26 09:43:00;sin_act_cocina_comedor;0;0.341;0.178;0.216;43;43;43;0;26;26;26;0;160.198;64.947;190.828;0;0;0;0;0;0;0;25;1
2026-04-26 09:43:30;sin_act_cocina_comedor;0;0.289;0.195;0.208;43;43;43;0;26;26;26;0;160.61;64.913;160.695;0;0;0;0;0;0;1;30;1
2026-04-26 09:44:00;sin_act_cocina_comedor;0.283;0.283;0.175;0.221;43;43;43;0;26;26;26;0;156.562;64.587;160.284;0;0;0;0;0;0;1;27;1
2026-04-26 09:44:30;sin_act_cocina_comedor;0;0.298;0;0.211;43;43;43;0;26;26;26;0;160.61;141.282;160.61;0;0;0;0;0;0;1;23;1
2026-04-26 09:45:00;sin_act_cocina_comedor;0.272;0.333;0.175;0.187;43;43;43;0;26;26;26;0;160.181;65.359;160.575;0;0;0;0;0;0;1;30;1
2026-04-26 09:45:30;sin_act_cocina_comedor;0;0.297;0;0.214;43;43;43;0;26;26;26;0;159.718;69.389;160.644;0;0;0;0;0;0;0;17;1
2026-04-26 09:46:00;sin_act_cocina_comedor;0.282;0.282;0.175;0.216;43;43;43;0;26;26;26;0;160.232;64.518;174.981;0;0;0;0;0;0;1;28;1
2026-04-26 09:46:30;sin_act_cocina_comedor;0.268;0.292;0;0.211;43;43;43;0;26;26;26;0;160.112;69.08;160.644;0;0;0;0;0;0;1;27;1
2026-04-26 09:47:00;sin_act_cocina_comedor;0;0.295;0;0.209;43;43;43;0;26;26;26;0;110.789;65.427;204.565;0;0;0;0;0;0;1;23;1
2026-04-26 09:47:30;sin_act_cocina_comedor;0;0.324;0.192;0.209;43;43;43;0;26;26;26;0;185.271;42.601;205.354;0;0;0;0;0;0;1;30;1
2026-04-26 09:48:00;sin_act_cocina_comedor;0.27;0.296;0.175;0.199;43;43;43;0;26;26;26;0;157.386;68.188;185.271;0;0;0;0;0;0;0;30;1
2026-04-26 09:48:30;sin_act_cocina_comedor;0;0.315;0.177;0.207;43;43;43;0;26;26;26;0;156.94;64.518;160.593;0;0;0;0;0;0;1;30;1
2026-04-26 09:49:00;sin_act_cocina_comedor;0.307;0.307;0.185;0.207;43;43;43;0;26;26;26;0;159.804;60.865;165.292;0;0;0;0;0;0;1;30;1
2026-04-26 09:49:30;sin_act_cocina_comedor;0;0.297;0.19;0.201;43;43;43;0;26;26;26;0;160.13;64.09;160.661;0;0;0;0;0;0;1;24;1
2026-04-26 09:50:00;sin_act_cocina_comedor;0;0.31;0;0.214;43;43;43;0;26;26;26;0;159.769;64.93;189.027;0;0;0;0;0;0;1;25;1
2026-04-26 09:50:30;sin_act_cocina_comedor;0.268;0.28;0.181;0.202;43;43;43;0;26;26;26;0;160.232;64.518;188.547;0;0;0;0;0;0;0;30;1
2026-04-26 09:51:00;sin_act_cocina_comedor;0.279;0.314;0.189;0.221;43;43;43;0;26;26;26;0;160.661;68.651;161.759;0;0;0;0;0;0;1;28;1
2026-04-26 09:51:30;sin_act_cocina_comedor;0.262;0.306;0;0.21;43;43;43;0;26;26;26;0;156.631;64.878;184.037;0;0;0;0;0;0;1;27;1
2026-04-26 09:52:00;sin_act_cocina_comedor;0.27;0.304;0;0.204;43;43;43;0;26;26;26;0;159.821;69.903;161.107;0;0;0;0;0;0;1;30;1
2026-04-26 09:52:30;sin_act_cocina_comedor;0;0.302;0;0.212;43;43;43;0;26;26;26;0;160.215;65.359;174.793;0;0;0;0;0;0;1;30;1
2026-04-26 09:53:00;sin_act_cocina_comedor;0.271;0.303;0;0.214;43;43;43;0;26;26;26;0;156.562;64.947;160.781;0;0;0;0;0;0;0;30;1
2026-04-26 09:53:30;sin_act_cocina_comedor;0.279;0.312;0.185;0.214;43;43;43;0;26;26;26;0;160.147;65.805;167.83;0;0;0;0;0;0;1;30;1
2026-04-26 09:54:00;sin_act_cocina_comedor;0;0.326;0.175;0.207;43;43;43;0;26;26;26;0;160.13;64.947;183.231;0;0;0;0;0;0;0;30;1
2026-04-26 09:54:30;sin_act_cocina_comedor;0.273;0.288;0.174;0.205;43;43;43;0;26;26;26;0;160.164;64.878;160.593;0;0;0;0;0;0;0;30;1
2026-04-26 09:55:00;sin_act_cocina_comedor;0;0.293;0.186;0.207;43;43;43;0;26;26;26;0;160.164;68.651;160.267;0;0;0;0;0;0;0;30;1
2026-04-26 09:55:30;sin_act_cocina_comedor;0.319;0.319;0.212;0.212;43;43;43;0;26;26;26;0;159.838;67.811;160.593;0;0;0;0;0;0;0;30;1
2026-04-26 09:56:00;sin_act_cocina_comedor;0.261;0.319;0;0.212;43;43;43;0;26;26;26;0;157.008;61.38;160.575;0;0;0;0;0;0;0;30;1
2026-04-26 09:56:30;sin_act_cocina_comedor;0;0.304;0.192;0.215;43;43;43;0;26;26;26;0;159.804;64.827;160.661;0;0;0;0;0;0;0;25;1
2026-04-26 09:57:00;sin_act_cocina_comedor;0;0.289;0.182;0.207;43;43;43;0;26;26;26;0;159.804;34.574;173.129;0;0;0;0;0;0;0;28;1
2026-04-26 09:57:30;sin_act_cocina_comedor;0;0.322;0;0.211;43;43;43;0;26;26;26;0;160.13;65.41;186.129;0;0;0;0;0;0;0;27;1
2026-04-26 09:58:00;sin_act_cocina_comedor;0.279;0.293;0.199;0.212;43;43;43;0;26;26;26;0;159.735;64.878;160.661;0;0;0;0;0;0;0;30;1
2026-04-26 09:58:30;sin_act_cocina_comedor;0.27;0.321;0.178;0.215;43;43;43;0;26;26;26;0;159.838;64.141;164.194;0;0;0;0;0;0;0;28;1
2026-04-26 09:59:00;sin_act_cocina_comedor;0;0.29;0.2;0.212;43;43;43;0;26;26;26;0;69.08;64.844;181.67;0;0;0;0;0;0;1;26;1
2026-04-26 09:59:30;sin_act_cocina_comedor;0;0.313;0;0.2;43;43;43;0;26;26;26;0;154.83;64.467;174.484;0;0;0;0;0;0;1;24;1
2026-04-26 10:00:00;sin_act_cocina_comedor;0.293;0.308;0.181;0.223;43;43;43;0;26;26;26;0;160.181;65.359;175.959;0;0;0;0;0;0;1;30;1
2026-04-26 10:00:30;sin_act_cocina_comedor;0.274;0.33;0.188;0.211;43;43;43;0;26;26;26;0;155.722;68.6;183.642;0;0;0;0;0;0;0;25;1
2026-04-26 10:01:00;sin_act_cocina_comedor;0.279;0.317;0.177;0.198;43;43;43;0;26;26;26;0;157.06;64.467;205.817;0;0;0;0;0;0;1;30;1
2026-04-26 10:01:30;sin_act_cocina_comedor;0.332;0.332;0.204;0.23;43;43;43;0;26;26;26;0;153.698;64.896;160.232;0;0;0;0;0;0;1;25;1
2026-04-26 10:02:00;sin_act_cocina_comedor;0;0.293;0;0.203;43;43;43;0;26;26;26;0;156.528;64.467;162.976;0;0;0;0;0;0;1;25;1
2026-04-26 10:02:30;sin_act_cocina_comedor;0;0.29;0;0.201;43;43;43;0;26;26;26;0;130.374;69.149;163.079;0;0;0;0;0;0;1;30;1
2026-04-26 10:03:00;sin_act_cocina_comedor;0;0.304;0.183;0.192;43;43;43;0;26;26;26;0;160.13;68.651;181.138;0;0;0;0;0;0;0;30;1
2026-04-26 10:03:30;sin_act_cocina_comedor;0;0.293;0;0.203;43;43;43;0;26;26;26;0;156.888;64.09;161.073;0;0;0;0;0;0;1;30;1
2026-04-26 10:04:00;sin_act_cocina_comedor;0;0.296;0;0.198;43;43;43;0;26;26;26;0;156.991;68.223;160.713;0;0;0;0;0;0;1;25;1
2026-04-26 10:04:30;sin_act_cocina_comedor;0.27;0.305;0.187;0.205;43;43;43;0;26;26;26;0;155.619;65.513;160.593;0;0;0;0;0;0;1;25;1
2026-04-26 10:05:00;sin_act_cocina_comedor;0.263;0.347;0.198;0.202;43;43;43;0;26;26;26;0;160.198;69.475;182.013;0;0;0;0;0;0;1;25;1
2026-04-26 10:05:30;sin_act_cocina_comedor;0.278;0.305;0.181;0.206;43;43;43;0;26;26;26;0;159.752;64.518;164.331;0;0;0;0;0;0;0;23;1
2026-04-26 10:06:00;sin_act_cocina_comedor;0.263;0.307;0.19;0.201;43;43;43;0;26;26;26;0;160.575;70.761;160.678;0;0;0;0;0;0;1;26;1
2026-04-26 10:06:30;sin_act_cocina_comedor;0;0.335;0;0.2;43;43;43;0;26;26;26;0;159.855;64.518;160.61;0;0;0;0;0;0;1;21;1
2026-04-26 10:07:00;sin_act_cocina_comedor;0;0.283;0;0.197;43;43;43;0;26;26;26;0;157.043;64.896;160.558;0;0;0;0;0;0;1;29;1
2026-04-26 10:07:30;sin_act_cocina_comedor;0;0.281;0;0.204;43;43;43;0;26;26;26;0;156.511;68.651;160.678;0;0;0;0;0;0;1;20;1
2026-04-26 10:08:00;sin_act_cocina_comedor;0.269;0.298;0.174;0.226;43;43;43;0;26;26;26;0;160.13;64.57;175.187;0;0;0;0;0;0;0;24;1
2026-04-26 10:08:30;sin_act_cocina_comedor;0;0.318;0.205;0.205;43;43;43;0;26;26;26;0;159.701;68.223;160.764;0;0;0;0;0;0;1;24;1
2026-04-26 10:09:00;sin_act_cocina_comedor;0;0.313;0;0.212;43;43;43;0;26;26;26;0;156.528;68.651;160.73;0;0;0;0;0;0;1;22;1
2026-04-26 10:09:30;sin_act_cocina_comedor;0;0.297;0;0.192;43;43;43;0;26;26;26;0;156.957;68.686;160.593;0;0;0;0;0;0;1;28;1
2026-04-26 10:10:00;sin_act_cocina_comedor;0;0.291;0;0.198;43;43;43;0;26;26;26;0;155.293;68.223;165.377;0;0;0;0;0;0;1;25;1
2026-04-26 10:10:30;sin_act_cocina_comedor;0;0.341;0;0.207;43;43;43;0;26;26;26;0;70.812;69.475;160.198;0;0;0;0;0;0;0;25;1
2026-04-26 10:11:00;sin_act_cocina_comedor;0.283;0.292;0;0.198;42.033333;42;43;0.182574;26;26;26;0;160.232;68.669;177.108;0;0;0;0;0;0;1;25;1
2026-04-26 10:11:30;sin_act_cocina_comedor;0;0.293;0;0.199;42;42;42;0;26;26;26;0;64.998;64.998;160.232;0;0;0;0;0;0;1;27;1
2026-04-26 10:12:00;sin_act_cocina_comedor;0.272;0.295;0;0.177;42.633333;42;43;0.490133;26;26;26;0;160.284;64.57;174.433;0;0;0;0;0;0;1;23;1
2026-04-26 10:12:30;sin_act_cocina_comedor;0;0.308;0;0.196;43;43;43;0;26;26;26;0;157.523;46.871;202.662;0;0;0;0;0;0;1;25;1
2026-04-26 10:13:00;sin_act_cocina_comedor;0.289;0.303;0.183;0.207;43;43;43;0;26;26;26;0;156.151;67.794;184.774;0;0;0;0;0;0;0;26;1
2026-04-26 10:13:30;sin_act_cocina_comedor;0;0.314;0;0.194;43;43;43;0;26;26;26;0;160.164;64.896;160.661;0;0;0;0;0;0;1;25;1
2026-04-26 10:14:00;sin_act_cocina_comedor;0.264;0.291;0;0.2;43;43;43;0;26;26;26;0;160.181;64.518;160.558;0;0;0;0;0;0;1;28;1
2026-04-26 10:14:30;sin_act_cocina_comedor;0.311;0.311;0;0.199;43;43;43;0;26;26;26;0;160.232;64.518;163.354;0;0;0;0;0;0;1;22;1
2026-04-26 10:15:00;sin_act_cocina_comedor;0.264;0.292;0;0.215;43;43;43;0;26;26;26;0;156.631;65.41;160.25;0;0;0;0;0;0;1;30;1
2026-04-26 10:15:30;sin_act_cocina_comedor;0.268;0.31;0.183;0.206;43;43;43;0;26;26;26;0;156.099;64.998;161.416;0;0;0;0;0;0;0;24;1
2026-04-26 10:16:00;sin_act_cocina_comedor;0;0.285;0;0.195;43;43;43;0;26;26;26;0;160.232;68.24;160.284;0;0;0;0;0;0;1;25;1
2026-04-26 10:16:30;sin_act_cocina_comedor;0;0.368;0.176;0.202;43;43;43;0;26;26;26;0;155.739;69.08;160.232;0;0;0;0;0;0;0;28;1
2026-04-26 10:17:00;sin_act_cocina_comedor;0;0.291;0;0.191;43;43;43;0;26;26;26;0;156.168;64.415;160.661;0;0;0;0;0;0;1;22;1
2026-04-26 10:17:30;sin_act_cocina_comedor;0.274;0.289;0;0.205;43;43;43;0;26;26;26;0;68.617;64.09;201.29;0;0;0;0;0;0;0;25;1
2026-04-26 10:18:00;sin_act_cocina_comedor;0.265;0.324;0;0.198;43;43;43;0;26;26;26;0;156.014;69.097;160.661;0;0;0;0;0;0;1;25;1
2026-04-26 10:18:30;sin_act_cocina_comedor;0.267;0.288;0;0.193;43;43;43;0;26;26;26;0;69.989;64.947;160.644;0;0;0;0;0;0;1;30;1
2026-04-26 10:19:00;sin_act_cocina_comedor;0.292;0.332;0.18;0.203;43;43;43;0;26;26;26;0;157.043;69.389;160.661;0;0;0;0;0;0;1;25;1
2026-04-26 10:19:30;sin_act_cocina_comedor;0;0.29;0;0.187;43;43;43;0;26;26;26;0;155.791;68.223;194.481;0;0;0;0;0;0;1;25;1
2026-04-26 10:20:00;sin_act_cocina_comedor;0.267;0.308;0;0.204;43;43;43;0;26;26;26;0;156.631;64.518;161.09;0;0;0;0;0;0;1;30;1
2026-04-26 10:20:30;sin_act_cocina_comedor;0.264;0.309;0.192;0.194;43;43;43;0;26;26;26;0;156.099;69.08;196.796;0;0;0;0;0;0;1;25;1
2026-04-26 10:21:00;sin_act_cocina_comedor;0.285;0.323;0;0.205;43;43;43;0;26;26;26;0;155.739;64.57;171.174;0;0;0;0;0;0;1;30;1
2026-04-26 10:21:30;sin_act_cocina_comedor;0;0.296;0.175;0.199;43;43;43;0;26;26;26;0;62.975;62.975;160.713;0;0;0;0;0;0;1;30;1
2026-04-26 10:22:00;sin_act_cocina_comedor;0.267;0.317;0.176;0.199;43;43;43;0;26;26;26;0;154.213;64.896;160.713;0;0;0;0;0;0;1;30;1
2026-04-26 10:22:30;sin_act_cocina_comedor;0.324;0.341;0;0.228;43;43;43;0;26;26;26;0;157.094;65.307;206.606;0;0;0;0;0;0;0;30;1
2026-04-26 10:23:00;sin_act_cocina_comedor;0.262;0.324;0.175;0.213;43;43;43;0;26;26;26;0;160.198;68.188;160.61;0;0;0;0;0;0;1;30;1
2026-04-26 10:23:30;sin_act_cocina_comedor;0.268;0.324;0;0.205;43;43;43;0;26;26;26;0;70.349;68.188;160.713;0;0;0;0;0;0;1;30;1
2026-04-26 10:24:00;sin_act_cocina_comedor;0;0.301;0;0.214;43;43;43;0;26;26;26;0;160.13;64.947;208.047;0;0;0;0;0;0;1;25;1
2026-04-26 10:24:30;sin_act_cocina_comedor;0;0.308;0;0.199;43;43;43;0;26;26;26;0;156.648;64.844;160.661;0;0;0;0;0;0;1;30;1
2026-04-26 10:25:00;sin_act_cocina_comedor;0.27;0.295;0;0.206;43;43;43;0;26;26;26;0;69.457;68.549;178.497;0;0;0;0;0;0;0;25;1
2026-04-26 10:25:30;sin_act_cocina_comedor;0;0.285;0.183;0.21;43;43;43;0;26;26;26;0;156.116;68.72;160.215;0;0;0;0;0;0;1;30;1
2026-04-26 10:26:00;sin_act_cocina_comedor;0.267;0.329;0.191;0.193;43;43;43;0;26;26;26;0;160.267;64.896;193.829;0;0;0;0;0;0;1;25;1
2026-04-26 10:26:30;sin_act_cocina_comedor;0;0.391;0;0.203;43;43;43;0;26;26;26;0;155.293;45.67;160.558;0;0;0;0;0;0;1;21;1
2026-04-26 10:27:00;sin_act_cocina_comedor;0;0.3;0.194;0.2;43;43;43;0;26;26;26;0;156.528;65.839;160.284;0;0;0;0;0;0;1;24;1
2026-04-26 10:27:30;sin_act_cocina_comedor;0.284;0.309;0.19;0.212;43;43;43;0;26;26;26;0;156.665;68.223;168.276;0;0;0;0;0;0;0;25;1
2026-04-26 10:28:00;sin_act_cocina_comedor;0;0.293;0.178;0.208;43;43;43;0;26;26;26;0;164.64;64.896;164.64;0;0;0;0;0;0;1;30;1
2026-04-26 10:28:30;sin_act_cocina_comedor;0.29;0.329;0;0.205;43;43;43;0;26;26;26;0;160.181;65.341;164.64;0;0;0;0;0;0;1;25;1
2026-04-26 10:29:00;sin_act_cocina_comedor;0.268;0.296;0.174;0.211;43;43;43;0;26;26;26;0;160.232;64.947;165.703;0;0;0;0;0;0;1;30;1
2026-04-26 10:29:30;sin_act_cocina_comedor;0.3;0.3;0.175;0.199;43;43;43;0;26;26;26;0;155.653;65.376;160.661;0;0;0;0;0;0;1;30;1
2026-04-26 10:30:00;sin_act_cocina_comedor;0;0.288;0;0.188;43;43;43;0;26;26;26;0;65.359;65.359;160.661;0;0;0;0;0;0;0;25;1
2026-04-26 10:30:30;sin_act_cocina_comedor;0;0.289;0;0.187;43;43;43;0;26;26;26;0;160.215;64.518;175.633;0;0;0;0;0;0;1;30;1
2026-04-26 10:31:00;sin_act_cocina_comedor;0;0.304;0;0.181;43;43;43;0;26;26;26;0;84.292;69.029;174.673;0;0;0;0;0;0;1;30;1
2026-04-26 10:31:30;sin_act_cocina_comedor;0;0.285;0;0.193;43;43;43;0;26;26;26;0;156.254;68.188;160.267;0;0;0;0;0;0;1;30;1
2026-04-26 10:32:00;sin_act_cocina_comedor;0;0.323;0;0.184;43;43;43;0;26;26;26;0;161.038;64.09;161.124;0;0;0;0;0;0;1;25;1
2026-04-26 10:32:30;sin_act_cocina_comedor;0;0.308;0;0.199;43;43;43;0;26;26;26;0;157.077;64.107;160.661;0;0;0;0;0;0;0;24;1
2026-04-26 10:33:00;sin_act_cocina_comedor;0.263;0.309;0;0.195;43;43;43;0;26;26;26;0;69.046;68.651;160.661;0;0;0;0;0;0;1;30;1
2026-04-26 10:33:30;sin_act_cocina_comedor;0.276;0.283;0.19;0.223;43;43;43;0;26;26;26;0;160.232;65.376;160.764;0;0;0;0;0;0;0;30;1
2026-04-26 10:34:00;sin_act_cocina_comedor;0.281;0.291;0;0.186;43;43;43;0;26;26;26;0;155.773;64.896;160.713;0;0;0;0;0;0;1;27;1
2026-04-26 10:34:30;sin_act_cocina_comedor;0.271;0.294;0;0.206;43;43;43;0;26;26;26;0;161.33;64.038;186.746;0;0;0;0;0;0;0;25;1
2026-04-26 10:35:00;sin_act_cocina_comedor;0.266;0.3;0;0.204;43;43;43;0;26;26;26;0;157.06;68.24;189.37;0;0;0;0;0;0;1;30;1
2026-04-26 10:35:30;sin_act_cocina_comedor;0;0.31;0;0.192;43;43;43;0;26;26;26;0;156.151;64.038;162.136;0;0;0;0;0;0;1;30;1
2026-04-26 10:36:00;sin_act_cocina_comedor;0.295;0.295;0.192;0.199;43;43;43;0;26;26;26;0;68.651;64.124;160.232;0;0;0;0;0;0;1;12;1
2026-04-26 10:36:30;sin_act_cocina_comedor;0.282;0.31;0;0.193;43;43;43;0;26;26;26;0;156.202;64.518;160.747;0;0;0;0;0;0;1;13;1
2026-04-26 10:37:00;sin_act_cocina_comedor;0.262;0.299;0.176;0.204;43;43;43;0;26;26;26;0;156.648;65.359;161.193;0;0;0;0;0;0;0;25;1
2026-04-26 10:37:30;sin_act_cocina_comedor;0.298;0.298;0.175;0.196;43;43;43;0;26;26;26;0;155.259;64.107;160.61;0;0;0;0;0;0;1;30;1
2026-04-26 10:38:00;sin_act_cocina_comedor;0.289;0.296;0.175;0.199;43;43;43;0;26;26;26;0;64.947;64.45;166.955;0;0;0;0;0;0;1;30;1
2026-04-26 10:38:30;sin_act_cocina_comedor;0.288;0.307;0.181;0.209;43;43;43;0;26;26;26;0;156.648;62.306;167.71;0;0;0;0;0;0;1;25;1
2026-04-26 10:39:00;sin_act_cocina_comedor;0;0.317;0.176;0.202;43;43;43;0;26;26;26;0;160.267;68.6;160.301;0;0;0;0;0;0;1;30;1
2026-04-26 10:39:30;sin_act_cocina_comedor;0.274;0.305;0;0.217;43;43;43;0;26;26;26;0;156.202;64.947;160.318;0;0;0;0;0;0;0;25;1
2026-04-26 10:40:00;sin_act_cocina_comedor;0.28;0.305;0;0.201;43;43;43;0;26;26;26;0;160.232;64.93;160.661;0;0;0;0;0;0;1;30;1
2026-04-26 10:40:30;sin_act_cocina_comedor;0;0.303;0;0.199;43;43;43;0;26;26;26;0;155.825;110.172;191;0;0;0;0;0;0;1;30;1
2026-04-26 10:41:00;sin_act_cocina_comedor;0.275;0.313;0;0.207;43;43;43;0;26;26;26;0;157.437;68.651;179.406;0;0;0;0;0;0;1;25;1
2026-04-26 10:41:30;sin_act_cocina_comedor;0.287;0.306;0;0.199;43;43;43;0;26;26;26;0;109.434;64.998;186.095;0;0;0;0;0;0;1;25;1
2026-04-26 10:42:00;sin_act_cocina_comedor;0.272;0.302;0.184;0.211;43;43;43;0;26;26;26;0;156.614;54.314;190.485;0;0;0;0;0;0;0;30;1
2026-04-26 10:42:30;sin_act_cocina_comedor;0;0.301;0;0.196;43;43;43;0;26;26;26;0;159.907;64.878;160.661;0;0;0;0;0;0;1;30;1
2026-04-26 10:43:00;sin_act_cocina_comedor;0.278;0.306;0.174;0.199;43;43;43;0;26;26;26;0;157.008;68.257;160.833;0;0;0;0;0;0;1;30;1
2026-04-26 10:43:30;sin_act_cocina_comedor;0.275;0.308;0;0.21;43;43;43;0;26;26;26;0;157.008;64.038;161.947;0;0;0;0;0;0;1;30;1
2026-04-26 10:44:00;sin_act_cocina_comedor;0;0.311;0.194;0.194;43;43;43;0;26;26;26;0;156.562;64.981;160.37;0;0;0;0;0;0;1;28;1
2026-04-26 10:44:30;sin_act_cocina_comedor;0;0.296;0;0.194;43;43;43;0;26;26;26;0;160.267;64.467;183.059;0;0;0;0;0;0;1;27;1
2026-04-26 10:45:00;sin_act_cocina_comedor;0;0.315;0.175;0.2;43;43;43;0;26;26;26;0;159.752;64.467;160.593;0;0;0;0;0;0;1;25;1
2026-04-26 10:45:30;sin_act_cocina_comedor;0.28;0.338;0.181;0.198;43;43;43;0;26;26;26;0;160.164;48.209;160.73;0;0;0;0;0;0;1;25;1
2026-04-26 10:46:00;sin_act_cocina_comedor;0.269;0.296;0;0.217;43;43;43;0;26;26;26;0;157.111;64.433;177.142;0;0;0;0;0;0;0;29;1
2026-04-26 10:46:30;sin_act_cocina_comedor;0.276;0.295;0;0.212;43;43;43;0;26;26;26;0;69.457;68.651;189.696;0;0;0;0;0;0;1;28;1
2026-04-26 10:47:00;sin_act_cocina_comedor;0;0.293;0.186;0.198;43;43;43;0;26;26;26;0;167.058;64.09;167.058;0;0;0;0;0;0;1;27;1
2026-04-26 10:47:30;sin_act_cocina_comedor;0;0.309;0.185;0.222;43;43;43;0;26;26;26;0;156.648;64.604;177.931;0;0;0;0;0;0;1;30;1
2026-04-26 10:48:00;sin_act_cocina_comedor;0;0.296;0.187;0.209;43;43;43;0;26;26;26;0;160.678;34.266;160.713;0;0;0;0;0;0;1;30;1
2026-04-26 10:48:30;sin_act_cocina_comedor;0.284;0.316;0.184;0.21;43;43;43;0;26;26;26;0;69.475;64.998;160.678;0;0;0;0;0;0;0;30;1
2026-04-26 10:49:00;sin_act_cocina_comedor;0.291;0.324;0.185;0.224;43;43;43;0;26;26;26;0;160.181;68.291;160.301;0;0;0;0;0;0;1;18;1
2026-04-26 10:49:30;sin_act_cocina_comedor;0;0.288;0.189;0.217;43;43;43;0;26;26;26;0;153.99;64.964;160.61;0;0;0;0;0;0;1;30;1
2026-04-26 10:50:00;sin_act_cocina_comedor;0.265;0.381;0.174;0.221;43;43;43;0;26;26;26;0;153.27;68.12;181.944;0;0;0;0;0;0;1;29;1
2026-04-26 10:50:30;sin_act_cocina_comedor;0;0.289;0.181;0.208;43;43;43;0;26;26;26;0;68.223;64.055;160.713;0;0;0;0;0;0;1;25;1
2026-04-26 10:51:00;sin_act_cocina_comedor;0;0.292;0.206;0.22;43;43;43;0;26;26;26;0;64.141;64.141;160.61;0;0;0;0;0;0;1;21;1
2026-04-26 10:51:30;sin_act_cocina_comedor;0.267;0.318;0;0.222;43;43;43;0;26;26;26;0;156.957;64.518;161.09;0;0;0;0;0;0;1;21;1
2026-04-26 10:52:00;sin_act_cocina_comedor;0.266;0.297;0.211;0.211;43;43;43;0;26;26;26;0;159.821;64.947;161.107;0;0;0;0;0;0;0;26;1
2026-04-26 10:52:30;sin_act_cocina_comedor;0.28;0.297;0;0.207;43;43;43;0;26;26;26;0;181.807;64.09;181.807;0;0;0;0;0;0;1;29;1
2026-04-26 10:53:00;sin_act_cocina_comedor;0.289;0.299;0.186;0.198;43;43;43;0;26;26;26;0;108.645;64.896;165.069;0;0;0;0;0;0;1;24;1
2026-04-26 10:53:30;sin_act_cocina_comedor;0.276;0.304;0.176;0.206;43;43;43;0;26;26;26;0;157.094;64.896;199.163;0;0;0;0;0;0;0;30;1
2026-04-26 10:54:00;sin_act_cocina_comedor;0.265;0.309;0.177;0.223;43;43;43;0;26;26;26;0;154.899;37.644;160.713;0;0;0;0;0;0;1;18;1
2026-04-26 10:54:30;sin_act_cocina_comedor;0;0.287;0.187;0.205;43;43;43;0;26;26;26;0;109.125;65.033;183.882;0;0;0;0;0;0;1;27;1
2026-04-26 10:55:00;sin_act_cocina_comedor;0;0.311;0.185;0.218;43;43;43;0;26;26;26;0;156.202;64.518;174.999;0;0;0;0;0;0;1;24;1
2026-04-26 10:55:30;sin_act_cocina_comedor;0.279;0.305;0.201;0.208;42.766667;42;43;0.430183;26;26;26;0;160.232;64.844;160.284;0;0;0;0;0;0;1;28;1
2026-04-26 10:56:00;sin_act_cocina_comedor;0;0.297;0.187;0.232;42;42;42;0;26;26;26;0;65.427;65.427;160.73;0;0;0;0;0;0;0;25;1
2026-04-26 10:56:30;sin_act_cocina_comedor;0;0.332;0.19;0.221;42;42;42;0;26;26;26;0;160.284;50.558;160.73;0;0;0;0;0;0;1;30;1
2026-04-26 10:57:00;sin_act_cocina_comedor;0;0.333;0.175;0.22;42;42;42;0;26;26;26;0;160.301;64.107;167.298;0;0;0;0;0;0;1;25;1
2026-04-26 10:57:30;sin_act_cocina_comedor;0.269;0.352;0.183;0.217;42;42;42;0;26;26;26;0;160.695;64.947;160.73;0;0;0;0;0;0;0;20;1
2026-04-26 10:58:00;sin_act_cocina_comedor;0.271;0.358;0.212;0.212;42;42;42;0;26;26;26;0;159.769;65.376;160.284;0;0;0;0;0;0;1;29;1
2026-04-26 10:58:30;sin_act_cocina_comedor;0;0.322;0;0.226;42;42;42;0;26;26;26;0;144.266;64.535;160.387;0;0;0;0;0;0;1;30;1
2026-04-26 10:59:00;sin_act_cocina_comedor;0;0.325;0.198;0.211;42;42;42;0;26;26;26;0;160.661;64.09;166.972;0;0;0;0;0;0;1;29;1
2026-04-26 10:59:30;sin_act_cocina_comedor;0.294;0.294;0;0.2;42;42;42;0;26;26;26;0;64.947;64.947;160.713;0;0;0;0;0;0;1;30;1
2026-04-26 11:00:00;sin_act_cocina_comedor;0;0.301;0.174;0.212;42;42;42;0;26;26;26;0;177.674;69.029;177.674;0;0;0;0;0;0;0;23;1
2026-04-26 11:00:30;sin_act_cocina_comedor;0;0.288;0;0.206;42;42;42;0;26;26;26;0;156.134;64.998;160.627;0;0;0;0;0;0;1;25;1
2026-04-26 11:01:00;sin_act_cocina_comedor;0.281;0.297;0;0.194;42;42;42;0;26;26;26;0;155.345;68.651;160.73;0;0;0;0;0;0;1;30;1
2026-04-26 11:01:30;sin_act_cocina_comedor;0.265;0.285;0;0.22;42;42;42;0;26;26;26;0;161.141;42.909;161.141;0;0;0;0;0;0;0;25;1
2026-04-26 11:02:00;sin_act_cocina_comedor;0;0.293;0;0.197;42;42;42;0;26;26;26;0;160.267;64.467;181.224;0;0;0;0;0;0;1;30;1
2026-04-26 11:02:30;sin_act_cocina_comedor;0.286;0.338;0.192;0.193;42;42;42;0;26;26;26;0;151.88;64.021;161.09;0;0;0;0;0;0;1;30;1
2026-04-26 11:03:00;sin_act_cocina_comedor;0.278;0.319;0.185;0.226;42;42;42;0;26;26;26;0;160.267;65.41;160.713;0;0;0;0;0;0;1;30;1
2026-04-26 11:03:30;sin_act_cocina_comedor;0.272;0.319;0.189;0.213;42;42;42;0;26;26;26;0;159.872;68.137;160.678;0;0;0;0;0;0;1;30;1
2026-04-26 11:04:00;sin_act_cocina_comedor;0.292;0.308;0.182;0.227;42;42;42;0;26;26;26;0;156.562;67.674;160.713;0;0;0;0;0;0;0;30;1
2026-04-26 11:04:30;sin_act_cocina_comedor;0.264;0.292;0.197;0.204;42;42;42;0;26;26;26;0;160.267;68.651;160.661;0;0;0;0;0;0;1;30;1
2026-04-26 11:05:00;sin_act_cocina_comedor;0.278;0.316;0.196;0.21;42;42;42;0;26;26;26;0;156.579;65.341;160.318;0;0;0;0;0;0;1;30;1
2026-04-26 11:05:30;sin_act_cocina_comedor;0.269;0.312;0.217;0.217;42;42;42;0;26;26;26;0;156.631;64.535;172.083;0;0;0;0;0;0;1;29;1
2026-04-26 11:06:00;sin_act_cocina_comedor;0.281;0.332;0.191;0.234;42;42;42;0;26;26;26;0;160.267;64.038;181.67;0;0;0;0;0;0;0;26;1
2026-04-26 11:06:30;sin_act_cocina_comedor;0.269;0.319;0.182;0.213;42;42;42;0;26;26;26;0;160.198;64.141;162.479;0;0;0;0;0;0;1;25;1
2026-04-26 11:07:00;sin_act_cocina_comedor;0.288;0.309;0.186;0.218;42;42;42;0;26;26;26;0;155.791;69.029;177.228;0;0;0;0;0;0;1;30;1
2026-04-26 11:07:30;sin_act_cocina_comedor;0;0.333;0.207;0.217;42;42;42;0;26;26;26;0;160.232;68.291;187.261;0;0;0;0;0;0;1;30;1
2026-04-26 11:08:00;sin_act_cocina_comedor;0.295;0.313;0.195;0.224;42;42;42;0;26;26;26;0;156.665;64.947;160.73;0;0;0;0;0;0;0;22;1
2026-04-26 11:08:30;sin_act_cocina_comedor;0.305;0.305;0.196;0.201;42;42;42;0;26;26;26;0;160.215;64.484;160.713;0;0;0;0;0;0;1;24;1
2026-04-26 11:09:00;sin_act_cocina_comedor;0.271;0.305;0.178;0.214;42;42;42;0;26;26;26;0;156.631;64.947;167.693;0;0;0;0;0;0;1;30;1
2026-04-26 11:09:30;sin_act_cocina_comedor;0.273;0.346;0.173;0.201;42;42;42;0;26;26;26;0;160.181;65.376;161.073;0;0;0;0;0;0;1;30;1
2026-04-26 11:10:00;sin_act_cocina_comedor;0.267;0.327;0.179;0.217;42;42;42;0;26;26;26;0;160.695;68.531;161.159;0;0;0;0;0;0;1;25;1
2026-04-26 11:10:30;sin_act_cocina_comedor;0.285;0.361;0.221;0.221;42;42;42;0;26;26;26;0;160.25;69.08;166.458;0;0;0;0;0;0;0;25;1
2026-04-26 11:11:00;sin_act_cocina_comedor;0;0.306;0;0.204;42;42;42;0;26;26;26;0;160.593;68.223;170.9;0;0;0;0;0;0;1;26;1
2026-04-26 11:11:30;sin_act_cocina_comedor;0;0.343;0.182;0.196;42;42;42;0;26;26;26;0;69.046;64.09;160.747;0;0;0;0;0;0;1;25;1
2026-04-26 11:12:00;sin_act_cocina_comedor;0;0.29;0.199;0.223;42;42;42;0;26;26;26;0;160.284;65.444;160.661;0;0;0;0;0;0;1;24;1
2026-04-26 11:12:30;sin_act_cocina_comedor;0.286;0.306;0.18;0.228;42;42;42;0;26;26;26;0;160.232;68.651;160.764;0;0;0;0;0;0;1;26;1
2026-04-26 11:13:00;sin_act_cocina_comedor;0;0.314;0.226;0.226;42;42;42;0;26;26;26;0;136.857;64.947;161.193;0;0;0;0;0;0;0;29;1
2026-04-26 11:13:30;sin_act_cocina_comedor;0.27;0.294;0.177;0.206;42;42;42;0;26;26;26;0;157.094;68.651;165.515;0;0;0;0;0;0;1;30;1
2026-04-26 11:14:00;sin_act_cocina_comedor;0.266;0.297;0.178;0.213;42;42;42;0;26;26;26;0;160.661;65.016;165.103;0;0;0;0;0;0;1;30;1
2026-04-26 11:14:30;sin_act_cocina_comedor;0.264;0.312;0.184;0.205;42;42;42;0;26;26;26;0;172.255;64.896;172.255;0;0;0;0;0;0;1;30;1
2026-04-26 11:15:00;sin_act_cocina_comedor;0.281;0.304;0.193;0.2;42;42;42;0;26;26;26;0;179.046;64.947;179.046;0;0;0;0;0;0;1;25;1
2026-04-26 11:15:30;sin_act_cocina_comedor;0.274;0.326;0;0.187;42;42;42;0;26;26;26;0;156.614;68.188;161.999;0;0;0;0;0;0;1;29;1
2026-04-26 11:16:00;sin_act_cocina_comedor;0.276;0.306;0;0.224;42;42;42;0;26;26;26;0;160.267;65.685;160.747;0;0;0;0;0;0;1;28;1
2026-04-26 11:16:30;sin_act_cocina_comedor;0.295;0.3;0.191;0.206;42;42;42;0;26;26;26;0;160.232;65.462;195.047;0;0;0;0;0;0;1;25;1
2026-04-26 11:17:00;sin_act_cocina_comedor;0.272;0.319;0;0.214;42;42;42;0;26;26;26;0;69.818;65.307;160.713;0;0;0;0;0;0;1;28;1
2026-04-26 11:17:30;sin_act_cocina_comedor;0.302;0.33;0;0.204;42;42;42;0;26;26;26;0;156.202;64.947;188.427;0;0;0;0;0;0;1;25;1
2026-04-26 11:18:00;sin_act_cocina_comedor;0.289;0.303;0.199;0.217;42;42;42;0;26;26;26;0;155.396;64.467;160.301;0;0;0;0;0;0;1;27;1
2026-04-26 11:18:30;sin_act_cocina_comedor;0;0.287;0.204;0.22;42;42;42;0;26;26;26;0;156.631;64.518;157.094;0;0;0;0;0;0;1;25;1
2026-04-26 11:19:00;sin_act_cocina_comedor;0.285;0.313;0.18;0.213;42;42;42;0;26;26;26;0;156.254;35.295;196.213;0;0;0;0;0;0;0;28;1
2026-04-26 11:19:30;sin_act_cocina_comedor;0;0.291;0.206;0.213;42;42;42;0;26;26;26;0;156.631;64.518;161.656;0;0;0;0;0;0;1;30;1
2026-04-26 11:20:00;sin_act_cocina_comedor;0.271;0.287;0.19;0.218;42;42;42;0;26;26;26;0;160.335;64.947;160.335;0;0;0;0;0;0;1;27;1
2026-04-26 11:20:30;sin_act_cocina_comedor;0;0.284;0;0.211;42;42;42;0;26;26;26;0;69.595;65.324;160.661;0;0;0;0;0;0;1;0;0
2026-04-26 11:21:00;sin_act_cocina_comedor;0.27;0.307;0;0.206;42;42;42;0;26;26;26;0;160.352;64.57;161.982;0;0;0;0;0;0;1;0;0
2026-04-26 11:21:30;sin_act_cocina_comedor;0;0.306;0.178;0.207;42;42;42;0;26;26;26;0;157.488;64.913;186.609;0;0;0;0;0;0;1;12;1
2026-04-26 11:22:00;sin_act_cocina_comedor;0.28;0.305;0.177;0.201;42;42;42;0;26;26;26;0;157.077;64.141;177.623;0;0;0;0;0;0;1;19;1
2026-04-26 11:22:30;sin_act_cocina_comedor;0.299;0.322;0.184;0.214;42;42;42;0;26;26;26;0;156.562;55.566;195.373;0;0;0;0;0;0;1;30;1
2026-04-26 11:23:00;sin_act_cocina_comedor;0;0.287;0;0.216;42;42;42;0;26;26;26;0;160.301;65.359;179.801;0;0;0;0;0;0;0;30;1
2026-04-26 11:23:30;sin_act_cocina_comedor;0.265;0.292;0.195;0.202;42;42;42;0;26;26;26;0;157.54;68.223;160.764;0;0;0;0;0;0;1;30;1
2026-04-26 11:24:00;sin_act_cocina_comedor;0;0.284;0;0.221;42;42;42;0;26;26;26;0;156.682;64.57;160.661;0;0;0;0;0;0;1;30;1
2026-04-26 11:24:30;sin_act_cocina_comedor;0.268;0.299;0.188;0.214;42;42;42;0;26;26;26;0;157.094;68.617;178.446;0;0;0;0;0;0;1;30;1
2026-04-26 11:25:00;sin_act_cocina_comedor;0;0.33;0.178;0.214;42;42;42;0;26;26;26;0;161.107;65.324;172.289;0;0;0;0;0;0;1;30;1
2026-04-26 11:25:30;sin_act_cocina_comedor;0;0.275;0;0.193;42;42;42;0;26;26;26;0;156.254;69.08;161.056;0;0;0;0;0;0;0;29;1
2026-04-26 11:26:00;sin_act_cocina_comedor;0.265;0.343;0;0.18;42;42;42;0;26;26;26;0;157.488;64.415;160.764;0;0;0;0;0;0;1;30;1
2026-04-26 11:26:30;sin_act_cocina_comedor;0;0.281;0;0.194;42;42;42;0;26;26;26;0;161.296;68.223;161.296;0;0;0;0;0;0;1;28;1
2026-04-26 11:27:00;sin_act_cocina_comedor;0.265;0.311;0;0.193;42;42;42;0;26;26;26;0;160.267;65.753;162.016;0;0;0;0;0;0;1;24;1
2026-04-26 11:27:30;sin_act_cocina_comedor;0;0.291;0;0.199;42;42;42;0;26;26;26;0;156.734;63.181;185.563;0;0;0;0;0;0;1;30;1
2026-04-26 11:28:00;sin_act_cocina_comedor;0;0.336;0.196;0.196;42;42;42;0;26;26;26;0;160.661;68.223;178.926;0;0;0;0;0;0;1;28;1
2026-04-26 11:28:30;sin_act_cocina_comedor;0;0.305;0.179;0.197;42;42;42;0;26;26;26;0;155.722;68.651;160.661;1;17;1;0;0;0;1;27;1
2026-04-26 11:29:00;sin_act_cocina_comedor;0;0.339;0;0.202;42;42;42;0;26;26;26;0;156.082;64.518;157.488;1;30;1;0;0;0;1;30;1
2026-04-26 11:29:30;sin_act_cocina_comedor;0.268;0.327;0;0.203;42;42;42;0;26;26;26;0;156.562;64.878;171.243;0;15;1;0;0;0;1;30;1
2026-04-26 11:30:00;sin_act_cocina_comedor;0;0.34;0;0.219;42;42;42;0;26;26;26;0;155.722;68.994;160.593;0;0;0;0;0;0;1;25;1
2026-04-26 11:30:30;sin_act_cocina_comedor;0;0.342;0;0.203;42;42;42;0;26;26;26;0;157.368;64.518;160.284;0;0;0;0;0;0;1;25;1
2026-04-26 11:31:00;sin_act_cocina_comedor;0;0.29;0.194;0.22;42;42;42;0;26;26;26;0;49.375;49.375;183.676;1;15;1;0;0;0;1;24;1
2026-04-26 11:31:30;uso_lavaplatos;0.262;0.291;0.209;0.229;42;42;42;0;26;26;26;0;156.562;49.375;240.289;1;30;1;1;9;1;1;23;1
2026-04-26 11:32:00;uso_lavaplatos;0;0.337;0;0.221;42;42;42;0;26;26;26;0;154.419;54.897;163.371;1;30;1;1;25;1;1;30;1
2026-04-26 11:32:30;uso_lavaplatos;0.267;0.339;0.194;0.221;42;42;42;0;26;26;26;0;65.341;65.341;160.164;1;30;1;1;30;1;1;30;1
2026-04-26 11:33:00;sin_act_cocina_comedor;0.292;0.292;0.184;0.209;42;42;42;0;26;26;26;0;156.545;69.406;169.751;1;30;1;0;6;1;1;29;1
2026-04-26 11:33:30;sin_act_cocina_comedor;0.262;0.3;0.19;0.227;42;42;42;0;26;26;26;0;161.227;60.282;164.331;1;30;1;0;0;0;0;25;1
2026-04-26 11:34:00;sin_act_cocina_comedor;0;0.305;0.211;0.214;42;42;42;0;26;26;26;0;64.553;64.553;160.181;1;30;1;0;0;0;1;24;1
2026-04-26 11:34:30;sin_act_cocina_comedor;0;0.287;0;0.209;42;42;42;0;26;26;26;0;159.735;64.518;160.593;1;30;1;0;0;0;1;30;1
2026-04-26 11:35:00;uso_lavaplatos;0.287;0.308;0.2;0.216;42;42;42;0;26;26;26;0;156.099;56.063;165.172;1;30;1;1;4;1;1;30;1
2026-04-26 11:35:30;sin_act_cocina_comedor;0.273;0.297;0.196;0.216;42;42;42;0;26;26;26;0;155.773;51.073;160.181;1;30;1;0;11;1;0;30;1
2026-04-26 11:36:00;sin_act_cocina_comedor;0.269;0.3;0.196;0.216;42;42;42;0;26;26;26;0;156.562;69.492;176.165;1;30;1;0;0;0;1;25;1
2026-04-26 11:36:30;cocinando;7.857;7.93;0.202;0.216;42;42;42;0;26;26;26;0;156.614;64.518;159.804;1;30;1;0;0;0;1;30;1
2026-04-26 11:37:00;cocinando;7.865;7.875;0.176;0.205;42;42;42;0;26;26;26;0;156.631;69.046;167.796;1;30;1;0;5;1;1;29;1
2026-04-26 11:37:30;cocinando;7.663;7.878;0.184;0.215;42;42;42;0;26;26;26;0;159.701;64.947;159.701;1;30;1;0;0;0;1;26;1
2026-04-26 11:38:00;cocinando;7.614;7.876;0.177;0.22;42;42;42;0;26;26;26;0;157.043;64.947;160.164;1;30;1;0;0;0;1;30;1
2026-04-26 11:38:30;cocinando;7.601;7.87;0;0.192;42;42;42;0;26;26;26;0;107.736;6.38;161.347;1;30;1;0;0;0;1;30;1
2026-04-26 11:39:00;cocinando;7.584;7.854;0.183;0.195;42;42;42;0;26;26;26;0;159.667;65.359;160.901;1;30;1;0;0;0;1;30;1
2026-04-26 11:39:30;sin_act_cocina_comedor;7.828;7.829;0;0.221;42;42;42;0;26;26;26;0;154.796;6.414;160.164;1;30;1;1;20;1;1;30;1
2026-04-26 11:40:00;sin_act_cocina_comedor;7.609;7.852;0.191;0.194;42;42;42;0;26;26;26;0;155.722;65.805;157.043;1;30;1;1;30;1;0;30;1
2026-04-26 11:40:30;sin_act_cocina_comedor;7.68;7.827;0;0.209;42;42;42;0;26;26;26;0;155.208;155.208;170.951;1;30;1;1;23;1;1;25;1
2026-04-26 11:41:00;cocinando;7.666;7.891;0.177;0.192;42;42;42;0;26;26;26;0;51.81;16.018;177.365;1;30;1;0;2;1;1;30;1
2026-04-26 11:41:30;sin_act_cocina_comedor;7.828;7.854;0;0.207;42;42;42;0;26;26;26;0;156.991;51.81;160.181;1;30;1;1;14;1;1;30;1
2026-04-26 11:42:00;sin_act_cocina_comedor;7.628;7.834;0;0.2;42;42;42;0;26;26;26;0;147.936;64.467;160.13;1;30;1;1;18;1;1;30;1
2026-04-26 11:42:30;cocinando;7.688;7.796;0;0.215;42;42;42;0;26;26;26;0;156.562;67.811;160.061;1;30;1;0;9;1;0;30;1
2026-04-26 11:43:00;cocinando;7.771;7.771;0;0.21;42;42;42;0;26;26;26;0;159.701;65.685;160.078;1;30;1;0;0;0;1;30;1
2026-04-26 11:43:30;cocinando;7.63;7.849;0;0.199;42;42;42;0;26;26;26;0;156.357;64.467;160.112;1;30;1;0;9;1;1;25;1
2026-04-26 11:44:00;cocinando;7.617;7.847;0;0.201;42;42;42;0;26;26;26;0;64.964;64.467;166.647;1;30;1;0;0;0;0;25;1
2026-04-26 11:44:30;cocinando;8.212;8.545;16.685;17.387;42;42;42;0;26;26;26;0;155.19;57.024;159.632;1;30;1;0;0;0;1;30;1
2026-04-26 11:45:00;cocinando;8.19;8.497;16.406;17.097;42;42;42;0;26;26;26;0;159.752;64.896;160.661;1;30;1;0;5;1;1;25;1
2026-04-26 11:45:30;cocinando;8.376;8.502;16.907;16.907;42;42;42;0;26;26;26;0;154.521;64.844;165.12;1;30;1;0;0;0;1;30;1
2026-04-26 11:46:00;cocinando;8.111;8.345;16.289;16.907;42;42;42;0;26;26;26;0;157.866;67.022;160.181;1;30;1;0;3;1;1;30;1
2026-04-26 11:46:30;cocinando;7.786;8.261;1.049;16.83;42;42;42;0;26;26;26;0;156.579;68.651;178.943;1;30;1;0;0;0;0;30;1
2026-04-26 11:47:00;uso_lavaplatos;0;7.786;1.051;1.065;42;42;42;0;26;26;26;0;159.804;68.497;160.13;1;30;1;1;14;1;1;25;1
2026-04-26 11:47:30;cocinando;2.26;2.38;16.707;17.203;42;42;42;0;26;26;26;0;39.411;38.416;160.627;1;30;1;0;3;1;1;30;1
2026-04-26 11:48:00;cocinando;2.165;2.384;17.014;17.217;42;42;42;0;26;26;26;0;63.249;14.114;160.661;1;30;1;0;0;0;1;30;1
2026-04-26 11:48:30;cocinando;7.732;7.85;1.031;17.139;42;42;42;0;26.733333;26;27;0.449776;46.837;13.806;85.699;1;30;1;0;0;0;1;30;1
2026-04-26 11:49:00;sin_act_cocina_comedor;0;7.704;1.031;1.059;42;42;42;0;27;27;27;0;155.602;46.837;160.181;1;30;1;0;0;0;1;30;1
2026-04-26 11:49:30;sin_act_cocina_comedor;0.262;0.289;0;0.186;42;42;42;0;27;27;27;0;159.701;66.216;191.48;1;30;1;0;0;0;1;30;1
2026-04-26 11:50:00;sin_act_cocina_comedor;0.295;0.295;0;0.18;42;42;42;0;27;27;27;0;104.975;19.637;182.51;1;30;1;0;0;0;1;30;1
2026-04-26 11:50:30;sin_act_cocina_comedor;0.262;0.316;0;0.196;42;42;42;0;27;27;27;0;65.685;38.467;178.977;1;30;1;0;4;1;1;30;1
2026-04-26 11:51:00;sin_act_cocina_comedor;0.261;7.862;0;0.193;42;42;42;0;27.333333;27;28;0.479463;82.955;55.326;160.095;1;30;1;0;14;1;1;30;1
2026-04-26 11:51:30;sin_act_cocina_comedor;0;0.32;0;0.197;41;41;41;0;28;28;28;0;48.637;47.128;82.955;1;30;1;0;0;0;1;30;1
2026-04-26 11:52:00;sin_act_cocina_comedor;0.287;0.306;0;0.19;41;41;41;0;28;28;28;0;156.528;47.694;159.598;1;30;1;0;0;0;1;30;1
2026-04-26 11:52:30;sin_act_cocina_comedor;0.276;0.3;0;0.181;41;41;41;0;28;28;28;0;160.558;66.096;160.558;1;30;1;0;0;0;1;30;1
2026-04-26 11:53:00;sin_act_cocina_comedor;0;7.889;0;0.181;41;41;41;0;28;28;28;0;156.099;16.876;189.199;1;30;1;0;0;0;1;30;1
2026-04-26 11:53:30;sin_act_cocina_comedor;0.287;0.301;0;0.2;41;41;41;0;28;28;28;0;65.256;65.256;159.289;1;30;1;0;0;0;1;23;1
2026-04-26 11:54:00;sin_act_cocina_comedor;0.306;0.306;0;0.219;40.066667;40;41;0.253708;28;28;28;0;159.066;64.844;160.541;1;30;1;0;0;0;1;27;1
2026-04-26 11:54:30;sin_act_cocina_comedor;0.262;0.285;0.237;0.237;40;40;40;0;28;28;28;0;153.458;64.741;159.152;1;30;1;0;0;0;1;25;1
2026-04-26 11:55:00;sin_act_cocina_comedor;0;0.308;0;0.193;40;40;40;0;28;28;28;0;65.65;64.724;236.001;1;30;1;0;0;0;1;25;1
2026-04-26 11:55:30;sin_act_cocina_comedor;0;0.274;0;0.198;40;40;40;0;28;28;28;0;156.031;12.262;159.872;1;30;1;0;0;0;1;28;1
2026-04-26 11:56:00;sin_act_cocina_comedor;0;0.289;0;0.196;40;40;40;0;28;28;28;0;156.322;64.415;160.438;1;30;1;0;0;0;1;19;1
2026-04-26 11:56:30;sin_act_cocina_comedor;0;0.287;0;0.211;40;40;40;0;28;28;28;0;156.254;46.425;166.372;1;30;1;0;0;0;1;25;1
2026-04-26 11:57:00;sin_act_cocina_comedor;0.281;0.296;0.18;0.211;40;40;40;0;28;28;28;0;159.495;64.261;183.591;1;30;1;0;0;0;1;25;1
2026-04-26 11:57:30;sin_act_cocina_comedor;0;0.338;0;0.194;40;40;40;0;28;28;28;0;64.312;64.312;187.758;1;30;1;0;0;0;1;30;1
2026-04-26 11:58:00;sin_act_cocina_comedor;0;0.292;0;0.23;40;40;40;0;28;28;28;0;159.546;64.364;159.975;0;28;1;0;0;0;1;25;1
2026-04-26 11:58:30;sin_act_cocina_comedor;0.265;0.312;0;0.207;40;40;40;0;28;28;28;0;155.979;64.776;174.004;0;0;0;0;0;0;1;30;1
2026-04-26 11:59:00;sin_act_cocina_comedor;0;0.293;0;0.192;40;40;40;0;28;28;28;0;159.495;60.385;159.495;0;0;0;0;0;0;1;30;1
2026-04-26 11:59:30;sin_act_cocina_comedor;0;0.275;0.193;0.193;40;40;40;0;28;28;28;0;156.408;64.844;159.426;0;0;0;0;0;0;1;25;1
2026-04-26 12:00:00;sin_act_cocina_comedor;0;0.311;0;0.201;40;40;40;0;28;28;28;0;155.945;64.45;159.546;0;0;0;0;0;0;1;24;1
2026-04-26 12:00:30;sin_act_cocina_comedor;0;0.313;0.194;0.211;40;40;40;0;27.266667;27;28;0.449776;155.876;64.741;157.266;0;0;0;0;0;0;1;30;1
2026-04-26 12:01:00;sin_act_cocina_comedor;0;0.29;0;0.213;40;40;40;0;27;27;27;0;156.751;63.987;156.888;0;0;0;0;0;0;1;25;1
2026-04-26 12:01:30;sin_act_cocina_comedor;0.281;0.284;0.175;0.218;40;40;40;0;27.7;27;28;0.466092;156.477;56.269;206.709;0;0;0;0;0;0;1;4;1
2026-04-26 12:02:00;sin_act_cocina_comedor;0;0.281;0.176;0.207;40;40;40;0;27.633333;27;28;0.490133;156.425;64.364;157.214;0;0;0;0;0;0;1;26;1
2026-04-26 12:02:30;sin_act_cocina_comedor;0;0.396;0;0.209;40.333333;40;41;0.479463;27;27;27;0;155.499;64.415;159.838;0;0;0;0;0;0;1;30;1
2026-04-26 12:03:00;sin_act_cocina_comedor;0;0.298;0;0.194;41;41;41;0;27;27;27;0;156.837;64.707;178.754;0;0;0;0;0;0;1;25;1
2026-04-26 12:03:30;sin_act_cocina_comedor;0;0.279;0.174;0.222;41;41;41;0;27;27;27;0;66.491;64.415;159.564;0;0;0;0;0;0;1;30;1
2026-04-26 12:04:00;uso_lavaplatos;0;0.308;0;0.205;41;41;41;0;27;27;27;0;64.415;64.398;159.529;1;2;1;1;1;1;1;30;1
2026-04-26 12:04:30;sin_act_cocina_comedor;0.264;0.309;0.187;0.207;41;41;41;0;27;27;27;0;155.019;64.347;159.855;1;30;1;0;17;1;1;20;1
2026-04-26 12:05:00;sin_act_cocina_comedor;0;0.302;0.204;0.208;41;41;41;0;27;27;27;0;138.315;63.832;178.909;1;30;1;0;8;1;1;30;1
2026-04-26 12:05:30;sin_act_cocina_comedor;0;0.277;0.194;0.223;41;41;41;0;27;27;27;0;65.633;64.776;169.991;1;30;1;0;0;0;1;25;1
2026-04-26 12:06:00;sin_act_cocina_comedor;0.264;0.302;0;0.211;41;41;41;0;27;27;27;0;155.053;64.69;180.864;0;29;1;0;0;0;1;25;1
2026-04-26 12:06:30;uso_lavaplatos;0;0.331;0;0.212;41;41;41;0;27;27;27;0;160.009;30.99;160.009;1;21;1;1;19;1;1;21;1
2026-04-26 12:07:00;sin_act_cocina_comedor;0;0.291;0;0.199;41;41;41;0;27;27;27;0;156.322;63.935;159.975;1;30;1;0;8;1;1;25;1
2026-04-26 12:07:30;sin_act_cocina_comedor;0;0.295;0.189;0.202;41;41;41;0;27;27;27;0;16.515;16.515;179.801;1;30;1;0;4;1;1;26;1
2026-04-26 12:08:00;sin_act_cocina_comedor;0.295;0.295;0;0.21;41;41;41;0;27;27;27;0;159.444;16.515;159.444;1;30;1;0;0;0;1;21;1
2026-04-26 12:08:30;sin_act_cocina_comedor;0.268;0.297;0;0.21;41;41;41;0;27;27;27;0;155.876;63.987;159.101;1;30;1;0;0;0;1;29;1
2026-04-26 12:09:00;sin_act_cocina_comedor;0;0.305;0.217;0.217;41;41;41;0;27;27;27;0;155.928;63.935;173.421;0;4;1;0;0;0;1;25;1
2026-04-26 12:09:30;sin_act_cocina_comedor;0.263;0.351;0.185;0.204;41;41;41;0;27;27;27;0;156.305;64.793;159.598;0;0;0;0;0;0;1;25;1
2026-04-26 12:10:00;sin_act_cocina_comedor;0;0.286;0.188;0.213;41;41;41;0;27;27;27;0;154.624;65.582;159.907;0;0;0;0;0;0;0;25;1
2026-04-26 12:10:30;sin_act_cocina_comedor;0.289;0.327;0.173;0.219;41;41;41;0;27;27;27;0;156.391;64.312;159.495;0;0;0;0;0;0;1;21;1
2026-04-26 12:11:00;sin_act_cocina_comedor;0.288;0.288;0.179;0.213;41;41;41;0;27;27;27;0;66.062;64.312;157.163;0;0;0;0;0;0;1;29;1
2026-04-26 12:11:30;sin_act_cocina_comedor;0;0.291;0.181;0.215;41;41;41;0;27;27;27;0;155.516;63.987;156.408;0;0;0;0;0;0;1;25;1
2026-04-26 12:12:00;sin_act_cocina_comedor;0;0.307;0;0.208;41;41;41;0;27;27;27;0;155.122;49.701;171.328;0;0;0;0;0;0;0;25;1
2026-04-26 12:12:30;sin_act_cocina_comedor;0;0.279;0;0.187;41;41;41;0;27;27;27;0;156.425;64.364;184.465;0;0;0;0;0;0;1;30;1
2026-04-26 12:13:00;sin_act_cocina_comedor;0;0.273;0;0.199;41;41;41;0;27;27;27;0;155.448;64.415;155.945;0;0;0;0;0;0;1;21;1
2026-04-26 12:13:30;sin_act_cocina_comedor;0;0.271;0.193;0.202;41;41;41;0;27;27;27;0;156.322;64.21;156.854;0;0;0;0;0;0;1;29;1
2026-04-26 12:14:00;sin_act_cocina_comedor;0;0;0;0.195;41.066667;41;42;0.253708;27;27;27;0;65.187;64.295;156.837;0;0;0;0;0;0;1;24;1
2026-04-26 12:14:30;sin_act_cocina_comedor;0;0.274;0.175;0.195;42;42;42;0;27;27;27;0;156.442;65.273;184.105;0;0;0;0;0;0;1;25;1
2026-04-26 12:15:00;sin_act_cocina_comedor;0;0.264;0.176;0.212;42;42;42;0;27;27;27;0;155.585;64.793;174.724;0;0;0;0;0;0;1;27;1
2026-04-26 12:15:30;sin_act_cocina_comedor;0;0.308;0;0.198;42;42;42;0;27;27;27;0;155.842;65.685;162.496;0;0;0;0;0;0;0;23;1
2026-04-26 12:16:00;sin_act_cocina_comedor;0;0;0;0.188;42;42;42;0;27;27;27;0;163.937;63.541;163.937;0;0;0;0;0;0;1;25;1
2026-04-26 12:16:30;sin_act_cocina_comedor;0;0.299;0.184;0.227;42;42;42;0;27;27;27;0;155.893;64.364;171.929;0;0;0;0;0;0;1;25;1
2026-04-26 12:17:00;uso_lavaplatos;0;0.293;0.198;0.218;42;42;42;0;27;27;27;0;154.178;64.741;202.662;1;4;1;1;2;1;1;20;1
2026-04-26 12:17:30;sin_act_cocina_comedor;0;0.312;0.196;0.22;42;42;42;0;27;27;27;0;154.247;63.935;159.066;1;30;1;0;29;1;1;27;1
2026-04-26 12:18:00;sin_act_cocina_comedor;0.267;0.299;0.184;0.25;42;42;42;0;27;27;27;0;159.426;64.312;159.444;1;30;1;0;0;0;0;23;1
2026-04-26 12:18:30;sin_act_cocina_comedor;0.269;0.294;0.186;0.203;42;42;42;0;27;27;27;0;155.979;64.415;156.734;0;26;1;0;0;0;1;25;1
2026-04-26 12:19:00;sin_act_cocina_comedor;0.286;0.29;0.203;0.216;42;42;42;0;27;27;27;0;171.877;64.793;171.877;0;0;0;0;0;0;1;25;1
2026-04-26 12:19:30;sin_act_cocina_comedor;0;0.294;0.181;0.204;42;42;42;0;27;27;27;0;65.702;64.844;159.478;0;0;0;0;0;0;1;20;1
2026-04-26 12:20:00;sin_act_cocina_comedor;0;0.273;0.174;0.21;42;42;42;0;27;27;27;0;155.087;28.195;156.459;0;0;0;0;0;0;0;25;1
2026-04-26 12:20:30;sin_act_cocina_comedor;0.31;0.31;0;0.222;42;42;42;0;27;27;27;0;156.322;65.256;156.408;0;0;0;0;0;0;1;25;1
2026-04-26 12:21:00;sin_act_cocina_comedor;0;0.31;0.178;0.206;42;42;42;0;27;27;27;0;156.374;64.004;158.26;0;0;0;0;0;0;1;24;1
2026-04-26 12:21:30;sin_act_cocina_comedor;0;0.305;0.174;0.203;42;42;42;0;27;27;27;0;155.053;64.261;156.408;0;0;0;0;0;0;1;21;1
2026-04-26 12:22:00;sin_act_cocina_comedor;0.268;0.339;0.202;0.242;42;42;42;0;27;27;27;0;64.415;64.364;156.837;0;0;0;0;0;0;1;24;1
2026-04-26 12:22:30;sin_act_cocina_comedor;0;0.308;0.193;0.222;42.5;42;43;0.508548;27;27;27;0;155.156;64.415;160.764;0;0;0;0;0;0;0;25;1
2026-04-26 12:23:00;sin_act_cocina_comedor;0.301;0.301;0;0.216;43;43;43;0;27;27;27;0;155.928;64.312;156.82;0;0;0;0;0;0;1;23;1
2026-04-26 12:23:30;sin_act_cocina_comedor;0;0.284;0.178;0.215;43;43;43;0;27;27;27;0;155.893;64.776;179.2;0;0;0;0;0;0;1;27;1
2026-04-26 12:24:00;sin_act_cocina_comedor;0;0.293;0.206;0.209;43;43;43;0;27;27;27;0;153.355;64.33;175.496;0;0;0;0;0;0;1;20;1
2026-04-26 12:24:30;sin_act_cocina_comedor;0;0.329;0.181;0.203;43;43;43;0;27;27;27;0;156.048;63.884;156.82;0;0;0;0;0;0;1;25;1
2026-04-26 12:25:00;sin_act_cocina_comedor;0;0.282;0.183;0.225;43;43;43;0;27;27;27;0;156.322;64.724;179.629;0;0;0;0;0;0;0;25;1
2026-04-26 12:25:30;sin_act_cocina_comedor;0.264;0.269;0.187;0.208;43;43;43;0;27;27;27;0;155.105;64.312;156.357;0;0;0;0;0;0;1;25;1
2026-04-26 12:26:00;sin_act_cocina_comedor;0;0.266;0;0.202;43;43;43;0;27;27;27;0;155.893;64.33;157.231;0;0;0;0;0;0;1;25;1
2026-04-26 12:26:30;sin_act_cocina_comedor;0;0.281;0.186;0.198;43;43;43;0;27;27;27;0;64.415;64.004;181.979;0;0;0;0;0;0;1;23;1
2026-04-26 12:27:00;sin_act_cocina_comedor;0;0.267;0.176;0.205;43;43;43;0;27;27;27;0;155.602;63.987;176.456;0;0;0;0;0;0;0;21;1
2026-04-26 12:27:30;sin_act_cocina_comedor;0;0.264;0.215;0.215;43;43;43;0;27;27;27;0;66.919;63.987;156.751;0;0;0;0;0;0;0;24;1
2026-04-26 12:28:00;sin_act_cocina_comedor;0.262;0.264;0.182;0.214;43;43;43;0;27;27;27;0;154.196;63.918;157.643;0;0;0;0;0;0;1;26;1
2026-04-26 12:28:30;sin_act_cocina_comedor;0;0.345;0;0.206;43;43;43;0;27;27;27;0;156.254;64.312;185.975;0;0;0;0;0;0;1;20;1
2026-04-26 12:29:00;sin_act_cocina_comedor;0;0.324;0;0.21;43;43;43;0;27;27;27;0;155.499;65.204;159.907;0;0;0;0;0;0;1;25;1
2026-04-26 12:29:30;sin_act_cocina_comedor;0;0.283;0.179;0.211;43;43;43;0;27;27;27;0;155.036;63.386;174.295;0;0;0;0;0;0;1;25;1
2026-04-26 12:30:00;sin_act_cocina_comedor;0;0.282;0.176;0.208;43;43;43;0;27;27;27;0;155.533;64.364;159.598;0;0;0;0;0;0;1;24;1
2026-04-26 12:30:30;sin_act_cocina_comedor;0;0.291;0.209;0.219;43;43;43;0;27;27;27;0;155.893;28.28;156.408;0;0;0;0;0;0;1;26;1
2026-04-26 12:31:00;sin_act_cocina_comedor;0;0.314;0;0.223;43;43;43;0;27;27;27;0;155.516;63.935;156.459;0;0;0;0;0;0;0;20;1
2026-04-26 12:31:30;sin_act_cocina_comedor;0;0.304;0.202;0.231;43;43;43;0;27;27;27;0;155.516;49.906;174.33;0;0;0;0;0;0;1;25;1
2026-04-26 12:32:00;sin_act_cocina_comedor;0;0.292;0.186;0.23;43;43;43;0;27;27;27;0;156.322;64.312;156.374;0;0;0;0;0;0;0;24;1
2026-04-26 12:32:30;sin_act_cocina_comedor;0;0.284;0.195;0.217;43;43;43;0;27;27;27;0;65.273;62.649;177.194;0;0;0;0;0;0;1;26;1
2026-04-26 12:33:00;sin_act_cocina_comedor;0;0.306;0.184;0.231;43;43;43;0;27;27;27;0;65.153;64.364;156.802;0;0;0;0;0;0;1;25;1
2026-04-26 12:33:30;sin_act_cocina_comedor;0;0.289;0.191;0.227;43;43;43;0;27;27;27;0;155.825;64.776;192.251;0;0;0;0;0;0;1;20;1
2026-04-26 12:34:00;sin_act_cocina_comedor;0.291;0.291;0.184;0.208;43;43;43;0;27;27;27;0;154.196;63.884;163.011;0;0;0;0;0;0;1;28;1
2026-04-26 12:34:30;sin_act_cocina_comedor;0.267;0.303;0;0.197;43;43;43;0;27;27;27;0;155.43;32.105;156.871;0;0;0;0;0;0;1;20;1
2026-04-26 12:35:00;sin_act_cocina_comedor;0;0.292;0;0.212;43;43;43;0;27;27;27;0;155.876;64.312;156.408;0;0;0;0;0;0;0;25;1
2026-04-26 12:35:30;sin_act_cocina_comedor;0;0.279;0;0.198;43;43;43;0;27;27;27;0;155.139;42.292;156.408;0;0;0;0;0;0;1;25;1
2026-04-26 12:36:00;sin_act_cocina_comedor;0;0.286;0.187;0.235;43;43;43;0;27;27;27;0;154.161;64.364;177.348;0;0;0;0;0;0;1;25;1
2026-04-26 12:36:30;sin_act_cocina_comedor;0;0.274;0;0.196;43;43;43;0;27;27;27;0;64.381;64.364;156.374;0;0;0;0;0;0;1;25;1
2026-04-26 12:37:00;sin_act_cocina_comedor;0;0.265;0.177;0.205;43;43;43;0;27;27;27;0;156.305;64.278;169.888;0;0;0;0;0;0;1;25;1
2026-04-26 12:37:30;sin_act_cocina_comedor;0;0.283;0;0.221;43;43;43;0;27;27;27;0;155.465;64.347;180.161;0;0;0;0;0;0;1;21;1
2026-04-26 12:38:00;sin_act_cocina_comedor;0;0.265;0;0.207;43;43;43;0;27;27;27;0;155.379;64.21;187.69;0;0;0;0;0;0;1;24;1
2026-04-26 12:38:30;sin_act_cocina_comedor;0;0.313;0.191;0.217;43;43;43;0;27;27;27;0;156.357;63.987;156.734;0;0;0;0;0;0;1;24;1
2026-04-26 12:39:00;sin_act_cocina_comedor;0;0.281;0.189;0.229;43;43;43;0;27;27;27;0;153.784;63.935;178.754;1;24;1;0;0;0;1;12;1
2026-04-26 12:39:30;sin_act_cocina_comedor;0;0.286;0.19;0.217;43;43;43;0;27;27;27;0;156.408;64.844;159.341;0;26;1;0;0;0;0;20;1
2026-04-26 12:40:00;sin_act_cocina_comedor;0;0.278;0.178;0.22;43;43;43;0;27;27;27;0;157.197;64.415;159.392;0;0;0;0;0;0;1;23;1
2026-04-26 12:40:30;sin_act_cocina_comedor;0.269;0.274;0.174;0.22;43;43;43;0;27;27;27;0;65.685;64.673;157.454;0;0;0;0;0;0;1;25;1
2026-04-26 12:41:00;sin_act_cocina_comedor;0;0.304;0.19;0.218;43;43;43;0;27;27;27;0;156.648;64.896;159.855;0;0;0;0;0;0;1;25;1
2026-04-26 12:41:30;sin_act_cocina_comedor;0.263;0.274;0.24;0.24;43;43;43;0;27;27;27;0;65.273;64.381;181.618;0;0;0;0;0;0;1;25;1
2026-04-26 12:42:00;sin_act_cocina_comedor;0;0.276;0.197;0.224;43;43;43;0;27;27;27;0;159.546;64.776;159.546;0;0;0;0;0;0;1;22;1
2026-04-26 12:42:30;sin_act_cocina_comedor;0;0.27;0.192;0.234;43;43;43;0;27;27;27;0;155.893;64.312;159.426;0;0;0;0;0;0;1;22;1
2026-04-26 12:43:00;sin_act_cocina_comedor;0;0.275;0.185;0.214;43;43;43;0;27;27;27;0;155.842;57.984;159.787;0;0;0;0;0;0;0;25;1
2026-04-26 12:43:30;sin_act_cocina_comedor;0;0.301;0.206;0.223;43;43;43;0;27;27;27;0;155.928;62.443;156.717;0;0;0;0;0;0;1;25;1
2026-04-26 12:44:00;sin_act_cocina_comedor;0;0.302;0.178;0.223;43;43;43;0;27;27;27;0;64.741;64.364;156.768;0;0;0;0;0;0;1;20;1
2026-04-26 12:44:30;sin_act_cocina_comedor;0.272;0.278;0.177;0.245;43;43;43;0;27;27;27;0;65.633;64.312;156.305;0;0;0;0;0;0;1;27;1
2026-04-26 12:45:00;sin_act_cocina_comedor;0;0.287;0;0.214;43;43;43;0;27;27;27;0;156.734;64.415;170.025;0;0;0;0;0;0;1;23;1
2026-04-26 12:45:30;sin_act_cocina_comedor;0.288;0.303;0.18;0.213;43;43;43;0;27;27;27;0;155.396;64.364;174.844;0;0;0;0;0;0;1;25;1
2026-04-26 12:46:00;uso_lavaplatos;0;0.269;0;0.204;43;43;43;0;27;27;27;0;70.984;62.975;159.409;1;6;1;1;3;1;1;25;1
2026-04-26 12:46:30;sin_act_cocina_comedor;0.341;0.341;0;0.202;43;43;43;0;27;27;27;0;144.54;64.295;185.683;1;30;1;0;3;1;1;19;1
2026-04-26 12:47:00;sin_act_cocina_comedor;0;0.291;0.178;0.207;43;43;43;0;27;27;27;0;156.597;64.415;158.98;1;30;1;0;0;0;1;27;1
2026-04-26 12:47:30;sin_act_cocina_comedor;0;0.342;0.19;0.206;43;43;43;0;27;27;27;0;156.631;64.364;192.886;0;24;1;0;0;0;1;23;1
2026-04-26 12:48:00;sin_act_cocina_comedor;0;0.334;0.175;0.221;43;43;43;0;27;27;27;0;156.219;64.312;169.579;0;0;0;0;0;0;1;25;1
2026-04-26 12:48:30;sin_act_cocina_comedor;0;0.289;0;0.195;43;43;43;0;27;27;27;0;64.415;64.347;206.143;0;0;0;0;0;0;0;25;1
2026-04-26 12:49:00;sin_act_cocina_comedor;0;0.33;0;0.197;43;43;43;0;27;27;27;0;155.362;64.364;177.623;1;21;1;0;3;1;1;20;1
2026-04-26 12:49:30;sin_act_cocina_comedor;0;0.271;0;0.194;43;43;43;0;27;27;27;0;152.824;56.595;158.963;1;30;1;0;0;0;1;28;1
2026-04-26 12:50:00;sin_act_cocina_comedor;0;0.272;0.184;0.211;43;43;43;0;27;27;27;0;160.936;64.69;160.936;1;30;1;0;0;0;0;22;1
2026-04-26 12:50:30;sin_act_cocina_comedor;0;0.303;0;0.214;43;43;43;0;27;27;27;0;155.413;64.398;158.483;0;25;1;0;0;0;1;25;1
2026-04-26 12:51:00;sin_act_cocina_comedor;0;0.278;0.185;0.201;43;43;43;0;27;27;27;0;156.305;58.55;180.795;0;0;0;0;0;0;0;25;1
2026-04-26 12:51:30;sin_act_cocina_comedor;0;0.286;0;0.221;43;43;43;0;27;27;27;0;65.633;64.364;156.339;0;0;0;0;0;0;1;20;1
2026-04-26 12:52:00;sin_act_cocina_comedor;0;0.286;0.184;0.209;43;43;43;0;27;27;27;0;155.499;42.892;169.082;0;0;0;0;0;0;1;28;1
2026-04-26 12:52:30;sin_act_cocina_comedor;0;0.283;0;0.196;43;43;43;0;27;27;27;0;156.802;64.947;160.318;0;0;0;0;0;0;1;20;1
2026-04-26 12:53:00;sin_act_cocina_comedor;0;0.301;0;0.205;43;43;43;0;27;27;27;0;156.665;64.518;206.366;0;0;0;0;0;0;1;26;1
2026-04-26 12:53:30;sin_act_cocina_comedor;0;0.286;0;0.225;42.533333;42;43;0.507416;27;27;27;0;65.787;64.896;159.872;0;0;0;0;0;0;1;24;1
2026-04-26 12:54:00;sin_act_cocina_comedor;0.274;0.277;0;0.205;42.7;42;43;0.466092;26.933333;26;27;0.253708;160.661;8.712;160.661;1;30;1;0;23;1;0;20;1
2026-04-26 12:54:30;sin_act_cocina_comedor;0;0.284;0;0.211;42;42;42;0;26;26;26;0;90.826;60.299;177.537;1;30;1;0;0;0;1;29;1
2026-04-26 12:55:00;sin_act_cocina_comedor;0;0.291;0.18;0.221;42;42;42;0;26;26;26;0;65.805;18.265;159.907;1;30;1;0;0;0;1;21;1
2026-04-26 12:55:30;sin_act_cocina_comedor;0;0.275;0.179;0.212;42;42;42;0;26;26;26;0;65.359;64.518;161.244;1;30;1;0;0;0;1;25;1
2026-04-26 12:56:00;sin_act_cocina_comedor;0;0.272;0.189;0.203;42;42;42;0;26;26;26;0;155.705;61.243;159.306;1;30;1;0;0;0;1;30;1
2026-04-26 12:56:30;sin_act_cocina_comedor;0;0.301;0;0.206;42;42;42;0;26;26;26;0;155.413;64.467;174.193;0;6;1;0;0;0;1;20;1
2026-04-26 12:57:00;sin_act_cocina_comedor;0;0.279;0.175;0.197;42;42;42;0;26;26;26;0;65.376;65.376;159.341;0;0;0;0;0;0;0;30;1
2026-04-26 12:57:30;sin_act_cocina_comedor;0;0.289;0.193;0.223;42;42;42;0;26;26;26;0;154.453;65.685;157.523;0;0;0;0;0;0;1;25;1
2026-04-26 12:58:00;sin_act_cocina_comedor;0;0.304;0.19;0.21;42.666667;42;43;0.479463;26;26;26;0;155.705;65.324;178.926;0;0;0;0;0;0;1;25;1
2026-04-26 12:58:30;sin_act_cocina_comedor;0;0.298;0.197;0.212;43;43;43;0;26;26;26;0;159.855;64.896;159.855;0;0;0;0;0;0;1;30;1
2026-04-26 12:59:00;sin_act_cocina_comedor;0;0.292;0.185;0.216;43;43;43;0;26;26;26;0;65.41;64.415;175.736;0;0;0;0;0;0;1;20;1
2026-04-26 12:59:30;sin_act_cocina_comedor;0.284;0.293;0;0.203;43;43;43;0;26;26;26;0;67.76;64.878;156.562;0;0;0;0;0;0;1;30;1
2026-04-26 13:00:00;sin_act_cocina_comedor;0;0.283;0.178;0.226;43;43;43;0;26;26;26;0;155.671;64.072;157.248;0;0;0;0;0;0;1;25;1
2026-04-26 13:00:30;sin_act_cocina_comedor;0;0.269;0.201;0.212;43;43;43;0;26;26;26;0;157.197;64.998;168.104;0;0;0;0;0;0;1;26;1
2026-04-26 13:01:00;sin_act_cocina_comedor;0;0.315;0.2;0.214;43;43;43;0;26;26;26;0;157.094;64.998;159.958;0;0;0;0;0;0;1;21;1
2026-04-26 13:01:30;sin_act_cocina_comedor;0.262;0.318;0.181;0.21;43;43;43;0;26;26;26;0;156.871;64.844;159.838;0;0;0;0;0;0;1;25;1
2026-04-26 13:02:00;sin_act_cocina_comedor;0.291;0.291;0.208;0.22;43;43;43;0;26;26;26;0;156.202;64.947;159.787;0;0;0;0;0;0;1;25;1
2026-04-26 13:02:30;sin_act_cocina_comedor;0;0.291;0.192;0.232;43;43;43;0;26;26;26;0;64.793;48.637;159.752;1;27;1;0;0;0;1;25;1
2026-04-26 13:03:00;uso_lavaplatos;0.296;0.347;0.184;0.229;43;43;43;0;26;26;26;0;155.739;43.269;159.701;1;30;1;1;11;1;1;25;1
2026-04-26 13:03:30;sin_act_cocina_comedor;0;0.3;0.204;0.235;43;43;43;0;26;26;26;0;64.998;64.947;159.872;1;30;1;0;12;1;1;20;1
2026-04-26 13:04:00;sin_act_cocina_comedor;0;0.291;0.197;0.216;43;43;43;0;26;26;26;0;76.06;24.919;156.442;1;30;1;0;0;0;1;25;1
2026-04-26 13:04:30;sin_act_cocina_comedor;0.262;0.339;0.205;0.209;43.1;43;44;0.305129;26;26;26;0;82.543;31.505;181.601;1;30;1;0;0;0;1;25;1
2026-04-26 13:05:00;uso_lavaplatos;0;0.311;0.181;0.205;44;44;44;0;26;26;26;0;153.578;55.086;160.147;1;29;1;1;6;1;0;25;1
2026-04-26 13:05:30;sin_act_cocina_comedor;0.288;0.312;0.194;0.225;44;44;44;0;26;26;26;0;57.744;16.447;179.869;1;30;1;0;0;0;0;24;1
2026-04-26 13:06:00;sin_act_cocina_comedor;0.263;0.285;0;0.22;44;44;44;0;26;26;26;0;153.853;43.938;180.538;1;30;1;0;0;0;0;26;1
2026-04-26 13:06:30;sin_act_cocina_comedor;0;0.278;0.178;0.228;44;44;44;0;26;26;26;0;64.896;64.896;160.627;1;30;1;0;0;0;0;26;1
2026-04-26 13:07:00;sin_act_cocina_comedor;0.277;0.288;0.179;0.202;44;44;44;0;26;26;26;0;66.388;43.235;160.695;1;30;1;0;0;0;0;24;1
2026-04-26 13:07:30;sin_act_cocina_comedor;0.267;0.32;0.184;0.212;44;44;44;0;26;26;26;0;38.056;38.056;159.649;1;30;1;0;0;0;1;25;1
2026-04-26 13:08:00;sin_act_cocina_comedor;0;0.268;0.191;0.216;44;44;44;0;26;26;26;0;44.624;38.056;155.876;1;30;1;0;0;0;0;25;1
2026-04-26 13:08:30;sin_act_cocina_comedor;0;0.285;0.186;0.226;43.733333;43;44;0.449776;26;26;26;0;153.578;60.419;160.284;1;30;1;0;0;0;1;30;1
2026-04-26 13:09:00;sin_act_cocina_comedor;0;0.281;0.201;0.203;43;43;43;0;26;26;26;0;65.359;45.002;156.579;1;30;1;0;8;1;1;22;1
2026-04-26 13:09:30;sin_act_cocina_comedor;0;0.322;0.208;0.218;43;43;43;0;26;26;26;0;129.225;33.065;248.246;1;30;1;0;2;1;1;23;1
2026-04-26 13:10:00;uso_lavaplatos;0;0.289;0.182;0.231;43;43;43;0;26;26;26;0;155.705;64.947;160.198;1;30;1;1;24;1;1;26;1
2026-04-26 13:10:30;sin_act_cocina_comedor;0;0.264;0;0.203;43;43;43;0;26;26;26;0;58.379;54.143;155.842;1;30;1;0;1;1;0;24;1
2026-04-26 13:11:00;sin_act_cocina_comedor;0;0;0;0.21;43;43;43;0;26;26;26;0;58.413;56.818;179.303;1;30;1;0;0;0;1;25;1
2026-04-26 13:11:30;sin_act_cocina_comedor;0;0.34;0;0.219;43;43;43;0;26;26;26;0;69.08;56.904;69.08;1;30;1;0;0;0;1;24;1
2026-04-26 13:12:00;sin_act_cocina_comedor;0;0.272;0.182;0.207;43;43;43;0;26;26;26;0;62.975;62.923;69.08;1;30;1;0;0;0;1;26;1
2026-04-26 13:12:30;sin_act_cocina_comedor;0;0;0;0.202;43;43;43;0;26;26;26;0;62.649;62.649;65.582;1;30;1;0;0;0;1;20;1
2026-04-26 13:13:00;sin_act_cocina_comedor;0;0.271;0;0.206;43;43;43;0;26;26;26;0;64.896;62.306;181.859;1;30;1;0;0;0;0;25;1
2026-04-26 13:13:30;sin_act_cocina_comedor;0.265;0.275;0;0.187;43;43;43;0;26.766667;26;27;0.430183;155.019;64.518;159.907;1;30;1;0;0;0;1;25;1
2026-04-26 13:14:00;sin_act_cocina_comedor;0;0.275;0.202;0.211;43;43;43;0;27;27;27;0;154.813;64.415;156.408;1;30;1;0;0;0;1;25;1
2026-04-26 13:14:30;sin_act_cocina_comedor;0.284;0.284;0;0.21;43;43;43;0;27;27;27;0;155.036;63.987;157.626;1;30;1;0;0;0;1;30;1
2026-04-26 13:15:00;uso_lavaplatos;0;0.282;0.174;0.215;43;43;43;0;27;27;27;0;153.235;17.785;160.335;1;30;1;1;15;1;1;25;1
2026-04-26 13:15:30;sin_act_cocina_comedor;0;0.276;0.186;0.201;43;43;43;0;27;27;27;0;158.535;64.364;178.497;1;30;1;0;2;1;1;25;1
2026-04-26 13:16:00;sin_act_cocina_comedor;0;0.305;0.178;0.206;43;43;43;0;27;27;27;0;153.39;64.21;160.781;1;30;1;0;0;0;1;24;1
2026-04-26 13:16:30;sin_act_cocina_comedor;0;0.276;0.221;0.225;43;43;43;0;27;27;27;0;155.122;64.741;174.398;1;30;1;0;0;0;1;24;1
2026-04-26 13:17:00;sin_act_cocina_comedor;0;0.297;0.181;0.216;43;43;43;0;27;27;27;0;154.453;64.312;155.842;1;30;1;0;4;1;1;20;1
2026-04-26 13:17:30;sin_act_cocina_comedor;0;0.285;0.21;0.226;43;43;43;0;27;27;27;0;50.232;45.962;156.322;1;30;1;0;4;1;0;24;1
2026-04-26 13:18:00;sin_act_cocina_comedor;0.27;0.298;0.187;0.22;43;43;43;0;27;27;27;0;154.83;64.741;159.409;1;30;1;0;0;0;1;25;1
2026-04-26 13:18:30;sin_act_cocina_comedor;0.269;0.327;0.192;0.226;43;43;43;0;27;27;27;0;156.357;64.312;174.364;1;30;1;0;0;0;1;25;1
2026-04-26 13:19:00;sin_act_cocina_comedor;0;0.349;0.187;0.229;43;43;43;0;27;27;27;0;154.916;63.935;166.749;1;30;1;0;4;1;1;25;1
2026-04-26 13:19:30;sin_act_cocina_comedor;0.276;0.282;0;0.222;43;43;43;0;27;27;27;0;154.556;64.793;160.352;1;30;1;0;0;0;1;20;1
2026-04-26 13:20:00;sin_act_cocina_comedor;0.264;0.297;0.184;0.208;43;43;43;0;27;27;27;0;155.053;64.724;159.546;1;30;1;0;0;0;1;30;1
2026-04-26 13:20:30;sin_act_cocina_comedor;0;0.269;0.174;0.207;43;43;43;0;27;27;27;0;66.113;63.901;159.564;1;30;1;0;0;0;1;30;1
2026-04-26 13:21:00;sin_act_cocina_comedor;0;0.301;0.226;0.226;43;43;43;0;27;27;27;0;64.467;64.467;159.512;1;30;1;0;0;0;1;20;1
2026-04-26 13:21:30;sin_act_cocina_comedor;0.269;0.293;0.199;0.237;43;43;43;0;27;27;27;0;154.573;65.17;159.769;1;30;1;0;2;1;1;25;1
2026-04-26 13:22:00;sin_act_cocina_comedor;0;0.288;0.221;0.238;43;43;43;0;27;27;27;0;155.55;63.832;158.38;1;30;1;0;0;0;1;25;1
2026-04-26 13:22:30;sin_act_cocina_comedor;0.266;0.293;0.216;0.246;43;43;43;0;27;27;27;0;155.722;52.17;156.134;0;19;1;0;0;0;1;25;1
2026-04-26 13:23:00;sin_act_cocina_comedor;0;0.303;0.213;0.243;43;43;43;0;27;27;27;0;64.364;64.364;156.597;0;0;0;0;0;0;1;19;1
2026-04-26 13:23:30;sin_act_cocina_comedor;0.269;0.269;0.192;0.234;43;43;43;0;27;27;27;0;150.165;64.312;156.219;0;0;0;0;0;0;1;26;1
2026-04-26 13:24:00;sin_act_cocina_comedor;0;0.322;0.191;0.226;43;43;43;0;27;27;27;0;155.225;51.158;156.597;0;0;0;0;0;0;1;24;1
2026-04-26 13:24:30;sin_act_cocina_comedor;0.317;0.317;0.182;0.249;43;43;43;0;27;27;27;0;154.47;64.312;155.739;0;0;0;0;0;0;1;25;1
2026-04-26 13:25:00;sin_act_cocina_comedor;0.271;0.311;0.198;0.224;43;43;43;0;27;27;27;0;154.521;54.794;155.859;0;0;0;0;0;0;1;21;1
2026-04-26 13:25:30;sin_act_cocina_comedor;0.285;0.3;0.197;0.235;43;43;43;0;27;27;27;0;154.847;64.741;157.934;0;0;0;0;0;0;1;29;1
2026-04-26 13:26:00;sin_act_cocina_comedor;0.265;0.354;0.222;0.239;43;43;43;0;27;27;27;0;155.448;55.274;156.322;0;0;0;0;0;0;1;25;1
2026-04-26 13:26:30;sin_act_cocina_comedor;0;0.309;0.217;0.231;43;43;43;0;27;27;27;0;154.933;64.724;165.069;0;0;0;0;0;0;1;25;1
2026-04-26 13:27:00;sin_act_cocina_comedor;0.263;0.309;0.204;0.224;43;43;43;0;27;27;27;0;154.95;65.599;159.392;0;0;0;0;0;0;1;25;1
2026-04-26 13:27:30;sin_act_cocina_comedor;0;0.303;0.192;0.219;42.392857;42;43;0.497347;27;27;27;0;153.561;64.724;159.221;0;0;0;0;0;0;1;21;1
2026-04-26 13:28:00;sin_act_cocina_comedor;0;0.297;0.211;0.228;42;42;42;0;27;27;27;0;68.428;65.993;159.358;0;0;0;0;0;0;1;24;1
2026-04-26 13:28:30;sin_act_cocina_comedor;0.267;0.341;0.189;0.244;42;42;42;0;27;27;27;0;155.739;64.793;156.579;0;0;0;0;0;0;0;25;1
2026-04-26 13:29:00;sin_act_cocina_comedor;0.269;0.338;0.196;0.217;42;42;42;0;27;27;27;0;155.602;5.848;179.269;1;16;1;0;0;0;1;25;1
2026-04-26 13:29:30;sin_act_cocina_comedor;0;0.29;0;0.226;42;42;42;0;27.166667;27;28;0.379049;155.756;64.673;159.118;1;30;1;0;0;0;0;25;1
2026-04-26 13:30:00;sin_act_cocina_comedor;0.267;0.29;0.183;0.221;42;42;42;0;28;28;28;0;65.153;65.153;183.265;0;25;1;0;0;0;1;21;1
2026-04-26 13:30:30;sin_act_cocina_comedor;0.281;0.281;0.2;0.217;42;42;42;0;28;28;28;0;154.299;64.261;155.671;0;0;0;0;0;0;1;23;1
2026-04-26 13:31:00;sin_act_cocina_comedor;0.263;0.388;0.179;0.219;42;42;42;0;28;28;28;0;158.329;65.685;158.329;0;0;0;0;0;0;1;25;1
2026-04-26 13:31:30;sin_act_cocina_comedor;0;0.312;0.188;0.209;42;42;42;0;28;28;28;0;153.149;66.765;155.259;0;0;0;0;0;0;1;25;1
2026-04-26 13:32:00;sin_act_cocina_comedor;0;0.316;0.203;0.228;42;42;42;0;28;28;28;0;156.219;64.844;159.495;0;0;0;0;0;0;1;20;1
2026-04-26 13:32:30;sin_act_cocina_comedor;0.292;0.292;0.185;0.229;42;42;42;0;27.2;27;28;0.406838;64.793;64.741;158.946;1;4;1;0;0;0;1;27;1
2026-04-26 13:33:00;sin_act_cocina_comedor;0;0.293;0.206;0.23;42;42;42;0;27;27;27;0;154.762;65.101;159.186;1;30;1;0;0;0;1;23;1
2026-04-26 13:33:30;sin_act_cocina_comedor;0;0.297;0.197;0.237;42;42;42;0;27;27;27;0;159.289;153.561;159.324;0;25;1;0;0;0;1;25;1
2026-04-26 13:34:00;sin_act_cocina_comedor;0.266;0.314;0.19;0.233;42;42;42;0;27;27;27;0;154.847;154.024;159.289;0;0;0;0;0;0;0;25;1
2026-04-26 13:34:30;sin_act_cocina_comedor;0;0.311;0.189;0.223;42;42;42;0;27;27;27;0;155.791;64.724;159.821;0;0;0;0;0;0;1;20;1
2026-04-26 13:35:00;sin_act_cocina_comedor;0;0.311;0.182;0.221;42;42;42;0;27;27;27;0;157.54;61.877;157.54;0;0;0;0;0;0;1;27;1
2026-04-26 13:35:30;sin_act_cocina_comedor;0.263;0.289;0.187;0.225;42;42;42;0;27;27;27;0;154.642;64.398;162.548;0;0;0;0;0;0;1;23;1
2026-04-26 13:36:00;sin_act_cocina_comedor;0.273;0.294;0.211;0.228;42;42;42;0;27;27;27;0;155.825;62.409;157.06;0;0;0;0;0;0;1;25;1
2026-04-26 13:36:30;sin_act_cocina_comedor;0.271;0.285;0.219;0.228;42;42;42;0;27;27;27;0;154.487;64.33;185.957;0;0;0;0;0;0;1;25;1
2026-04-26 13:37:00;sin_act_cocina_comedor;0;0.279;0.204;0.221;42;42;42;0;27;27;27;0;155.791;56.766;159.529;0;0;0;0;0;0;1;19;1
2026-04-26 13:37:30;sin_act_cocina_comedor;0.278;0.294;0.207;0.229;42;42;42;0;27;27;27;0;155.791;64.741;157.694;0;0;0;0;0;0;1;28;1
2026-04-26 13:38:00;sin_act_cocina_comedor;0.285;0.307;0.197;0.236;42;42;42;0;27;27;27;0;157.008;64.244;157.008;0;0;0;0;0;0;1;24;1
2026-04-26 13:38:30;sin_act_cocina_comedor;0.291;0.295;0.201;0.231;42;42;42;0;27;27;27;0;155.739;41.349;157.025;0;0;0;0;0;0;1;24;1
2026-04-26 13:39:00;sin_act_cocina_comedor;0;0.296;0.185;0.234;42;42;42;0;27;27;27;0;65.582;64.741;156.099;0;0;0;0;0;0;1;27;1
2026-04-26 13:39:30;sin_act_cocina_comedor;0;0.289;0.189;0.222;42;42;42;0;27;27;27;0;155.156;64.587;156.099;0;0;0;0;0;0;1;25;1
2026-04-26 13:40:00;sin_act_cocina_comedor;0;0.28;0;0.196;42;42;42;0;27;27;27;0;155.996;64.793;159.324;0;0;0;0;0;0;1;25;1
2026-04-26 13:40:30;sin_act_cocina_comedor;0;0.318;0;0.212;42;42;42;0;27;27;27;0;155.156;64.158;159.701;1;11;1;0;8;1;1;30;1
2026-04-26 13:41:00;sin_act_cocina_comedor;0;0.294;0;0.203;42;42;42;0;27.166667;27;28;0.379049;67.279;64.433;177.623;1;30;1;0;15;1;1;23;1
2026-04-26 13:41:30;uso_lavaplatos;0;0.303;0.179;0.216;41.866667;41;42;0.345746;28;28;28;0;155.671;10.084;159.615;1;30;1;1;9;1;1;27;1
2026-04-26 13:42:00;sin_act_cocina_comedor;0;0.288;0.199;0.23;41;41;41;0;28;28;28;0;13.48;13.48;159.632;1;30;1;0;24;1;1;25;1
2026-04-26 13:42:30;sin_act_cocina_comedor;0.262;0.302;0.22;0.225;41;41;41;0;28;28;28;0;159.306;14.114;160.404;1;30;1;0;0;0;1;25;1
2026-04-26 13:43:00;sin_act_cocina_comedor;0.269;0.316;0.191;0.22;41;41;41;0;28;28;28;0;101.151;25.553;159.958;1;29;1;0;0;0;1;30;1
2026-04-26 13:43:30;sin_act_cocina_comedor;0.303;0.303;0.187;0.225;41;41;41;0;28;28;28;0;8.747;8.712;155.31;1;30;1;0;0;0;0;28;1
2026-04-26 13:44:00;sin_act_cocina_comedor;0.273;0.298;0.187;0.211;41;41;41;0;28;28;28;0;64.364;8.747;159.752;1;30;1;0;0;0;1;22;1
2026-04-26 13:44:30;sin_act_cocina_comedor;0.263;0.284;0;0.216;41;41;41;0;28;28;28;0;156.202;20.546;156.682;1;30;1;0;0;0;1;30;1
2026-04-26 13:45:00;sin_act_cocina_comedor;0;0.337;0.218;0.223;41;41;41;0;28;28;28;0;154.865;64.244;159.701;1;30;1;0;0;0;1;26;1
2026-04-26 13:45:30;sin_act_cocina_comedor;0.284;0.284;0.198;0.224;41;41;41;0;28;28;28;0;155.653;152.686;159.341;1;30;1;0;0;0;1;25;1
2026-04-26 13:46:00;uso_lavaplatos;0.29;0.29;0.181;0.237;41;41;41;0;28;28;28;0;66.045;65.153;159.289;1;30;1;1;29;1;0;29;1
2026-04-26 13:46:30;uso_lavaplatos;0.276;0.286;0.195;0.212;41;41;41;0;28;28;28;0;155.979;64.673;158.843;1;30;1;1;30;1;1;21;1
2026-04-26 13:47:00;uso_lavaplatos;0;0.3;0.198;0.213;41;41;41;0;28;28;28;0;68.926;64.141;159.289;1;30;1;1;30;1;0;30;1
2026-04-26 13:47:30;uso_lavaplatos;0;0.298;0;0.239;41;41;41;0;28;28;28;0;64.312;64.312;156.305;1;30;1;1;30;1;1;25;1
2026-04-26 13:48:00;sin_act_cocina_comedor;0.293;0.362;0.196;0.226;41;41;41;0;28;28;28;0;24.593;24.593;159.341;1;30;1;0;10;1;1;25;1
2026-04-26 13:48:30;sin_act_cocina_comedor;0;0.287;0.21;0.239;41;41;41;0;28;28;28;0;155.31;64.673;176.319;1;30;1;0;0;0;1;30;1
2026-04-26 13:49:00;sin_act_cocina_comedor;0;0.29;0.231;0.239;41;41;41;0;28;28;28;0;155.173;64.741;155.705;0;29;1;0;0;0;1;30;1
2026-04-26 13:49:30;sin_act_cocina_comedor;0;0.288;0.194;0.236;41;41;41;0;28;28;28;0;65.136;64.673;158.706;0;0;0;0;0;0;1;30;1
2026-04-26 13:50:00;sin_act_cocina_comedor;0;0.281;0.193;0.225;41;41;41;0;28;28;28;0;156.357;64.673;156.597;0;0;0;0;0;0;1;15;1
2026-04-26 13:50:30;sin_act_cocina_comedor;0.267;0.303;0.198;0.238;41;41;41;0;28;28;28;0;154.762;63.832;156.134;0;0;0;0;0;0;1;30;1
2026-04-26 13:51:00;sin_act_cocina_comedor;0;0.301;0.24;0.24;41;41;41;0;28;28;28;0;154.882;65.256;156.579;0;0;0;0;0;0;1;25;1
2026-04-26 13:51:30;sin_act_cocina_comedor;0.277;0.342;0.207;0.243;41;41;41;0;27.933333;27;28;0.253708;154.659;64.844;163.474;0;0;0;0;0;0;1;30;1
2026-04-26 13:52:00;sin_act_cocina_comedor;0;0.281;0.207;0.233;41;41;41;0;27;27;27;0;64.45;63.472;156.734;0;0;0;0;0;0;1;25;1
2026-04-26 13:52:30;sin_act_cocina_comedor;0;0.34;0.189;0.237;41;41;41;0;27;27;27;0;65.119;33.048;171.174;0;0;0;0;0;0;0;25;1
2026-04-26 13:53:00;sin_act_cocina_comedor;0;0.334;0.187;0.224;41;41;41;0;27;27;27;0;65.633;16.052;190.125;0;0;0;0;0;0;1;25;1
2026-04-26 13:53:30;sin_act_cocina_comedor;0.288;0.294;0.213;0.229;41;41;41;0;27;27;27;0;65.221;64.415;155.842;0;0;0;0;0;0;1;25;1
2026-04-26 13:54:00;sin_act_cocina_comedor;0.264;0.282;0.195;0.243;41;41;41;0;27;27;27;0;155.345;43.63;157.077;0;0;0;0;0;0;1;20;1
2026-04-26 13:54:30;sin_act_cocina_comedor;0.323;0.323;0.187;0.245;41;41;41;0;27;27;27;0;154.847;150.114;156.631;0;0;0;0;0;0;1;30;1
2026-04-26 13:55:00;sin_act_cocina_comedor;0.267;0.332;0.177;0.221;41;41;41;0;27;27;27;0;154.659;63.832;212.094;0;0;0;0;0;0;0;25;1
2026-04-26 13:55:30;sin_act_cocina_comedor;0;0.285;0.208;0.21;41;41;41;0;27;27;27;0;64.312;63.884;159.821;0;0;0;0;0;0;1;25;1
2026-04-26 13:56:00;sin_act_cocina_comedor;0.289;0.289;0.18;0.227;41;41;41;0;27;27;27;0;159.392;38.708;173.421;0;0;0;0;0;0;1;30;1
2026-04-26 13:56:30;sin_act_cocina_comedor;0;0.298;0.19;0.237;41;41;41;0;27;27;27;0;64.347;39.136;155.825;0;0;0;0;0;0;1;26;1
2026-04-26 13:57:00;sin_act_cocina_comedor;0.267;0.297;0.191;0.238;41;41;41;0;27;27;27;0;154.401;64.741;180.658;0;0;0;0;0;0;1;25;1
2026-04-26 13:57:30;sin_act_cocina_comedor;0.269;0.296;0.185;0.224;41;41;41;0;27;27;27;0;154.487;63.884;155.671;0;0;0;0;0;0;1;30;1
2026-04-26 13:58:00;sin_act_cocina_comedor;0.278;0.32;0.205;0.233;41;41;41;0;27;27;27;0;154.144;70.212;156.562;0;0;0;0;0;0;1;25;1
2026-04-26 13:58:30;sin_act_cocina_comedor;0;0.294;0.188;0.23;41;41;41;0;27;27;27;0;155.345;47.145;159.701;0;0;0;0;0;0;1;25;1
2026-04-26 13:59:00;sin_act_cocina_comedor;0;0.286;0.198;0.228;41;41;41;0;27;27;27;0;154.796;63.987;159.667;0;0;0;0;0;0;1;20;1
2026-04-26 13:59:30;sin_act_cocina_comedor;0.278;0.278;0.209;0.237;41;41;41;0;27;27;27;0;155.19;64.741;159.752;0;0;0;0;0;0;1;25;1
2026-04-26 14:00:00;sin_act_cocina_comedor;0.279;0.302;0.208;0.221;41;41;41;0;27;27;27;0;155.619;65.17;159.701;0;0;0;0;0;0;0;25;1
2026-04-26 14:00:30;sin_act_cocina_comedor;0;0.279;0.189;0.216;41;41;41;0;27;27;27;0;154.762;65.153;156.425;0;0;0;0;0;0;1;25;1
2026-04-26 14:01:00;sin_act_cocina_comedor;0;0.314;0.192;0.227;41;41;41;0;27.666667;27;28;0.479463;65.05;64.518;155.585;0;0;0;0;0;0;1;26;1
2026-04-26 14:01:30;sin_act_cocina_comedor;0;0.29;0.202;0.235;41;41;41;0;28;28;28;0;156.477;65.05;158.843;0;0;0;0;0;0;1;20;1
2026-04-26 14:02:00;sin_act_cocina_comedor;0.275;0.285;0.206;0.226;41;41;41;0;28;28;28;0;154.727;64.244;176.182;0;0;0;0;0;0;1;26;1
2026-04-26 14:02:30;sin_act_cocina_comedor;0;0.3;0.196;0.237;41;41;41;0;28;28;28;0;65.101;63.781;155.893;0;0;0;0;0;0;1;23;1
2026-04-26 14:03:00;sin_act_cocina_comedor;0.298;0.298;0.217;0.233;41;41;41;0;28;28;28;0;154.744;64.21;155.636;0;0;0;0;0;0;1;25;1
2026-04-26 14:03:30;sin_act_cocina_comedor;0.264;0.286;0.198;0.238;41;41;41;0;28;28;28;0;64.793;64.69;160.438;0;0;0;0;0;0;1;25;1
2026-04-26 14:04:00;sin_act_cocina_comedor;0;0.283;0.234;0.234;41;41;41;0;28;28;28;0;65.256;64.364;159.426;0;0;0;0;0;0;1;20;1
2026-04-26 14:04:30;sin_act_cocina_comedor;0.28;0.287;0.185;0.221;41;41;41;0;28;28;28;0;153.801;64.004;159.495;1;8;1;0;0;0;1;26;1
2026-04-26 14:05:00;sin_act_cocina_comedor;0;0.271;0.182;0.218;41;41;41;0;27.793103;27;28;0.412251;153.321;64.793;156.357;1;29;1;0;0;0;1;24;1
2026-04-26 14:05:30;sin_act_cocina_comedor;0;0.271;0.197;0.208;41;41;41;0;27;27;27;0;64.364;64.312;156.802;0;24;1;0;0;0;1;25;1
2026-04-26 14:06:00;sin_act_cocina_comedor;0;0.293;0.22;0.23;40.137931;40;41;0.350931;27;27;27;0;130.083;64.364;169.116;0;0;0;0;0;0;0;25;1
2026-04-26 14:06:30;sin_act_cocina_comedor;0;0.276;0.202;0.215;40;40;40;0;27;27;27;0;155.362;63.935;159.289;0;0;0;0;0;0;1;20;1
2026-04-26 14:07:00;sin_act_cocina_comedor;0.264;0.27;0.202;0.228;40;40;40;0;27;27;27;0;155.345;64.312;156.168;0;0;0;0;0;0;0;26;1
2026-04-26 14:07:30;sin_act_cocina_comedor;0.28;0.336;0.214;0.22;40;40;40;0;27;27;27;0;156.099;64.793;159.238;0;0;0;0;0;0;1;24;1
2026-04-26 14:08:00;sin_act_cocina_comedor;0;0.289;0.216;0.229;40;40;40;0;27;27;27;0;65.05;64.312;159.667;0;0;0;0;0;0;1;30;1
2026-04-26 14:08:30;sin_act_cocina_comedor;0;0.281;0.197;0.23;40;40;40;0;27;27;27;0;154.676;64.261;160.13;0;0;0;0;0;0;1;25;1
2026-04-26 14:09:00;sin_act_cocina_comedor;0;0.315;0.194;0.224;40;40;40;0;27.533333;27;28;0.507416;154.47;64.295;159.632;0;0;0;0;0;0;1;25;1
2026-04-26 14:09:30;sin_act_cocina_comedor;0.266;0.266;0.178;0.255;40;40;40;0;28;28;28;0;155.156;38.022;156.048;0;0;0;0;0;0;1;26;1
2026-04-26 14:10:00;sin_act_cocina_comedor;0;0.29;0;0.213;40;40;40;0;28;28;28;0;61.689;61.689;155.585;0;0;0;0;0;0;1;24;1
2026-04-26 14:10:30;sin_act_cocina_comedor;0;0.308;0;0.205;40;40;40;0;28;28;28;0;155.516;64.21;155.516;0;0;0;0;0;0;1;30;1
2026-04-26 14:11:00;sin_act_cocina_comedor;0.27;0.27;0.174;0.211;40.133333;40;41;0.345746;28;28;28;0;156.048;64.141;171.62;0;0;0;0;0;0;1;25;1
2026-04-26 14:11:30;sin_act_cocina_comedor;0;0.336;0.178;0.199;41;41;41;0;28;28;28;0;153.51;64.741;175.753;0;0;0;0;0;0;1;24;1
2026-04-26 14:12:00;sin_act_cocina_comedor;0;0.291;0.203;0.21;41;41;41;0;28;28;28;0;154.95;59.991;155.808;0;0;0;0;0;0;1;25;1
2026-04-26 14:12:30;sin_act_cocina_comedor;0;0.347;0;0.203;41;41;41;0;28;28;28;0;155.413;16.721;155.448;0;0;0;0;0;0;1;30;1
2026-04-26 14:13:00;sin_act_cocina_comedor;0.283;0.283;0;0.214;41;41;41;0;28;28;28;0;155.619;59.116;159.701;0;0;0;0;0;0;1;25;1
2026-04-26 14:13:30;sin_act_cocina_comedor;0;0.291;0;0.205;41;41;41;0;28;28;28;0;155.688;64.827;159.306;0;0;0;0;0;0;1;30;1
2026-04-26 14:14:00;sin_act_cocina_comedor;0.326;0.326;0.191;0.22;41;41;41;0;28;28;28;0;154.144;64.141;160.747;0;0;0;0;0;0;1;22;1
2026-04-26 14:14:30;sin_act_cocina_comedor;0;0.295;0.196;0.215;41;41;41;0;28;28;28;0;154.316;63.781;161.193;0;0;0;0;0;0;1;23;1
2026-04-26 14:15:00;sin_act_cocina_comedor;0;0.296;0.186;0.217;41;41;41;0;28;28;28;0;151.332;64.244;182.733;0;0;0;0;0;0;1;25;1
2026-04-26 14:15:30;sin_act_cocina_comedor;0.294;0.3;0.183;0.214;41;41;41;0;28;28;28;0;156.099;59.459;159.701;0;0;0;0;0;0;1;25;1
2026-04-26 14:16:00;sin_act_cocina_comedor;0;0.277;0.179;0.22;41;41;41;0;28;28;28;0;65.513;64.244;156.048;0;0;0;0;0;0;1;25;1
2026-04-26 14:16:30;sin_act_cocina_comedor;0;0.298;0.216;0.252;41;41;41;0;28;28;28;0;155.105;64.21;156.357;0;0;0;0;0;0;1;22;1
2026-04-26 14:17:00;sin_act_cocina_comedor;0;0.3;0.209;0.229;41;41;41;0;28;28;28;0;159.186;63.832;191.12;0;0;0;0;0;0;1;21;1
2026-04-26 14:17:30;sin_act_cocina_comedor;0;0.285;0.236;0.259;41;41;41;0;28;28;28;0;154.401;64.553;159.238;0;0;0;0;0;0;0;30;1
2026-04-26 14:18:00;sin_act_cocina_comedor;0.263;0.303;0.195;0.235;41;41;41;0;28;28;28;0;65.153;64.467;159.238;0;0;0;0;0;0;1;25;1
2026-04-26 14:18:30;sin_act_cocina_comedor;0;0.286;0.192;0.224;41;41;41;0;28;28;28;0;65.582;65.101;159.186;0;0;0;0;0;0;1;30;1
2026-04-26 14:19:00;sin_act_cocina_comedor;0;0.287;0.19;0.221;41;41;41;0;28;28;28;0;64.535;63.884;159.684;0;0;0;0;0;0;1;20;1
2026-04-26 14:19:30;sin_act_cocina_comedor;0.325;0.325;0.179;0.223;41;41;41;0;28;28;28;0;66.799;63.352;158.843;0;0;0;0;0;0;1;25;1
2026-04-26 14:20:00;sin_act_cocina_comedor;0;0.282;0.197;0.209;41;41;41;0;28;28;28;0;30.424;30.424;159.289;0;0;0;0;0;0;1;25;1
2026-04-26 14:20:30;sin_act_cocina_comedor;0;0.272;0.214;0.218;41;41;41;0;28;28;28;0;159.684;30.424;159.684;1;29;1;0;0;0;1;26;1
2026-04-26 14:21:00;sin_act_cocina_comedor;0;0.302;0.186;0.22;41;41;41;0;28;28;28;0;159.341;36.187;159.341;1;30;1;0;0;0;1;25;1
2026-04-26 14:21:30;sin_act_cocina_comedor;0.27;0.31;0.218;0.218;41;41;41;0;28;28;28;0;155.636;52.993;159.701;1;30;1;0;0;0;1;25;1
2026-04-26 14:22:00;sin_act_cocina_comedor;0;0.335;0;0.218;41;41;41;0;28;28;28;0;65.273;65.153;159.701;1;30;1;0;0;0;1;30;1
2026-04-26 14:22:30;sin_act_cocina_comedor;0;0.273;0.187;0.21;41.466667;41;42;0.507416;28;28;28;0;153.664;64.244;166.132;0;8;1;0;0;0;1;24;1
2026-04-26 14:23:00;sin_act_cocina_comedor;0;0.291;0.181;0.24;41.233333;41;42;0.430183;27.566667;27;28;0.504007;154.865;63.472;157.54;0;0;0;0;0;0;1;25;1
2026-04-26 14:23:30;sin_act_cocina_comedor;0;0.323;0.189;0.219;41.103448;41;42;0.309934;27;27;27;0;155.756;65.05;156.168;0;0;0;0;0;0;0;25;1
2026-04-26 14:24:00;sin_act_cocina_comedor;0.289;0.321;0.198;0.217;42;42;42;0;27.766667;27;28;0.430183;155.087;65.153;159.752;0;0;0;0;0;0;1;26;1
2026-04-26 14:24:30;sin_act_cocina_comedor;0;0.303;0.188;0.232;42;42;42;0;28;28;28;0;66.799;63.781;159.615;0;0;0;0;0;0;1;25;1
2026-04-26 14:25:00;sin_act_cocina_comedor;0;0.281;0;0.225;41.3;41;42;0.466092;28;28;28;0;155.585;63.729;158.26;0;0;0;0;0;0;1;25;1
2026-04-26 14:25:30;sin_act_cocina_comedor;0.266;0.275;0.186;0.206;41;41;41;0;28;28;28;0;64.69;64.192;187.844;0;0;0;0;0;0;0;23;1
2026-04-26 14:26:00;sin_act_cocina_comedor;0;0.295;0.181;0.218;41;41;41;0;28;28;28;0;155.053;63.712;193.023;0;0;0;0;0;0;1;20;1
2026-04-26 14:26:30;sin_act_cocina_comedor;0;0.279;0.178;0.202;41;41;41;0;28;28;28;0;155.636;64.518;160.078;0;0;0;0;0;0;1;29;1
2026-04-26 14:27:00;sin_act_cocina_comedor;0.291;0.291;0;0.197;41;41;41;0;28;28;28;0;65.513;63.781;178.343;0;0;0;0;0;0;1;21;1
2026-04-26 14:27:30;sin_act_cocina_comedor;0;0.306;0.191;0.226;41;41;41;0;28;28;28;0;155.07;63.764;155.55;0;0;0;0;0;0;1;24;1
2026-04-26 14:28:00;sin_act_cocina_comedor;0;0.3;0.19;0.216;41.166667;41;42;0.379049;28;28;28;0;155.139;8.609;155.825;0;0;0;0;0;0;1;25;1
2026-04-26 14:28:30;sin_act_cocina_comedor;0.276;0.28;0.191;0.217;42;42;42;0;28;28;28;0;155.928;64.57;155.928;0;0;0;0;0;0;1;20;1
2026-04-26 14:29:00;sin_act_cocina_comedor;0.299;0.321;0.193;0.212;42;42;42;0;28;28;28;0;158.209;37.936;159.615;1;12;1;0;0;0;1;30;1
2026-04-26 14:29:30;sin_act_cocina_comedor;0;0.299;0.189;0.208;42;42;42;0;28;28;28;0;66.731;63.678;159.615;1;30;1;0;0;0;1;20;1
2026-04-26 14:30:00;sin_act_cocina_comedor;0;0.281;0.195;0.226;42;42;42;0;28;28;28;0;63.404;60.317;156.459;1;26;1;0;0;0;1;25;1
2026-04-26 14:30:30;sin_act_cocina_comedor;0;0.269;0.185;0.211;41.592593;41;42;0.500712;28;28;28;0;154.813;63.678;158.637;0;17;1;0;0;0;0;25;1
2026-04-26 14:31:00;sin_act_cocina_comedor;0;0.28;0.179;0.193;41;41;41;0;28;28;28;0;153.99;63.729;159.221;1;3;1;0;0;0;1;20;1
2026-04-26 14:31:30;sin_act_cocina_comedor;0.263;0.329;0;0.209;41;41;41;0;28;28;28;0;155.19;64.192;159.169;1;27;1;0;7;1;1;30;1
2026-04-26 14:32:00;sin_act_cocina_comedor;0.274;0.275;0.176;0.215;41;41;41;0;28;28;28;0;68.514;63.678;174.844;1;30;1;0;0;0;1;20;1
2026-04-26 14:32:30;sin_act_cocina_comedor;0.281;0.281;0;0.208;41;41;41;0;28;28;28;0;65.53;63.884;188.376;1;29;1;0;0;0;1;25;1
2026-04-26 14:33:00;sin_act_cocina_comedor;0;0.294;0.179;0.202;41;41;41;0;28;28;28;0;156.031;56.698;179.749;1;30;1;0;0;0;1;25;1
2026-04-26 14:33:30;sin_act_cocina_comedor;0;0.335;0.187;0.219;41;41;41;0;28;28;28;0;155.139;63.249;159.118;1;15;1;0;0;0;0;20;1
2026-04-26 14:34:00;sin_act_cocina_comedor;0;0.291;0.195;0.215;41;41;41;0;28;28;28;0;64.741;38.004;186.009;1;30;1;0;0;0;1;30;1
2026-04-26 14:34:30;uso_lavaplatos;0;0.277;0.196;0.227;41;41;41;0;28;28;28;0;27.869;27.869;178.24;1;25;1;1;1;1;0;21;1
2026-04-26 14:35:00;sin_act_cocina_comedor;0;0;0.184;0.215;41.5;41;42;0.508548;28;28;28;0;155.208;47.248;175.839;1;30;1;0;10;1;1;26;1
2026-04-26 14:35:30;sin_act_cocina_comedor;0;0.28;0.195;0.221;42.833333;42;43;0.379049;30.166667;28;31;1.085431;155.722;64.415;156.099;1;30;1;0;0;0;1;25;1
2026-04-26 14:36:00;sin_act_cocina_comedor;0;0.275;0;0.248;42.166667;42;43;0.379049;32.5;31;34;0.973795;156.202;64.364;156.202;1;30;1;0;0;0;1;21;1
2026-04-26 14:36:30;sin_act_cocina_comedor;0;0.289;0.199;0.214;41.266667;39;42;1.014833;35.9;34;38;1.398275;154.882;50.747;160.078;1;30;1;0;0;0;1;24;1
2026-04-26 14:37:00;sin_act_cocina_comedor;0;0.283;0.195;0.213;34.9;30;39;2.892916;39.266667;38;40;0.784915;153.887;68.446;189.765;1;30;1;0;0;0;1;25;1
2026-04-26 14:37:30;sin_act_cocina_comedor;0;0.317;0.175;0.203;28.533333;22;30;2.255007;40.266667;40;42;0.691492;155.208;65.479;156.391;1;30;1;0;0;0;1;24;1
2026-04-26 14:38:00;sin_act_cocina_comedor;0.269;0.286;0.178;0.211;18.433333;13;22;3.002107;43.2;42;44;0.805156;57.11;57.11;159.221;1;30;1;0;0;0;1;25;1
2026-04-26 14:38:30;sin_act_cocina_comedor;0.269;0.292;0;0.248;11.103448;8;13;2.46902;45.137931;44;46;0.7894;154.813;57.11;158.586;1;29;1;0;0;0;1;21;1
2026-04-26 14:39:00;sin_act_cocina_comedor;0;0.347;0.213;0.219;6.533333;4;8;1.96053;47.1;46;49;1.470398;155.962;38.673;158.792;1;30;1;0;0;0;1;24;1
2026-04-26 14:39:30;sin_act_cocina_comedor;0;0.289;0.188;0.213;2.233333;1;4;1.250747;50.766667;49;52;1.250747;156.048;64.244;159.718;1;30;1;0;0;0;1;25;1
2026-04-26 14:40:00;sin_act_cocina_comedor;0;0.33;0.206;0.222;1;1;1;0;52;52;52;0;155.225;65.462;156.957;1;30;1;0;0;0;1;25;1
2026-04-26 14:40:30;sin_act_cocina_comedor;0;0.286;0.224;0.224;0;0;0;0;51.666667;51;52;0.479463;64.364;38.039;238.488;1;30;1;0;0;0;1;24;1
2026-04-26 14:41:00;sin_act_cocina_comedor;0;0.3;0.19;0.224;0.3;0;1;0.466092;50.666667;50;51;0.479463;154.213;64.364;157.18;1;30;1;0;0;0;1;21;1
2026-04-26 14:41:30;sin_act_cocina_comedor;0;0.274;0.193;0.23;1.666667;1;2;0.479463;52.233333;50;53;1.040004;65.204;52.993;156.82;1;30;1;0;0;0;1;23;1
2026-04-26 14:42:00;sin_act_cocina_comedor;0.282;0.289;0.2;0.225;1.2;1;2;0.406838;53.233333;53;54;0.430183;56.921;46.597;155.362;1;30;1;0;0;0;1;25;1
2026-04-26 14:42:30;sin_act_cocina_comedor;0.265;0.282;0.191;0.236;1.133333;1;2;0.345746;54.366667;54;55;0.490133;158.535;56.955;158.535;1;30;1;0;0;0;1;25;1
2026-04-26 14:43:00;sin_act_cocina_comedor;0;0.315;0.231;0.235;1;1;1;0;53.833333;53;54;0.379049;53.405;52.873;65.17;1;30;1;0;0;0;1;23;1
2026-04-26 14:43:30;sin_act_cocina_comedor;0.275;0.291;0.19;0.234;0.166667;0;1;0.379049;51.566667;50;53;0.935261;24.061;16.344;181.601;1;30;1;0;0;0;1;21;1
2026-04-26 14:44:00;sin_act_cocina_comedor;0.262;0.281;0.205;0.252;0.566667;0;3;0.8172;47.833333;45;50;1.341212;155.619;18.145;159.478;1;30;1;0;0;0;1;27;1
2026-04-26 14:44:30;sin_act_cocina_comedor;0;0.316;0.204;0.237;3;3;3;0;44.333333;44;45;0.479463;70.332;56.012;159.615;1;30;1;0;0;0;1;20;1
2026-04-26 14:45:00;sin_act_cocina_comedor;0;0.29;0.22;0.239;4.310345;3;5;0.967451;41.724138;40;44;1.729916;154.796;57.11;160.97;1;29;1;0;0;0;1;25;1
2026-04-26 14:45:30;sin_act_cocina_comedor;0;0.28;0.195;0.22;5.6;5;7;0.932183;38.7;38;39;0.466092;61.569;59.596;159.426;0;27;1;0;0;0;1;25;1
2026-04-26 14:46:00;sin_act_cocina_comedor;0;0.327;0.197;0.237;9.8;7;11;0.924755;36.8;36;38;0.484234;65.582;56.904;159.495;1;13;1;0;0;0;1;23;1
2026-04-26 14:46:30;sin_act_cocina_comedor;0;0.277;0.19;0.233;13.033333;11;14;1.159171;35.433333;35;36;0.504007;64.415;64.312;66.868;1;30;1;0;0;0;1;27;1
2026-04-26 14:47:00;sin_act_cocina_comedor;0.263;0.276;0.191;0.215;16.133333;14;18;1.166585;34.133333;34;35;0.345746;183.316;64.347;183.316;1;30;1;0;0;0;1;16;1
2026-04-26 14:47:30;sin_act_cocina_comedor;0.284;0.297;0.195;0.221;18.933333;18;20;0.52083;33.133333;33;34;0.345746;156.322;65.153;156.734;1;30;1;0;0;0;1;24;1
2026-04-26 14:48:00;sin_act_cocina_comedor;0.275;0.275;0.193;0.227;20.933333;20;23;1.112107;32.566667;32;33;0.504007;57.864;57.864;159.495;1;18;1;0;0;0;1;23;1
2026-04-26 14:48:30;sin_act_cocina_comedor;0;0.282;0.192;0.22;23.466667;23;25;0.62881;32;32;32;0;44.367;43.664;57.864;1;30;1;0;0;0;1;25;1
2026-04-26 14:49:00;sin_act_cocina_comedor;0.267;0.286;0.182;0.222;25.033333;25;26;0.182574;31.266667;31;32;0.449776;43.664;42.772;47.128;1;30;1;0;0;0;1;30;1
2026-04-26 14:49:30;sin_act_cocina_comedor;0;0.316;0.183;0.223;27.4;26;28;0.932183;31;31;31;0;153.252;42.772;156.665;1;30;1;0;0;0;1;20;1
2026-04-26 14:50:00;sin_act_cocina_comedor;0;0;0.175;0.209;29.034483;28;30;0.823007;31;31;31;0;38.845;16.413;156.219;1;29;1;0;0;0;1;25;1
2026-04-26 14:50:30;sin_act_cocina_comedor;0;0.264;0.185;0.209;30;30;30;0;31;31;31;0;97.326;29.892;148.69;1;30;1;0;0;0;1;24;1
2026-04-26 14:51:00;sin_act_cocina_comedor;0;0.262;0.205;0.205;31;31;31;0;30;30;30;0;91.204;46.854;169.391;1;30;1;0;0;0;0;24;1
2026-04-26 14:51:30;sin_act_cocina_comedor;0;0.274;0.194;0.229;32;32;32;0;30;30;30;0;78.924;64.21;162.942;1;30;1;0;0;0;1;26;1
2026-04-26 14:52:00;sin_act_cocina_comedor;0;0.28;0;0.216;32.966667;32;33;0.182574;30;30;30;0;159.032;17.081;159.872;1;30;1;0;0;0;1;20;1
2026-04-26 14:52:30;sin_act_cocina_comedor;0;0.269;0.189;0.221;33.933333;33;34;0.253708;30.366667;30;31;0.490133;158.312;64.998;194.584;1;30;1;0;0;0;1;30;1
2026-04-26 14:53:00;sin_act_cocina_comedor;0;0.274;0;0.214;34.566667;34;35;0.504007;30;30;30;0;158.723;152.669;159.529;0;17;1;0;0;0;1;20;1
2026-04-26 14:53:30;sin_act_cocina_comedor;0.263;0.282;0.194;0.209;35;35;35;0;30;30;30;0;158.226;65.05;158.998;0;0;0;0;0;0;1;24;1
2026-04-26 14:54:00;sin_act_cocina_comedor;0.297;0.297;0.198;0.224;35.833333;35;36;0.379049;30;30;30;0;64.621;64.57;181.19;0;0;0;0;0;0;1;25;1
2026-04-26 14:54:30;sin_act_cocina_comedor;0;0.294;0.184;0.23;36;36;36;0;30;30;30;0;159.032;63.781;178.977;0;0;0;0;0;0;1;21;1
2026-04-26 14:55:00;sin_act_cocina_comedor;0.276;0.35;0.199;0.236;36;36;36;0;30;30;30;0;158.209;63.438;159.529;0;0;0;0;0;0;1;29;1
2026-04-26 14:55:30;sin_act_cocina_comedor;0;0.284;0.19;0.233;36.466667;36;37;0.507416;30;30;30;0;153.561;65.719;158.758;0;0;0;0;0;0;1;20;1
2026-04-26 14:56:00;sin_act_cocina_comedor;0;0.291;0.192;0.212;37.1;37;38;0.305129;30;30;30;0;159.015;65.067;159.066;0;0;0;0;0;0;0;25;1
2026-04-26 14:56:30;sin_act_cocina_comedor;0.267;0.347;0.176;0.218;38;38;38;0;30;30;30;0;158.586;63.832;159.958;0;0;0;0;0;0;1;25;1
2026-04-26 14:57:00;sin_act_cocina_comedor;0;0.3;0.195;0.209;38;38;38;0;30;30;30;0;137.68;64.107;159.581;0;0;0;0;0;0;1;21;1
2026-04-26 14:57:30;sin_act_cocina_comedor;0;0.273;0.194;0.221;38;38;38;0;30;30;30;0;65.05;63.781;207.241;0;0;0;0;0;0;1;29;1
2026-04-26 14:58:00;sin_act_cocina_comedor;0;0.281;0.2;0.221;38;38;38;0;30;30;30;0;153.613;65.05;158.758;0;0;0;0;0;0;1;20;1
2026-04-26 14:58:30;sin_act_cocina_comedor;0;0.273;0.204;0.214;38;38;38;0;30;30;30;0;159.615;64.724;159.615;0;0;0;0;0;0;1;30;1
2026-04-26 14:59:00;sin_act_cocina_comedor;0;0.287;0.185;0.224;38;38;38;0;29.666667;29;30;0.479463;159.083;64.621;159.495;0;0;0;0;0;0;1;25;1
2026-04-26 14:59:30;sin_act_cocina_comedor;0;0.301;0.183;0.233;38;38;38;0;29;29;29;0;153.561;64.621;186.421;0;0;0;0;0;0;1;25;1
2026-04-26 15:00:00;sin_act_cocina_comedor;0;0.326;0.185;0.259;38;38;38;0;29;29;29;0;153.218;147.541;159.598;0;0;0;0;0;0;1;30;1
2026-04-26 15:00:30;sin_act_cocina_comedor;0.288;0.294;0.193;0.218;38.6;38;39;0.498273;29;29;29;0;153.681;64.21;154.967;0;0;0;0;0;0;1;20;1
2026-04-26 15:01:00;sin_act_cocina_comedor;0;0.288;0.196;0.237;39.166667;39;40;0.379049;29;29;29;0;153.149;64.638;158.706;0;0;0;0;0;0;1;27;1
2026-04-26 15:01:30;sin_act_cocina_comedor;0;0.277;0.194;0.233;40;40;40;0;29;29;29;0;154.47;64.673;159.066;0;0;0;0;0;0;1;22;1
2026-04-26 15:02:00;sin_act_cocina_comedor;0;0.281;0.183;0.234;40;40;40;0;29;29;29;0;154.058;64.776;213.072;0;0;0;0;0;0;0;25;1
2026-04-26 15:02:30;sin_act_cocina_comedor;0;0;0.18;0.205;40;40;40;0;29;29;29;0;153.99;64.776;158.277;0;0;0;0;0;0;1;25;1
2026-04-26 15:03:00;sin_act_cocina_comedor;0;0.266;0.186;0.233;40;40;40;0;29;29;29;0;64.312;64.312;161.502;0;0;0;0;0;0;1;20;1
2026-04-26 15:03:30;sin_act_cocina_comedor;0;0.295;0.188;0.206;40;40;40;0;29;29;29;0;154.196;63.884;157.523;0;0;0;0;0;0;1;27;1
2026-04-26 15:04:00;sin_act_cocina_comedor;0;0.262;0.179;0.223;40;40;40;0;29;29;29;0;160.164;64.415;160.164;0;0;0;0;0;0;1;23;1
2026-04-26 15:04:30;sin_act_cocina_comedor;0;0.308;0.215;0.215;40;40;40;0;28.333333;28;29;0.479463;62.615;55.48;158.843;0;0;0;0;0;0;0;25;1
2026-04-26 15:05:00;sin_act_cocina_comedor;0;0.29;0.202;0.21;40;40;40;0;28;28;28;0;64.844;63.884;158.432;0;0;0;0;0;0;1;24;1
2026-04-26 15:05:30;sin_act_cocina_comedor;0.262;0.279;0.197;0.223;40;40;40;0;28;28;28;0;157.54;64.415;157.54;1;19;1;0;0;0;1;19;1
2026-04-26 15:06:00;sin_act_cocina_comedor;0;0.347;0.184;0.223;40;40;40;0;28;28;28;0;65.839;63.249;159.255;1;30;1;0;0;0;1;28;1
2026-04-26 15:06:30;sin_act_cocina_comedor;0;0.268;0.186;0.225;40;40;40;0;28;28;28;0;154.676;65.633;157.643;1;30;1;0;0;0;0;24;1
2026-04-26 15:07:00;sin_act_cocina_comedor;0;0.296;0.204;0.218;40;40;40;0;28;28;28;0;153.715;65.153;157.574;0;2;1;0;0;0;1;25;1
2026-04-26 15:07:30;sin_act_cocina_comedor;0;0.295;0.203;0.239;40;40;40;0;28;28;28;0;154.247;63.884;158.003;0;0;0;0;0;0;1;24;1
2026-04-26 15:08:00;sin_act_cocina_comedor;0.265;0.305;0.184;0.245;40;40;40;0;28;28;28;0;154.196;63.935;157.488;0;0;0;0;0;0;1;25;1
2026-04-26 15:08:30;uso_lavaplatos;0.264;0.29;0.231;0.258;40;40;40;0;28;28;28;0;153.149;64.741;164.52;1;17;1;1;14;1;0;25;1
2026-04-26 15:09:00;uso_lavaplatos;0.263;0.284;0.194;0.237;40.9;40;41;0.305129;28;28;28;0;154.041;64.364;158.329;1;30;1;1;17;1;1;30;1
2026-04-26 15:09:30;uso_lavaplatos;0;0.29;0.19;0.229;41;41;41;0;28;28;28;0;153.99;65.153;156.545;1;30;1;1;19;1;1;30;1
2026-04-26 15:10:00;uso_lavaplatos;0.268;0.308;0.202;0.224;41;41;41;0;28;28;28;0;130.426;65.633;159.169;1;30;1;1;18;1;1;25;1
2026-04-26 15:10:30;sin_act_cocina_comedor;0;0.316;0.188;0.223;41;41;41;0;28;28;28;0;87.825;26.943;159.135;1;30;1;0;11;1;0;26;1
2026-04-26 15:11:00;uso_lavaplatos;0;0.273;0.191;0.234;41;41;41;0;28;28;28;0;111.252;67.228;159.118;1;30;1;1;14;1;1;21;1
2026-04-26 15:11:30;uso_lavaplatos;0.266;0.278;0.208;0.227;41;41;41;0;28;28;28;0;154.436;66.388;159.049;1;30;1;1;30;1;1;25;1
2026-04-26 15:12:00;uso_lavaplatos;0;0.282;0.208;0.223;40.9;40;41;0.305129;28;28;28;0;65.53;65.53;158.998;1;30;1;1;30;1;1;25;1
2026-04-26 15:12:30;sin_act_cocina_comedor;0;0.311;0.218;0.232;40;40;40;0;28;28;28;0;29.67;29.67;158.998;1;30;1;0;11;1;1;25;1
2026-04-26 15:13:00;sin_act_cocina_comedor;0;0.283;0.175;0.226;40.1;40;41;0.305129;28.433333;28;29;0.504007;152.601;22.878;162.068;1;30;1;0;4;1;0;25;1
2026-04-26 15:13:30;sin_act_cocina_comedor;0.271;0.271;0.189;0.21;41.733333;41;42;0.449776;30.2;29;32;0.924755;15.812;14.749;158.535;1;30;1;0;0;0;1;20;1
2026-04-26 15:14:00;cocinando;0;0.341;0.21;0.222;41.933333;41;42;0.253708;33.266667;32;36;1.595972;153.51;1.801;159.684;1;30;1;0;6;1;1;30;1
2026-04-26 15:14:30;cocinando;0.276;0.289;0.195;0.208;40.2;39;41;0.996546;36.8;36;38;0.996546;64.621;64.141;159.769;1;30;1;0;0;0;0;20;1
2026-04-26 15:15:00;cocinando;0;0.325;0.187;0.249;35;33;37;1.66091;40;39;41;0.830455;31.796;24.816;183.111;1;30;1;0;1;1;0;25;1
2026-04-26 15:15:30;cocinando;0;0.262;0;0.201;29.133333;26;31;2.129163;41;41;41;0;154.916;9.141;154.916;1;30;1;0;0;0;1;24;1
2026-04-26 15:16:00;cocinando;0;0.315;0.173;0.2;23.166667;22;26;0.949894;39.4;39;41;0.563242;153.956;64.312;159.924;1;30;1;0;0;0;1;21;1
2026-04-26 15:16:30;cocinando;0;0.318;0;0.215;20.766667;20;22;0.568321;37.766667;37;39;0.568321;153.098;153.098;157.42;0;20;1;0;0;0;1;29;1
2026-04-26 15:17:00;cocinando;0;0.264;0.178;0.207;20;20;20;0;36.033333;36;37;0.182574;22.895;20.992;153.132;1;30;1;0;0;0;1;20;1
2026-04-26 15:17:30;cocinando;0;0.292;0;0.215;20;20;20;0;34.866667;34;36;0.571346;46.202;46.202;157.797;1;30;1;0;8;1;0;25;1
2026-04-26 15:18:00;cocinando;0;0.333;0.178;0.213;20;20;20;0;34;34;34;0;65.633;65.016;187.312;1;30;1;0;0;0;1;20;1
2026-04-26 15:18:30;cocinando;0;0.302;0.183;0.218;20;20;20;0;33.1;33;34;0.305129;159.392;26.085;159.392;1;30;1;0;0;0;1;25;1
2026-04-26 15:19:00;cocinando;0;0.29;0.183;0.215;20.533333;20;21;0.507416;32.466667;32;33;0.507416;11.679;3.636;159.409;1;30;1;0;0;0;1;25;1
2026-04-26 15:19:30;sin_act_cocina_comedor;0;0.287;0.178;0.208;21.533333;21;22;0.507416;32;32;32;0;152.995;18.436;153.475;1;30;1;0;0;0;1;25;1
2026-04-26 15:20:00;sin_act_cocina_comedor;0;0.267;0.203;0.206;22;22;22;0;32;32;32;0;36.975;36.975;158.106;1;30;1;0;2;1;1;30;1
2026-04-26 15:20:30;cocinando;0;0.283;0;0.192;27.8;22;31;3.044498;34;32;36;1.43839;180.229;36.032;180.229;1;30;1;0;0;0;1;20;1
2026-04-26 15:21:00;cocinando;0;0.285;0.176;0.202;32.266667;31;33;0.784915;37.866667;36;40;1.431983;67.811;64.638;159.341;1;30;1;0;0;0;1;27;1
2026-04-26 15:21:30;cocinando;0;0.275;0.177;0.186;32.2;32;33;0.406838;40.8;40;41;0.406838;57.127;57.127;73.522;1;30;1;0;9;1;1;26;1
2026-04-26 15:22:00;cocinando;0;0.275;0.178;0.209;27.133333;19;32;5.34166;42.933333;41;46;2.116167;73.711;23.53;98.064;1;30;1;0;0;0;1;25;1
2026-04-26 15:22:30;cocinando;0;0.322;0;0.219;19.733333;19;20;0.449776;46.366667;46;47;0.490133;56.801;56.801;91.204;1;30;1;0;0;0;0;25;1
2026-04-26 15:23:00;cocinando;0;0.298;0;0.207;11;9;12;1.43839;48;48;48;0;54.468;50.318;57.898;1;30;1;0;12;1;1;20;1
2026-04-26 15:23:30;cocinando;0;0.272;0.178;0.22;3.8;2;9;1.669193;47.466667;46;48;0.899553;70.641;54.468;70.641;1;30;1;0;3;1;1;27;1
2026-04-26 15:24:00;cocinando;0;0.299;0.186;0.214;6.933333;2;13;3.795945;45.6;45;47;0.894427;93.588;65.17;93.588;1;30;1;0;0;0;1;23;1
2026-04-26 15:24:30;cocinando;0;0.263;0.188;0.216;10.068966;8;13;2.50615;47.862069;47;49;0.833415;75.854;68.651;93.588;1;29;1;0;0;0;1;25;1
2026-04-26 15:25:00;cocinando;0.278;0.285;0;0.191;6.833333;3;8;2.150915;49.466667;49;51;0.860366;158.86;46.168;166.938;1;30;1;0;0;0;1;25;1
2026-04-26 15:25:30;cocinando;0;0.296;0;0.201;1.866667;1;3;0.571346;50.766667;50;51;0.430183;153.647;64.21;159.529;1;30;1;0;0;0;1;25;1
2026-04-26 15:26:00;cocinando;0;0.283;0;0.203;1.9;1;2;0.305129;49.1;49;50;0.305129;157.386;64.673;196.127;0;27;1;0;0;0;1;28;1
2026-04-26 15:26:30;cocinando;0.266;0.328;0.179;0.209;2.366667;2;3;0.490133;49.5;49;50;0.508548;155.07;35.689;157.643;1;28;1;0;0;0;0;22;1
2026-04-26 15:27:00;cocinando;0;0.277;0.199;0.209;1.133333;1;2;0.345746;50;50;50;0;153.029;64.638;171.963;1;30;1;0;0;0;0;24;1
2026-04-26 15:27:30;cocinando;0.294;0.294;0.198;0.228;1.333333;1;2;0.479463;50;50;50;0;37.095;19.054;157.283;1;30;1;0;0;0;1;25;1
2026-04-26 15:28:00;cocinando;0;0.304;0.183;0.223;1.666667;1;2;0.479463;50.5;50;51;0.508548;51.176;36.615;52.873;1;30;1;0;0;0;1;24;1
2026-04-26 15:28:30;cocinando;0;0.305;0.186;0.208;0.166667;0;1;0.379049;51.666667;51;52;0.479463;76.386;16.721;160.284;1;30;1;0;0;0;1;29;1
2026-04-26 15:29:00;sin_act_cocina_comedor;0.267;0.342;0.186;0.206;0;0;0;0;49.833333;48;51;1.234094;156.888;16.395;247.492;1;30;1;1;6;1;1;21;1
2026-04-26 15:29:30;cocinando;0;0.306;0.179;0.221;0;0;0;0;46.566667;45;48;0.935261;152.086;54.588;160.507;1;30;1;0;0;0;1;30;1
2026-04-26 15:30:00;cocinando;0.273;0.287;0.203;0.213;0;0;0;0;44.533333;44;45;0.507416;65.89;64.673;160.267;1;30;1;0;0;0;1;30;1
2026-04-26 15:30:30;cocinando;0.266;0.376;0.221;0.229;0.1;0;1;0.305129;42.3;41;44;0.915386;159.341;63.884;159.581;1;30;1;0;0;0;1;25;1
2026-04-26 15:31:00;cocinando;0;0.3;0.199;0.229;1;1;1;0;40.566667;40;41;0.504007;152.566;42.635;168.722;1;30;1;0;0;0;1;24;1
2026-04-26 15:31:30;cocinando;0;0.294;0.174;0.226;1.1;1;2;0.305129;38.8;38;40;0.805156;152.961;59.613;159.495;1;30;1;0;0;0;1;25;1
2026-04-26 15:32:00;cocinando;0.282;0.282;0.19;0.217;2;2;2;0;37.933333;37;38;0.253708;157.9;16.395;158.123;1;30;1;0;0;0;0;24;1
2026-04-26 15:32:30;cocinando;0.269;0.278;0.198;0.213;2.4;2;3;0.498273;37;37;37;0;18.042;16.344;163.662;1;30;1;0;0;0;1;26;1
2026-04-26 15:33:00;cocinando;0.287;0.314;0.184;0.216;3;3;3;0;36.266667;36;37;0.449776;64.21;16.447;160.695;1;30;1;0;0;0;1;25;1
2026-04-26 15:33:30;cocinando;0;0.321;0.187;0.213;3.033333;3;4;0.182574;36;36;36;0;61.037;13.274;158.054;1;30;1;0;0;0;1;25;1
2026-04-26 15:34:00;sin_act_cocina_comedor;0;0.274;0.191;0.215;4;4;4;0;36;36;36;0;160.078;6.157;239.774;1;30;1;1;24;1;1;20;1
2026-04-26 15:34:30;cocinando;0.277;0.294;0.182;0.204;4.033333;4;5;0.182574;35.966667;35;36;0.182574;88.357;6.071;241.095;1;30;1;0;21;1;1;30;1
2026-04-26 15:35:00;cocinando;0.289;0.303;0.186;0.247;5;5;5;0;35;35;35;0;89.3;24.164;89.3;1;28;1;0;0;0;1;20;1
2026-04-26 15:35:30;cocinando;0.288;0.326;0.187;0.24;5;5;5;0;34.333333;34;35;0.479463;21.3;21.3;162.068;1;30;1;0;9;1;1;25;1
2026-04-26 15:36:00;cocinando;0;0.288;0.187;0.234;5.3;5;6;0.466092;33.7;33;34;0.466092;16.413;16.087;159.855;1;30;1;0;0;0;1;25;1
2026-04-26 15:36:30;cocinando;0;0.332;0.193;0.206;6.3;6;7;0.466092;33;33;33;0;153.475;16.721;188.033;1;30;1;0;0;0;1;22;1
2026-04-26 15:37:00;cocinando;0;0.276;0.176;0.222;7.3;7;8;0.466092;32.7;32;33;0.466092;158.38;64.312;159.701;1;30;1;0;0;0;1;30;1
2026-04-26 15:37:30;sin_act_cocina_comedor;0.27;0.292;0;0.202;8.266667;8;9;0.449776;32;32;32;0;154.196;15.486;196.265;1;30;1;0;0;0;1;21;1
2026-04-26 15:38:00;sin_act_cocina_comedor;0;0.294;0.178;0.199;9.566667;9;10;0.504007;32;32;32;0;153.304;17.459;158.329;1;30;1;0;0;0;1;30;1
2026-04-26 15:38:30;sin_act_cocina_comedor;0;0.264;0.203;0.203;10.6;10;12;0.723974;32;32;32;0;157.368;64.192;159.598;1;30;1;0;0;0;1;25;1
2026-04-26 15:39:00;sin_act_cocina_comedor;0;0.28;0.213;0.23;12.466667;12;13;0.507416;31.2;31;32;0.406838;156.974;64.57;160.901;0;5;1;0;0;0;1;25;1
2026-04-26 15:39:30;sin_act_cocina_comedor;0.262;0.322;0.203;0.233;13.206897;13;14;0.412251;31;31;31;0;177.623;65.53;177.623;0;0;0;0;0;0;1;30;1
2026-04-26 15:40:00;sin_act_cocina_comedor;0.294;0.294;0.203;0.224;14.827586;14;15;0.384426;31;31;31;0;153.51;63.575;166.081;0;0;0;0;0;0;1;20;1
2026-04-26 15:40:30;sin_act_cocina_comedor;0.294;0.294;0.207;0.228;15.724138;15;16;0.454859;31;31;31;0;152.618;54.245;158.106;0;0;0;0;0;0;0;26;1
2026-04-26 15:41:00;sin_act_cocina_comedor;0.273;0.317;0.194;0.232;16;16;16;0;31;31;31;0;159.752;64.21;159.752;0;0;0;0;0;0;1;24;1
2026-04-26 15:41:30;sin_act_cocina_comedor;0;0.293;0.181;0.244;17.466667;16;20;1.96053;30.633333;30;31;0.490133;158.809;64.141;169.339;0;0;0;0;0;0;1;25;1
2026-04-26 15:42:00;uso_lavaplatos;0;0.271;0.187;0.219;20;20;20;0;30;30;30;0;167.11;64.673;167.11;1;1;1;1;3;1;1;25;1
2026-04-26 15:42:30;uso_lavaplatos;0;0.305;0.193;0.211;20.3;20;21;0.466092;30;30;30;0;157.197;64.621;159.272;1;30;1;1;20;1;1;20;1
2026-04-26 15:43:00;sin_act_cocina_comedor;0.263;0.351;0.184;0.256;21;21;21;0;30;30;30;0;65.479;64.21;185.134;1;30;1;0;0;0;0;26;1
2026-04-26 15:43:30;sin_act_cocina_comedor;0.264;0.297;0.199;0.234;21.966667;21;22;0.182574;30;30;30;0;65.084;63.369;158.123;1;30;1;0;0;0;1;23;1
2026-04-26 15:44:00;sin_act_cocina_comedor;0;0.381;0.192;0.219;22.566667;22;23;0.504007;30;30;30;0;152.978;64.261;158.432;1;30;1;0;0;0;1;25;1
2026-04-26 15:44:30;sin_act_cocina_comedor;0;0.285;0.218;0.224;23;23;23;0;30;30;30;0;64.724;64.69;158.432;1;30;1;0;0;0;1;25;1
2026-04-26 15:45:00;sin_act_cocina_comedor;0.278;0.323;0.208;0.221;23.833333;23;24;0.379049;30;30;30;0;153.51;63.781;159.478;0;20;1;0;0;0;1;20;1
2026-04-26 15:45:30;sin_act_cocina_comedor;0.27;0.296;0.177;0.224;24.966667;24;26;0.556053;30;30;30;0;154.35;64.793;174.844;0;0;0;0;0;0;0;27;1
2026-04-26 15:46:00;sin_act_cocina_comedor;0;0.336;0.202;0.224;26.137931;26;27;0.350931;29.517241;29;30;0.508548;153.492;64.141;154.796;0;0;0;0;0;0;1;23;1
2026-04-26 15:46:30;sin_act_cocina_comedor;0.271;0.3;0.196;0.237;27.433333;27;28;0.504007;29;29;29;0;153.51;65.05;154.35;0;0;0;0;0;0;1;30;1
2026-04-26 15:47:00;sin_act_cocina_comedor;0;0.293;0.212;0.238;28.103448;28;29;0.309934;29;29;29;0;153.012;64.57;154.556;0;0;0;0;0;0;1;25;1
2026-04-26 15:47:30;sin_act_cocina_comedor;0;0.313;0.181;0.236;29.033333;29;30;0.182574;29;29;29;0;64.21;63.781;170.317;0;0;0;0;0;0;1;25;1
2026-04-26 15:48:00;sin_act_cocina_comedor;0;0.283;0.212;0.212;30;30;30;0;29;29;29;0;153.973;64.981;158.912;0;0;0;0;0;0;0;27;1
2026-04-26 15:48:30;sin_act_cocina_comedor;0.276;0.309;0.187;0.201;30;30;30;0;29;29;29;0;152.704;2.915;162.839;0;0;0;0;0;0;1;23;1
2026-04-26 15:49:00;sin_act_cocina_comedor;0.274;0.333;0.188;0.229;30;30;30;0;29;29;29;0;153.029;64.312;167.264;0;0;0;0;0;0;0;25;1
2026-04-26 15:49:30;sin_act_cocina_comedor;0.264;0.366;0.185;0.217;30.344828;30;31;0.483725;29;29;29;0;98.081;63.781;157.694;0;0;0;0;0;0;1;25;1
2026-04-26 15:50:00;sin_act_cocina_comedor;0;0.29;0.193;0.225;31;31;31;0;29;29;29;0;158.329;64.947;194.773;0;0;0;0;0;0;0;24;1
2026-04-26 15:50:30;sin_act_cocina_comedor;0.296;0.31;0.191;0.213;31;31;31;0;29;29;29;0;157.523;63.781;167.075;0;0;0;0;0;0;1;23;1
2026-04-26 15:51:00;sin_act_cocina_comedor;0.268;0.278;0.175;0.231;31;31;31;0;29;29;29;0;64.621;64.21;160.13;0;0;0;0;0;0;1;22;1
2026-04-26 15:51:30;sin_act_cocina_comedor;0;0.286;0.214;0.224;31;31;31;0;29;29;29;0;153.029;64.158;160.335;0;0;0;0;0;0;1;25;1
2026-04-26 15:52:00;sin_act_cocina_comedor;0.281;0.291;0.187;0.207;31;31;31;0;29;29;29;0;64.621;64.621;159.272;0;0;0;0;0;0;1;25;1
2026-04-26 15:52:30;sin_act_cocina_comedor;0.297;0.304;0;0.203;31.566667;31;32;0.504007;29;29;29;0;65.582;64.192;160.232;0;0;0;0;0;0;0;25;1
2026-04-26 15:53:00;sin_act_cocina_comedor;0.273;0.325;0.181;0.219;32;32;32;0;29;29;29;0;90.569;64.621;158.929;0;0;0;0;0;0;0;28;1
2026-04-26 15:53:30;sin_act_cocina_comedor;0;0.292;0.2;0.217;32;32;32;0;29;29;29;0;153.39;64.21;159.392;0;0;0;0;0;0;1;22;1
2026-04-26 15:54:00;sin_act_cocina_comedor;0.302;0.302;0.218;0.218;32;32;32;0;29;29;29;0;157.111;64.535;158.449;0;0;0;0;0;0;0;25;1
2026-04-26 15:54:30;sin_act_cocina_comedor;0;0.34;0.21;0.21;32;32;32;0;29;29;29;0;158.895;64.244;163.56;0;0;0;0;0;0;1;25;1
2026-04-26 15:55:00;sin_act_cocina_comedor;0.295;0.307;0.202;0.213;32;32;32;0;29;29;29;0;153.458;63.678;161.021;0;0;0;0;0;0;1;25;1
2026-04-26 15:55:30;sin_act_cocina_comedor;0.276;0.3;0.188;0.215;32;32;32;0;29;29;29;0;64.21;63.781;185.872;0;0;0;0;0;0;1;24;1
2026-04-26 15:56:00;sin_act_cocina_comedor;0.291;0.303;0.186;0.223;32;32;32;0;29;29;29;0;158.432;64.141;162.462;0;0;0;0;0;0;1;22;1
2026-04-26 15:56:30;sin_act_cocina_comedor;0.264;0.31;0;0.23;32;32;32;0;29;29;29;0;64.673;41.537;158.963;0;0;0;0;0;0;0;25;1
2026-04-26 15:57:00;sin_act_cocina_comedor;0.265;0.314;0.205;0.209;32;32;32;0;29;29;29;0;155.688;51.381;157.437;0;0;0;0;0;0;1;25;1
2026-04-26 15:57:30;sin_act_cocina_comedor;0.308;0.314;0.186;0.221;32;32;32;0;29;29;29;0;154.384;63.678;158.912;0;0;0;0;0;0;0;25;1
2026-04-26 15:58:00;sin_act_cocina_comedor;0;0.304;0.217;0.217;32;32;32;0;29;29;29;0;65.805;55.806;159.872;0;0;0;0;0;0;1;24;1
2026-04-26 15:58:30;sin_act_cocina_comedor;0.274;0.313;0.179;0.231;32;32;32;0;29;29;29;0;64.998;64.998;161.467;0;0;0;0;0;0;1;21;1
2026-04-26 15:59:00;sin_act_cocina_comedor;0;0.283;0.221;0.221;32;32;32;0;29;29;29;0;159.684;64.141;162.393;0;0;0;0;0;0;1;25;1
2026-04-26 15:59:30;sin_act_cocina_comedor;0.298;0.305;0.189;0.216;32;32;32;0;29;29;29;0;153.527;64.21;164.949;0;0;0;0;0;0;1;25;1
2026-04-26 16:00:00;sin_act_cocina_comedor;0;0.309;0.215;0.215;32;32;32;0;29;29;29;0;153.51;89.729;158.174;0;0;0;0;0;0;1;25;1
2026-04-26 16:00:30;sin_act_cocina_comedor;0;0.3;0.204;0.229;32;32;32;0;29;29;29;0;158.123;90.26;191.205;0;0;0;0;0;0;1;23;1
2026-04-26 16:01:00;sin_act_cocina_comedor;0;0.328;0.226;0.226;32;32;32;0;29;29;29;0;65.582;64.947;158.535;0;0;0;0;0;0;1;21;1
2026-04-26 16:01:30;sin_act_cocina_comedor;0;0.292;0.179;0.226;32;32;32;0;29;29;29;0;65.582;64.621;159.015;0;0;0;0;0;0;1;22;1
2026-04-26 16:02:00;sin_act_cocina_comedor;0.276;0.284;0.187;0.22;32;32;32;0;29;29;29;0;153.184;64.998;169.596;0;0;0;0;0;0;1;28;1
2026-04-26 16:02:30;sin_act_cocina_comedor;0.263;0.318;0.186;0.215;32;32;32;0;28.433333;28;29;0.504007;154.882;150.8;171.243;0;0;0;0;0;0;1;25;1
2026-04-26 16:03:00;sin_act_cocina_comedor;0.268;0.317;0.19;0.236;32;32;32;0;28;28;28;0;153.561;65.101;178.309;0;0;0;0;0;0;1;25;1
2026-04-26 16:03:30;sin_act_cocina_comedor;0.266;0.296;0.191;0.207;32;32;32;0;28;28;28;0;153.184;64.57;158.963;0;0;0;0;0;0;1;30;1
2026-04-26 16:04:00;sin_act_cocina_comedor;0;0.317;0.187;0.225;32.866667;32;33;0.345746;28;28;28;0;152.995;64.621;180.812;0;0;0;0;0;0;1;25;1
2026-04-26 16:04:30;sin_act_cocina_comedor;0.265;0.326;0.18;0.23;33;33;33;0;28;28;28;0;153.887;65.05;155.156;0;0;0;0;0;0;1;28;1
2026-04-26 16:05:00;sin_act_cocina_comedor;0.284;0.305;0.209;0.232;33;33;33;0;28;28;28;0;153.149;12.965;159.907;0;0;0;0;0;0;0;23;1
2026-04-26 16:05:30;sin_act_cocina_comedor;0.262;0.292;0.192;0.242;33;33;33;0;28;28;28;0;153.613;64.741;162.153;0;0;0;0;0;0;1;25;1
2026-04-26 16:06:00;sin_act_cocina_comedor;0.278;0.316;0.188;0.23;33;33;33;0;28;28;28;0;153.51;64.621;158.5;0;0;0;0;0;0;1;30;1
2026-04-26 16:06:30;sin_act_cocina_comedor;0;0.302;0.21;0.229;33;33;33;0;28;28;28;0;65.153;64.69;158.86;0;0;0;0;0;0;1;21;1
2026-04-26 16:07:00;sin_act_cocina_comedor;0.273;0.304;0.197;0.234;33;33;33;0;28;28;28;0;152.669;89.472;157.334;0;0;0;0;0;0;0;25;1
2026-04-26 16:07:30;sin_act_cocina_comedor;0.267;0.302;0.181;0.222;33;33;33;0;28;28;28;0;65.89;64.621;157.368;0;0;0;0;0;0;0;25;1
2026-04-26 16:08:00;sin_act_cocina_comedor;0.263;0.314;0.208;0.231;33;33;33;0;28;28;28;0;153.887;63.832;158.432;0;0;0;0;0;0;0;24;1
2026-04-26 16:08:30;sin_act_cocina_comedor;0.272;0.365;0.187;0.227;33.033333;33;34;0.182574;28;28;28;0;153.029;36.152;157.729;0;0;0;0;0;0;0;25;1
2026-04-26 16:09:00;sin_act_cocina_comedor;0.283;0.3;0.195;0.227;34;34;34;0;28;28;28;0;65.101;64.141;170.625;1;18;1;0;3;1;1;20;1
2026-04-26 16:09:30;sin_act_cocina_comedor;0.323;0.323;0.191;0.226;34;34;34;0;28;28;28;0;152.549;64.21;177.743;1;30;1;0;0;0;1;29;1
2026-04-26 16:10:00;sin_act_cocina_comedor;0.27;0.364;0.178;0.229;34;34;34;0;28;28;28;0;65.101;64.261;161.056;0;23;1;0;0;0;0;20;1
2026-04-26 16:10:30;sin_act_cocina_comedor;0.267;0.302;0.195;0.221;34;34;34;0;28;28;28;0;156.665;64.638;159.752;0;0;0;0;0;0;1;30;1
2026-04-26 16:11:00;sin_act_cocina_comedor;0;0.331;0.189;0.225;34;34;34;0;28;28;28;0;158.072;64.21;158.535;0;0;0;0;0;0;1;25;1
2026-04-26 16:11:30;sin_act_cocina_comedor;0.273;0.324;0.185;0.226;34;34;34;0;28;28;28;0;157.523;64.261;158.74;0;0;0;0;0;0;1;24;1
2026-04-26 16:12:00;sin_act_cocina_comedor;0;0.317;0.197;0.218;34;34;34;0;28;28;28;0;156.957;64.57;185.923;0;0;0;0;0;0;1;30;1
2026-04-26 16:12:30;sin_act_cocina_comedor;0;0.281;0.176;0.21;34;34;34;0;28.566667;28;29;0.504007;152.103;60.111;163.251;0;0;0;0;0;0;0;20;1
2026-04-26 16:13:00;sin_act_cocina_comedor;0.272;0.317;0.177;0.222;34;34;34;0;29;29;29;0;153.458;64.621;159.238;0;0;0;0;0;0;1;25;1
2026-04-26 16:13:30;sin_act_cocina_comedor;0;0.301;0.186;0.21;34;34;34;0;29;29;29;0;153.921;64.261;154.367;0;0;0;0;0;0;1;25;1
2026-04-26 16:14:00;sin_act_cocina_comedor;0.268;0.291;0.208;0.211;34;34;34;0;28.133333;28;29;0.345746;153.475;65.101;157.797;0;0;0;0;0;0;1;20;1
2026-04-26 16:14:30;sin_act_cocina_comedor;0.275;0.294;0.217;0.261;34;34;34;0;28;28;28;0;140.527;63.712;170.608;0;0;0;0;0;0;1;29;1
2026-04-26 16:15:00;sin_act_cocina_comedor;0;0.294;0.191;0.226;34;34;34;0;28;28;28;0;64.57;64.57;159.032;0;0;0;0;0;0;1;20;1
2026-04-26 16:15:30;sin_act_cocina_comedor;0;0.276;0.236;0.237;34;34;34;0;28;28;28;0;157.403;64.158;164.537;0;0;0;0;0;0;1;29;1
2026-04-26 16:16:00;sin_act_cocina_comedor;0.276;0.355;0.204;0.234;34;34;34;0;28;28;28;0;157.111;64.638;161.296;0;0;0;0;0;0;1;26;1
2026-04-26 16:16:30;sin_act_cocina_comedor;0;0.34;0.199;0.231;34;34;34;0;28;28;28;0;65.05;64.638;188.89;1;4;1;0;0;0;1;24;1
2026-04-26 16:17:00;sin_act_cocina_comedor;0.29;0.324;0.232;0.232;34;34;34;0;28;28;28;0;140.407;42.978;165.343;1;30;1;0;0;0;0;30;1
2026-04-26 16:17:30;sin_act_cocina_comedor;0.279;0.304;0.19;0.232;34;34;34;0;28;28;28;0;65.959;64.998;295.632;1;30;1;0;0;0;1;20;1
2026-04-26 16:18:00;sin_act_cocina_comedor;0;0.29;0.178;0.224;34;34;34;0;28;28;28;0;65.427;51.707;153.252;1;30;1;0;9;1;1;30;1
2026-04-26 16:18:30;sin_act_cocina_comedor;0;0.284;0.215;0.22;34;34;34;0;28;28;28;0;64.998;63.678;153.698;1;30;1;0;0;0;0;25;1
2026-04-26 16:19:00;sin_act_cocina_comedor;0.279;0.309;0.186;0.225;34;34;34;0;28;28;28;0;65.101;64.244;153.818;1;30;1;0;0;0;1;21;1
2026-04-26 16:19:30;sin_act_cocina_comedor;0.262;0.302;0.176;0.204;34;34;34;0;28;28;28;0;65.53;64.244;153.784;1;30;1;0;7;1;1;23;1
2026-04-26 16:20:00;sin_act_cocina_comedor;0.312;0.316;0.179;0.212;34.206897;34;35;0.412251;28;28;28;0;65.53;64.57;153.544;1;29;1;0;0;0;1;20;1
2026-04-26 16:20:30;uso_lavaplatos;0.274;0.32;0.18;0.2;35;35;35;0;28;28;28;0;64.21;64.21;174.09;1;30;1;1;25;1;1;26;1
2026-04-26 16:21:00;uso_lavaplatos;0.277;0.353;0.192;0.217;35;35;35;0;28;28;28;0;152.824;64.21;154.676;1;30;1;1;30;1;1;25;1
2026-04-26 16:21:30;sin_act_cocina_comedor;0.299;0.318;0.209;0.216;35;35;35;0;28;28;28;0;152.772;64.621;195.664;1;30;1;0;10;1;0;23;1
2026-04-26 16:22:00;sin_act_cocina_comedor;0.279;0.332;0.194;0.219;35;35;35;0;28;28;28;0;154.007;65.05;197.242;1;30;1;0;0;0;1;27;1
2026-04-26 16:22:30;sin_act_cocina_comedor;0.282;0.311;0.185;0.227;35;35;35;0;28.333333;28;29;0.479463;153.99;152.223;154.007;1;30;1;0;0;0;1;20;1
2026-04-26 16:23:00;uso_lavaplatos;0.283;0.311;0.188;0.219;35;35;35;0;29;29;29;0;151.983;64.57;169.596;1;30;1;1;3;1;1;30;1
2026-04-26 16:23:30;sin_act_cocina_comedor;0;0.357;0.178;0.225;35;35;35;0;29;29;29;0;153.218;64.09;154.899;1;30;1;0;1;1;1;25;1
2026-04-26 16:24:00;sin_act_cocina_comedor;0.277;0.312;0.182;0.213;35;35;35;0;29;29;29;0;153.664;64.69;168.67;1;29;1;0;4;1;1;25;1
2026-04-26 16:24:30;sin_act_cocina_comedor;0.263;0.286;0.179;0.229;35;35;35;0;29;29;29;0;153.578;64.673;154.419;1;30;1;0;3;1;1;26;1
2026-04-26 16:25:00;sin_act_cocina_comedor;0.277;2.168;0;2.462;34.166667;34;35;0.379049;29;29;29;0;153.355;63.832;154.47;1;30;1;0;0;0;0;21;1
2026-04-26 16:25:30;sin_act_cocina_comedor;0;0.304;0.179;0.206;34;34;34;0;29;29;29;0;152.464;64.638;183.659;1;29;1;0;0;0;1;29;1
2026-04-26 16:26:00;sin_act_cocina_comedor;1.133;1.133;0.177;0.206;34;34;34;0;29;29;29;0;153.441;64.158;153.835;1;30;1;0;4;1;1;21;1
2026-04-26 16:26:30;sin_act_cocina_comedor;0;0.286;0;0.921;34;34;34;0;28.866667;28;29;0.345746;64.57;64.21;154.213;1;30;1;0;0;0;1;25;1
2026-04-26 16:27:00;sin_act_cocina_comedor;0.264;0.274;0.181;0.66;34;34;34;0;28.466667;28;29;0.507416;154.933;64.158;171.706;1;30;1;0;0;0;1;25;1
2026-04-26 16:27:30;sin_act_cocina_comedor;0.287;1.182;0.193;0.689;34;34;34;0;28.233333;28;29;0.430183;153.561;63.798;155.053;1;30;1;0;0;0;1;20;1
2026-04-26 16:28:00;sin_act_cocina_comedor;0.272;0.281;0.178;0.953;34;34;34;0;28.766667;28;29;0.430183;152.326;63.678;191.994;1;30;1;0;5;1;1;29;1
2026-04-26 16:28:30;sin_act_cocina_comedor;0.287;0.314;0.186;0.21;34;34;34;0;29;29;29;0;153.458;64.673;154.367;1;30;1;0;0;0;1;21;1
2026-04-26 16:29:00;sin_act_cocina_comedor;0.268;0.332;0.177;0.214;34;34;34;0;29;29;29;0;154.333;64.004;154.333;1;30;1;0;0;0;1;30;1
2026-04-26 16:29:30;sin_act_cocina_comedor;0;0.302;0.177;0.226;34;34;34;0;29;29;29;0;152.515;64.107;154.333;1;30;1;0;0;0;1;25;1
2026-04-26 16:30:00;sin_act_cocina_comedor;0.276;0.289;0;0.206;34;34;34;0;29;29;29;0;65.17;64.638;154.247;1;30;1;0;9;1;1;25;1
2026-04-26 16:30:30;sin_act_cocina_comedor;0.265;0.304;0;0.224;34;34;34;0;29;29;29;0;65.479;65.05;154.521;1;29;1;0;0;0;1;24;1
2026-04-26 16:31:00;sin_act_cocina_comedor;0;0.306;0.176;0.205;34;34;34;0;29;29;29;0;153.081;64.896;159.615;1;30;1;0;0;0;1;21;1
2026-04-26 16:31:30;sin_act_cocina_comedor;0.272;0.31;0.177;0.198;34;34;34;0;29;29;29;0;153.561;64.107;154.83;1;30;1;0;0;0;1;25;1
2026-04-26 16:32:00;sin_act_cocina_comedor;0.263;0.272;0.2;0.2;34;34;34;0;29;29;29;0;154.47;63.249;154.847;1;30;1;0;0;0;1;24;1
2026-04-26 16:32:30;sin_act_cocina_comedor;0;0.343;0;0.194;34;34;34;0;29;29;29;0;153.904;64.107;154.47;1;30;1;0;0;0;1;25;1
2026-04-26 16:33:00;sin_act_cocina_comedor;0.286;0.32;0.189;0.226;34;34;34;0;29;29;29;0;153.887;63.626;154.419;1;30;1;0;0;0;1;25;1
2026-04-26 16:33:30;sin_act_cocina_comedor;0.268;0.291;0.198;0.208;34;34;34;0;29;29;29;0;65.427;63.678;154.35;1;30;1;0;10;1;1;20;1
2026-04-26 16:34:00;sin_act_cocina_comedor;0;0.312;0.211;0.236;34;34;34;0;29;29;29;0;69.08;57.024;154.384;1;30;1;0;0;0;0;25;1
2026-04-26 16:34:30;sin_act_cocina_comedor;0.276;0.332;0.179;0.224;34;34;34;0;29;29;29;0;92.593;16.018;154.796;1;30;1;0;3;1;1;25;1
2026-04-26 16:35:00;uso_lavaplatos;0;0.329;0.2;0.231;34;34;34;0;29;29;29;0;65.53;16.447;159.718;1;30;1;1;4;1;1;25;1
2026-04-26 16:35:30;sin_act_cocina_comedor;0.282;0.33;0.182;0.227;34;34;34;0;29;29;29;0;65.89;64.724;154.762;1;30;1;0;1;1;1;25;1
2026-04-26 16:36:00;sin_act_cocina_comedor;0.266;0.297;0.19;0.217;34;34;34;0;29;29;29;0;153.99;64.57;154.47;1;30;1;0;16;1;1;25;1
2026-04-26 16:36:30;sin_act_cocina_comedor;0.285;0.301;0.211;0.224;34;34;34;0;29;29;29;0;153.99;65.05;154.487;1;30;1;0;19;1;1;25;1
2026-04-26 16:37:00;sin_act_cocina_comedor;0.276;0.303;0.212;0.219;34;34;34;0;29;29;29;0;153.252;17.785;154.882;1;30;1;0;10;1;1;25;1
2026-04-26 16:37:30;uso_lavaplatos;0;0.286;0.192;0.221;34;34;34;0;29;29;29;0;153.51;64.947;154.367;1;30;1;1;4;1;1;20;1
2026-04-26 16:38:00;sin_act_cocina_comedor;0.3;0.301;0.182;0.211;34;34;34;0;29;29;29;0;153.424;61.466;154.35;1;30;1;0;3;1;1;26;1
2026-04-26 16:38:30;sin_act_cocina_comedor;0;0.292;0.191;0.212;34;34;34;0;29;29;29;0;154.281;7.117;154.299;1;30;1;0;0;0;1;25;1
2026-04-26 16:39:00;sin_act_cocina_comedor;0;0.349;0.207;0.214;34;34;34;0;29;29;29;0;153.887;65.41;154.299;1;30;1;0;0;0;0;20;1
2026-04-26 16:39:30;sin_act_cocina_comedor;0;0.69;0.19;0.23;34;34;34;0;29;29;29;0;153.904;64.57;181.378;1;30;1;0;0;0;0;25;1
2026-04-26 16:40:00;sin_act_cocina_comedor;0.266;0.313;0.245;0.245;34;34;34;0;29;29;29;0;65.05;65.05;154.47;1;30;1;0;0;0;1;24;1
2026-04-26 16:40:30;sin_act_cocina_comedor;0.277;0.928;0.178;0.23;34;34;34;0;29;29;29;0;65.05;65.05;154.419;1;30;1;0;0;0;1;25;1
2026-04-26 16:41:00;sin_act_cocina_comedor;0;0.302;0.193;0.229;33.233333;33;34;0.430183;29;29;29;0;153.664;64.312;154.521;1;30;1;0;0;0;1;25;1
2026-04-26 16:41:30;uso_lavaplatos;0.264;0.315;0.188;0.226;33;33;33;0;29;29;29;0;67.177;64.107;186.986;1;30;1;1;16;1;0;25;1
2026-04-26 16:42:00;sin_act_cocina_comedor;0.263;0.308;0.214;0.228;33;33;33;0;29;29;29;0;153.938;64.175;154.401;1;30;1;0;7;1;1;21;1
2026-04-26 16:42:30;uso_lavaplatos;0.277;0.302;0.209;0.233;33;33;33;0;29;29;29;0;153.664;64.621;154.196;1;30;1;1;3;1;1;24;1
2026-04-26 16:43:00;sin_act_cocina_comedor;0.271;0.321;0.191;0.227;33;33;33;0;29;29;29;0;154.093;48.329;163.611;1;30;1;0;25;1;1;25;1
2026-04-26 16:43:30;sin_act_cocina_comedor;0.285;0.312;0.192;0.228;33;33;33;0;29;29;29;0;194.498;64.673;194.498;1;30;1;0;0;0;0;25;1
2026-04-26 16:44:00;sin_act_cocina_comedor;0;0.301;0;0.205;33;33;33;0;29;29;29;0;168.79;64.981;174.501;1;30;1;0;6;1;0;25;1
2026-04-26 16:44:30;uso_lavaplatos;0.302;0.302;0.186;0.257;33;33;33;0;29;29;29;0;76.18;64.141;154.556;1;30;1;1;19;1;1;22;1
2026-04-26 16:45:00;sin_act_cocina_comedor;0.321;0.321;0.182;0.209;33;33;33;0;29;29;29;0;154.127;63.781;154.882;1;30;1;0;10;1;0;29;1
2026-04-26 16:45:30;sin_act_cocina_comedor;0.264;0.33;0.201;0.231;33;33;33;0;29;29;29;0;58.91;58.91;154.59;1;30;1;0;4;1;1;24;1
2026-04-26 16:46:00;sin_act_cocina_comedor;0.269;0.308;0.221;0.225;33;33;33;0;29;29;29;0;65.067;63.781;175.05;1;30;1;0;10;1;1;25;1
2026-04-26 16:46:30;sin_act_cocina_comedor;0.27;0.309;0.196;0.221;33;33;33;0;29;29;29;0;60.745;60.745;170.608;1;30;1;0;0;0;1;25;1
2026-04-26 16:47:00;sin_act_cocina_comedor;0.27;0.32;0.194;0.251;33;33;33;0;29;29;29;0;153.767;64.192;155.396;0;27;1;0;0;0;1;22;1
2026-04-26 16:47:30;sin_act_cocina_comedor;0.31;0.31;0.197;0.221;33;33;33;0;29;29;29;0;153.956;64.107;154.539;0;0;0;0;0;0;0;23;1
2026-04-26 16:48:00;sin_act_cocina_comedor;0.29;0.32;0.193;0.221;33;33;33;0;29;29;29;0;154.076;65.513;163.645;0;0;0;0;0;0;1;30;1
2026-04-26 16:48:30;sin_act_cocina_comedor;0.283;0.333;0.185;0.233;33;33;33;0;29;29;29;0;154.419;64.467;170.745;0;0;0;0;0;0;1;25;1
2026-04-26 16:49:00;sin_act_cocina_comedor;0.275;0.328;0.188;0.227;33;33;33;0;29;29;29;0;154.041;62.958;154.882;0;0;0;0;0;0;0;25;1
2026-04-26 16:49:30;sin_act_cocina_comedor;0.266;0.319;0.212;0.233;33;33;33;0;29;29;29;0;154.299;64.587;154.487;0;0;0;0;0;0;1;25;1
2026-04-26 16:50:00;sin_act_cocina_comedor;0.281;0.321;0.177;0.207;33;33;33;0;29;29;29;0;153.887;64.947;154.882;0;0;0;0;0;0;1;25;1
2026-04-26 16:50:30;sin_act_cocina_comedor;0.304;0.332;0.199;0.204;33;33;33;0;29;29;29;0;154.47;64.055;154.573;0;0;0;0;0;0;1;23;1
2026-04-26 16:51:00;sin_act_cocina_comedor;0.29;0.319;0.197;0.211;33;33;33;0;29;29;29;0;154.35;64.21;154.933;0;0;0;0;0;0;1;28;1
2026-04-26 16:51:30;sin_act_cocina_comedor;0.286;0.294;0.224;0.224;33;33;33;0;29;29;29;0;153.63;64.21;154.985;0;0;0;0;0;0;0;20;1
2026-04-26 16:52:00;sin_act_cocina_comedor;0.279;0.333;0.174;0.224;33;33;33;0;29;29;29;0;153.921;64.57;154.83;0;0;0;0;0;0;1;30;1
2026-04-26 16:52:30;sin_act_cocina_comedor;0.274;0.308;0.221;0.221;33;33;33;0;29;29;29;0;154.83;65.101;154.916;0;0;0;0;0;0;0;25;1
2026-04-26 16:53:00;sin_act_cocina_comedor;0;0.335;0.188;0.227;33;33;33;0;29;29;29;0;154.419;64.21;154.573;0;0;0;0;0;0;1;25;1
2026-04-26 16:53:30;sin_act_cocina_comedor;0;0.295;0;0.218;33;33;33;0;29;29;29;0;154.11;64.638;160.078;0;0;0;0;0;0;1;25;1
2026-04-26 16:54:00;sin_act_cocina_comedor;0;0.301;0.174;0.209;33;33;33;0;29;29;29;0;154.504;63.884;154.95;0;0;0;0;0;0;1;20;1
2026-04-26 16:54:30;sin_act_cocina_comedor;0.282;0.293;0;0.209;33;33;33;0;29;29;29;0;154.35;42.926;154.985;1;17;1;0;0;0;1;28;1
2026-04-26 16:55:00;sin_act_cocina_comedor;0;0.315;0.174;0.214;33;33;33;0;29;29;29;0;153.287;64.535;155.379;1;30;1;0;0;0;1;22;1
2026-04-26 16:55:30;uso_lavaplatos;0.302;0.332;0.176;0.203;33;33;33;0;29;29;29;0;153.715;64.21;154.539;1;30;1;1;6;1;1;25;1
2026-04-26 16:56:00;sin_act_cocina_comedor;0;0.304;0;0.203;33;33;33;0;29;29;29;0;65.444;22.827;155.019;1;30;1;0;4;1;1;25;1
2026-04-26 16:56:30;cocinando;0.271;0.346;0.206;0.233;34.733333;33;35;0.691492;32.2;29;35;1.749877;64.998;64.57;155.465;0;29;1;0;0;0;1;20;1
2026-04-26 16:57:00;cocinando;0.265;0.337;0.21;0.218;33.5;32;35;0.973795;38;35;41;1.947589;154.676;64.21;166.972;0;0;0;0;0;0;0;29;1
2026-04-26 16:57:30;cocinando;0.285;0.336;0.201;0.221;22.833333;9;32;7.710643;44;41;47;1.947589;154.967;63.781;155.156;0;0;0;0;0;0;1;22;1
2026-04-26 16:58:00;cocinando;0.283;0.309;0.194;0.215;3.766667;1;9;2.621967;49.866667;47;53;1.870521;155.053;64.587;155.465;0;0;0;0;0;0;1;24;1
2026-04-26 16:58:30;cocinando;0.282;0.288;0.183;0.225;0.6;0;1;0.498273;54.166667;53;55;0.791478;155.362;64.244;170.934;0;0;0;0;0;0;1;24;1
2026-04-26 16:59:00;cocinando;0.27;0.302;0.203;0.219;0;0;0;0;55.733333;55;57;0.980265;154.401;153.956;171.106;0;0;0;0;0;0;1;25;1
2026-04-26 16:59:30;cocinando;0.306;0.308;0.233;0.233;0;0;0;0;56.633333;56;57;0.490133;154.11;64.141;175.667;0;0;0;0;0;0;1;29;1
2026-04-26 17:00:00;cocinando;0.263;0.335;0.198;0.214;0;0;0;0;55.666667;55;56;0.479463;154.487;64.638;155.362;0;0;0;0;0;0;0;21;1
2026-04-26 17:00:30;cocinando;0.279;0.31;0.203;0.234;0.966667;0;1;0.182574;59.533333;56;60;0.819307;154.419;64.621;154.899;0;0;0;0;0;0;1;25;1
2026-04-26 17:01:00;cocinando;0.269;0.34;0.213;0.236;0.7;0;1;0.466092;59.733333;58;61;1.229896;155.328;153.921;155.345;0;0;0;0;0;0;1;25;1
2026-04-26 17:01:30;cocinando;0.298;0.316;0.204;0.246;0;0;0;0;56.2;55;58;1.494819;154.076;65.05;155.773;0;0;0;0;0;0;0;25;1
2026-04-26 17:02:00;cocinando;0;0.301;0.195;0.217;0;0;0;0;51.7;51;55;1.022168;43.081;41.126;155.019;1;14;1;0;0;0;1;25;1
2026-04-26 17:02:30;cocinando;0;0.31;0.209;0.226;0;0;0;0;49.933333;49;51;0.784915;61.346;43.081;79.885;1;30;1;0;0;0;1;20;1
2026-04-26 17:03:00;cocinando;0.275;0.294;0.231;0.231;0;0;0;0;52;51;53;1.017095;64.998;56.784;154.847;1;30;1;0;0;0;1;26;1
2026-04-26 17:03:30;cocinando;0.292;0.303;0.197;0.255;0;0;0;0;50.166667;48;53;1.703613;153.921;65.016;154.847;1;30;1;0;27;1;1;24;1
2026-04-26 17:04:00;cocinando;7.445;7.644;0.221;0.232;0;0;0;0;46.6;44;48;1.652584;155.688;64.192;213.672;1;30;1;0;0;0;1;25;1
2026-04-26 17:04:30;cocinando;7.429;7.633;0.195;0.243;0;0;0;0;43.033333;41;44;1.159171;65.479;23.221;155.688;1;30;1;0;0;0;1;25;1
2026-04-26 17:05:00;cocinando;7.402;7.66;0.222;0.224;0.793103;0;1;0.412251;40.103448;39;41;0.557086;154.041;64.518;155.362;1;29;1;0;0;0;1;20;1
2026-04-26 17:05:30;cocinando;7.466;7.608;0.19;0.235;1;1;1;0;38.166667;37;39;0.530669;154.556;56.698;204.977;1;30;1;0;0;0;1;25;1
2026-04-26 17:06:00;sin_act_cocina_comedor;7.387;7.574;0.202;0.212;1;1;1;0;36.310345;36;37;0.470824;153.664;26.394;175.427;1;29;1;1;3;1;1;25;1
2026-04-26 17:06:30;cocinando;7.493;7.59;0.192;0.233;1.666667;1;2;0.479463;35;34;36;0.830455;155.293;22.998;155.791;1;30;1;0;3;1;1;20;1
2026-04-26 17:07:00;cocinando;7.356;7.561;0.214;0.232;2.266667;2;3;0.449776;33.733333;33;34;0.449776;154.401;65.033;157.951;1;30;1;0;0;0;1;30;1
2026-04-26 17:07:30;cocinando;7.425;7.538;0.204;0.24;3.233333;3;4;0.430183;33;33;33;0;154.95;65.427;184.431;0;20;1;0;0;0;1;30;1
2026-04-26 17:08:00;cocinando;7.572;7.62;0.232;0.24;4.5;4;5;0.508548;32.133333;32;33;0.345746;149.136;56.818;181.224;1;30;1;0;0;0;1;25;1
2026-04-26 17:08:30;cocinando;7.464;7.605;0.184;0.244;5.5;5;6;0.508548;32;32;32;0;126.979;44.796;155.225;1;30;1;0;0;0;1;25;1
2026-04-26 17:09:00;cocinando;7.481;7.604;0.216;0.216;6.533333;6;8;0.62881;32;32;32;0;154.333;63.626;154.779;1;30;1;0;0;0;1;19;1
2026-04-26 17:09:30;cocinando;7.507;7.58;0.175;0.227;8.066667;8;9;0.253708;31.266667;31;32;0.449776;154.367;36.872;154.865;1;30;1;0;0;0;1;24;1
2026-04-26 17:10:00;cocinando;7.427;7.572;0.194;0.216;9.4;9;10;0.498273;31;31;31;0;57.555;57.555;155.156;1;30;1;0;0;0;0;25;1
2026-04-26 17:10:30;cocinando;7.385;7.591;0;0.218;10.733333;10;12;0.52083;31;31;31;0;154.299;38.313;155.19;1;30;1;0;0;0;1;25;1
2026-04-26 17:11:00;cocinando;7.334;7.592;0;0.206;12.7;12;13;0.466092;31;31;31;0;154.762;153.647;170.471;1;30;1;0;0;0;1;25;1
2026-04-26 17:11:30;cocinando;7.39;7.538;0.182;0.205;14;13;15;0.830455;31;31;31;0;64.673;64.192;168.173;1;30;1;0;0;0;1;21;1
2026-04-26 17:12:00;cocinando;7.311;7.57;0;0.211;16.333333;16;17;0.479463;31;31;31;0;38.776;37.095;154.933;1;30;1;0;0;0;1;24;1
2026-04-26 17:12:30;cocinando;7.44;7.624;0.192;0.202;17.655172;17;18;0.483725;31;31;31;0;154.521;38.776;155.259;1;29;1;0;0;0;1;25;1
2026-04-26 17:13:00;cocinando;7.396;7.616;0.177;0.235;19.633333;18;20;0.556053;31;31;31;0;154.985;65.067;157.248;0;27;1;0;0;0;1;26;1
2026-04-26 17:13:30;cocinando;7.353;7.609;0.197;0.211;20.3;20;21;0.466092;31;31;31;0;154.813;64.278;155.379;1;23;1;0;0;0;1;27;1
2026-04-26 17:14:00;cocinando;7.489;7.649;0;0.195;21;21;21;0;30.7;30;31;0.466092;153.956;65.53;155.225;0;28;1;0;0;0;0;20;1
2026-04-26 17:14:30;cocinando;0.275;7.625;0.194;0.23;21.266667;21;22;0.449776;30;30;30;0;154.762;153.938;154.813;1;27;1;0;0;0;1;24;1
2026-04-26 17:15:00;cocinando;0.284;0.371;0.175;0.219;22;22;22;0;30;30;30;0;155.362;153.853;160.112;1;30;1;0;0;0;0;26;1
2026-04-26 17:15:30;sin_act_cocina_comedor;7.447;7.677;0.195;0.216;22.6;22;23;0.498273;30;30;30;0;155.722;89.66;155.722;1;30;1;1;6;1;1;25;1
2026-04-26 17:16:00;cocinando;7.46;7.629;0.186;0.224;23.533333;23;24;0.507416;30;30;30;0;154.659;64.69;160.164;1;30;1;0;12;1;0;30;1
2026-04-26 17:16:30;cocinando;7.453;7.611;0.184;0.216;24.533333;24;25;0.507416;30;30;30;0;154.401;65.067;154.882;1;30;1;0;0;0;0;22;1
2026-04-26 17:17:00;cocinando;7.55;7.605;0.209;0.245;25.5;25;26;0.508548;30;30;30;0;154.882;60.625;155.636;1;30;1;0;0;0;0;28;1
2026-04-26 17:17:30;cocinando;7.458;7.581;0.194;0.216;26.5;26;27;0.508548;30;30;30;0;240.34;20.014;240.34;1;30;1;0;0;0;0;25;1
2026-04-26 17:18:00;cocinando;7.574;7.641;0.176;0.217;27.433333;27;28;0.504007;30;30;30;0;153.99;16.43;155.671;1;30;1;0;0;0;0;25;1
2026-04-26 17:18:30;cocinando;7.473;7.58;0.184;0.22;28.433333;28;29;0.504007;30;30;30;0;155.328;65.101;192.56;1;30;1;0;0;0;0;25;1
2026-04-26 17:19:00;cocinando;7.504;7.609;0.182;0.217;29.733333;29;30;0.449776;30;30;30;0;154.796;64.638;167.058;1;30;1;0;3;1;0;22;1
2026-04-26 17:19:30;cocinando;7.403;7.574;0.196;0.24;30;30;30;0;30;30;30;0;154.419;52.033;209.847;1;30;1;0;0;0;1;28;1
2026-04-26 17:20:00;cocinando;7.427;7.593;0.173;0.219;30.066667;30;31;0.253708;30;30;30;0;64.707;64.707;155.31;1;30;1;0;0;0;0;21;1
2026-04-26 17:20:30;cocinando;7.347;7.628;0;0.197;31;31;31;0;30;30;30;0;153.698;65.101;154.899;1;30;1;0;0;0;1;25;1
2026-04-26 17:21:00;cocinando;7.477;7.587;0;0.192;31;31;31;0;29.266667;29;30;0.449776;154.453;64.21;177.623;1;30;1;0;0;0;1;25;1
2026-04-26 17:21:30;cocinando;7.397;7.504;0;0.197;31;31;31;0;29;29;29;0;154.299;64.673;182.442;1;30;1;0;0;0;1;23;1
2026-04-26 17:22:00;cocinando;7.434;7.589;0.176;0.207;31;31;31;0;29;29;29;0;180.555;66.01;180.555;1;30;1;0;0;0;1;28;1
2026-04-26 17:22:30;cocinando;7.297;7.588;0.176;0.198;31;31;31;0;29;29;29;0;154.985;50.541;161.021;1;30;1;0;0;0;1;25;1
2026-04-26 17:23:00;sin_act_cocina_comedor;7.427;7.604;0.221;0.221;31;31;31;0;29;29;29;0;154.11;50.541;164.897;1;30;1;1;3;1;1;25;1
2026-04-26 17:23:30;cocinando;7.432;7.601;0.193;0.221;31.933333;31;32;0.253708;29;29;29;0;154.83;64.621;155.739;1;30;1;0;19;1;1;25;1
2026-04-26 17:24:00;cocinando;7.374;7.679;0.201;0.224;32;32;32;0;29;29;29;0;154.196;139.807;155.842;1;30;1;0;0;0;1;23;1
2026-04-26 17:24:30;sin_act_cocina_comedor;0;7.506;0;0.209;32;32;32;0;29;29;29;0;30.338;14.389;156.151;1;30;1;0;10;1;1;27;1
2026-04-26 17:25:00;sin_act_cocina_comedor;0.269;0.296;0.185;0.219;32;32;32;0;29;29;29;0;62.34;14.166;179.406;1;30;1;0;8;1;1;20;1
2026-04-26 17:25:30;sin_act_cocina_comedor;0.285;0.311;0;0.218;32;32;32;0;29;29;29;0;54.88;33.631;62.34;1;30;1;0;0;0;1;25;1
2026-04-26 17:26:00;sin_act_cocina_comedor;0;0.291;0;0.214;32;32;32;0;29;29;29;0;155.739;54.88;155.739;1;29;1;0;0;0;0;25;1
2026-04-26 17:26:30;sin_act_cocina_comedor;0.307;0.307;0;0.199;32;32;32;0;29;29;29;0;81.445;23.856;176.319;1;30;1;0;3;1;1;23;1
2026-04-26 17:27:00;sin_act_cocina_comedor;0.275;0.317;0;0.201;33.366667;32;34;0.718395;30.366667;29;31;0.718395;69.783;21.3;154.521;1;30;1;0;0;0;1;27;1
2026-04-26 17:27:30;cocinando;0.269;0.306;0.178;0.219;34.333333;34;35;0.479463;34.833333;31;38;2.229633;49.701;11.679;80.862;1;30;1;0;0;0;1;20;1
2026-04-26 17:28:00;cocinando;0.279;0.319;0.174;0.223;31.866667;28;34;1.756433;40.1;38;43;1.626293;3.207;3.207;154.401;1;30;1;0;0;0;0;25;1
2026-04-26 17:28:30;cocinando;0.288;0.323;0.187;0.217;21.5;13;28;4.462487;44.3;43;46;0.952311;105.198;37.627;155.259;1;30;1;0;0;0;1;20;1
2026-04-26 17:29:00;cocinando;0.269;0.335;0.178;0.227;9.666667;3;13;3.968265;46.966667;46;49;1.159171;65.05;43.955;155.773;1;30;1;0;0;0;1;29;1
2026-04-26 17:29:30;cocinando;0.301;0.306;0.186;0.214;2.2;1;3;0.996546;48.5;47;49;0.629724;54.04;8.386;180.984;1;30;1;0;0;0;0;21;1
2026-04-26 17:30:00;cocinando;0.304;0.307;0.185;0.218;1;1;1;0;45.866667;45;47;0.819307;61.809;53.714;154.47;1;30;1;0;0;0;1;25;1
2026-04-26 17:30:30;cocinando;0.269;0.329;0.202;0.212;1.066667;1;2;0.253708;43.4;41;45;1.101723;52.033;5.762;80.931;1;30;1;0;0;0;0;25;1
2026-04-26 17:31:00;cocinando;0;0.32;0.18;0.22;2.066667;2;4;0.365148;40.933333;40;41;0.253708;57.024;53.714;64.004;1;30;1;0;0;0;1;20;1
2026-04-26 17:31:30;cocinando;0;0.319;0;0.218;4.4;4;6;0.563242;40.733333;40;42;0.52083;56.303;53.079;57.024;1;30;1;0;0;0;1;29;1
2026-04-26 17:32:00;cocinando;0;0.296;0;0.197;5.3;5;6;0.466092;42.7;42;43;0.466092;58.91;49.495;65.376;1;30;1;0;0;0;1;22;1
2026-04-26 17:32:30;cocinando;0.28;0.281;0.184;0.204;5.333333;5;6;0.479463;43.333333;43;44;0.479463;56.389;55;58.91;1;30;1;0;0;0;1;30;1
2026-04-26 17:33:00;cocinando;0.287;0.311;0.193;0.238;4.666667;4;5;0.479463;45;45;45;0;59.871;54.64;65.204;1;30;1;0;0;0;0;26;1
2026-04-26 17:33:30;cocinando;0.299;0.31;0.195;0.219;4;4;4;0;45.666667;45;46;0.479463;56.166;10.41;61.551;1;30;1;0;0;0;1;26;1
2026-04-26 17:34:00;cocinando;0.267;0.316;0.178;0.228;3.033333;3;4;0.182574;47.633333;47;48;0.490133;37.353;37.353;56.166;1;30;1;0;0;0;1;25;1
2026-04-26 17:34:30;cocinando;0;0.299;0;0.207;0.433333;0;3;0.678911;48.966667;48;49;0.182574;59.116;36.392;61.071;1;30;1;0;0;0;1;25;1
2026-04-26 17:35:00;cocinando;0.266;0.302;0.185;0.209;0;0;0;0;48.733333;48;49;0.449776;154.779;36.392;155.293;1;30;1;0;0;0;1;25;1
2026-04-26 17:35:30;cocinando;0.267;0.297;0.204;0.227;0.6;0;1;0.498273;48;48;48;0;155.053;47.677;155.722;1;30;1;0;0;0;1;25;1
2026-04-26 17:36:00;cocinando;0.304;0.304;0.189;0.217;0.733333;0;1;0.449776;48.266667;48;49;0.449776;155.139;28.949;158.98;1;30;1;0;0;0;1;20;1
2026-04-26 17:36:30;cocinando;0.273;0.316;0.201;0.231;0.566667;0;1;0.504007;49.6;49;50;0.498273;29.155;29.155;172.1;1;30;1;0;0;0;1;25;1
2026-04-26 17:37:00;cocinando;0.262;0.291;0.195;0.244;0.133333;0;1;0.345746;51.733333;50;52;0.691492;170.728;30.321;171.569;1;30;1;0;0;0;1;25;1
2026-04-26 17:37:30;sin_act_cocina_comedor;0.269;0.302;0.186;0.241;0;0;0;0;52.566667;52;53;0.504007;155.053;32.568;173.232;1;30;1;1;11;1;1;25;1
2026-04-26 17:38:00;cocinando;0;0.329;0.198;0.238;0;0;0;0;53;53;53;0;62.203;33.837;157.849;1;30;1;0;9;1;1;25;1
2026-04-26 17:38:30;cocinando;0.278;0.325;0.228;0.248;0;0;0;0;53.9;53;54;0.305129;154.23;20.974;158.037;1;30;1;0;14;1;1;5;1
2026-04-26 17:39:00;sin_act_cocina_comedor;0.294;0.349;0.206;0.243;0;0;0;0;53.827586;53;54;0.384426;155.053;64.107;156.048;1;29;1;1;15;1;1;0;0
2026-04-26 17:39:30;sin_act_cocina_comedor;0.271;0.33;0.212;0.239;0;0;0;0;51.033333;49;53;1.401559;154.727;64.055;155.928;1;30;1;1;30;1;1;0;0
2026-04-26 17:40:00;cocinando;0.263;0.363;0.213;0.247;0;0;0;0;47.466667;45;49;1.224276;153.578;16.979;155.773;1;30;1;0;8;1;1;0;0
2026-04-26 17:40:30;cocinando;0.275;0.296;0.185;0.225;0;0;0;0;44.4;43;45;0.723974;153.561;28.092;175.445;1;30;1;0;9;1;1;0;0
2026-04-26 17:41:00;cocinando;0.266;0.281;0.222;0.222;0;0;0;0;42.133333;41;43;0.571346;155.293;49.049;171.088;1;30;1;0;2;1;1;0;0
2026-04-26 17:41:30;cocinando;0;0.302;0;0.233;0.766667;0;1;0.430183;40.233333;40;41;0.430183;63.575;3.962;172.821;1;30;1;0;10;1;1;0;0
2026-04-26 17:42:00;sin_act_cocina_comedor;0.268;0.313;0.188;0.221;1;1;1;0;38.866667;38;40;0.819307;154.556;64.947;155.722;1;30;1;1;5;1;0;0;0
2026-04-26 17:42:30;cocinando;0;0.302;0.189;0.243;1.4;1;2;0.498273;37.6;37;38;0.498273;64.57;64.57;155.482;1;30;1;0;1;1;1;0;0
2026-04-26 17:43:00;cocinando;0.279;0.317;0.184;0.245;2;2;2;0;36.275862;36;37;0.454859;154.83;90.381;156.305;1;29;1;0;0;0;1;0;0
2026-04-26 17:43:30;sin_act_cocina_comedor;0.278;0.316;0.196;0.255;2.366667;2;3;0.490133;35.633333;35;36;0.490133;155.568;89.523;155.996;1;30;1;1;15;1;1;0;0
2026-04-26 17:44:00;cocinando;0.263;0.311;0.2;0.247;3.366667;3;4;0.490133;34.633333;34;35;0.490133;155.293;15.349;155.55;1;30;1;0;2;1;1;0;0
2026-04-26 17:44:30;sin_act_cocina_comedor;0.273;0.299;0.194;0.236;4.333333;4;5;0.479463;34;34;34;0;154.847;27.577;155.293;1;30;1;1;18;1;1;0;0
2026-04-26 17:45:00;cocinando;0.276;0.331;0.194;0.222;5;5;5;0;33.666667;33;34;0.479463;153.973;63.935;155.259;1;30;1;0;6;1;1;0;0
2026-04-26 17:45:30;cocinando;0.268;0.347;0.199;0.218;5.666667;5;6;0.479463;33;33;33;0;155.156;64.467;155.208;1;30;1;0;0;0;0;0;0
2026-04-26 17:46:00;cocinando;0.288;0.316;0.207;0.223;7;7;7;0;33;33;33;0;155.979;64.896;175.959;0;0;0;0;0;0;1;0;0
2026-04-26 17:46:30;cocinando;0.275;0.306;0.201;0.242;8.266667;7;9;0.52083;32.366667;32;33;0.490133;154.196;64.896;181.344;1;30;1;0;0;0;1;0;0
2026-04-26 17:47:00;sin_act_cocina_comedor;0.28;0.313;0.199;0.223;9.266667;9;10;0.449776;32;32;32;0;154.024;63.575;178.103;1;30;1;0;0;0;1;0;0
2026-04-26 17:47:30;sin_act_cocina_comedor;0.272;0.318;0.194;0.259;10.266667;10;11;0.449776;32;32;32;0;154.453;64.09;154.83;0;16;1;0;0;0;1;0;0
2026-04-26 17:48:00;sin_act_cocina_comedor;0.263;0.299;0.207;0.318;11.5;11;12;0.508548;32;32;32;0;153.647;64.141;155.413;0;0;0;0;0;0;1;0;0
2026-04-26 17:48:30;sin_act_cocina_comedor;0.274;0.321;0.192;0.233;12.2;12;14;0.610257;31.9;31;32;0.305129;153.99;65.324;154.504;0;0;0;0;0;0;1;0;0
2026-04-26 17:49:00;sin_act_cocina_comedor;0;0.305;0;0.22;14;14;14;0;31;31;31;0;153.167;64.947;154.539;0;0;0;0;0;0;1;0;0
2026-04-26 17:49:30;sin_act_cocina_comedor;0.27;0.298;0.175;0.225;14.8;14;16;0.996546;31;31;31;0;154.985;59.013;154.985;0;0;0;0;0;0;1;0;0
2026-04-26 17:50:00;sin_act_cocina_comedor;0;0.291;0;0.216;16.033333;16;17;0.182574;31;31;31;0;155.105;63.678;155.516;0;0;0;0;0;0;1;0;0
2026-04-26 17:50:30;sin_act_cocina_comedor;0;0.315;0;0.228;17.366667;17;18;0.490133;31;31;31;0;154.144;63.609;155.996;0;0;0;0;0;0;0;0;0
2026-04-26 17:51:00;sin_act_cocina_comedor;0.279;0.312;0.198;0.23;18.366667;18;19;0.490133;31;31;31;0;155.996;64.038;156.116;0;0;0;0;0;0;1;0;0
2026-04-26 17:51:30;sin_act_cocina_comedor;0.326;0.326;0.202;0.219;19.7;19;20;0.466092;31;31;31;0;155.19;154.779;155.996;0;0;0;0;0;0;1;0;0
2026-04-26 17:52:00;sin_act_cocina_comedor;0.283;0.338;0.191;0.242;20;20;20;0;31;31;31;0;154.556;64.038;173.661;0;0;0;0;0;0;1;0;0
2026-04-26 17:52:30;sin_act_cocina_comedor;0.281;0.295;0.185;0.214;20.6;20;21;0.498273;31;31;31;0;154.041;63.215;154.676;0;0;0;0;0;0;1;0;0
2026-04-26 17:53:00;sin_act_cocina_comedor;0.282;0.328;0.189;0.213;21;21;21;0;31;31;31;0;153.938;64.107;190.914;0;0;0;0;0;0;1;0;0
2026-04-26 17:53:30;sin_act_cocina_comedor;0.268;0.31;0.195;0.239;21;21;21;0;31;31;31;0;153.458;63.506;188.033;0;0;0;0;0;0;1;0;0
2026-04-26 17:54:00;sin_act_cocina_comedor;0.273;0.311;0;0.24;21.233333;21;22;0.430183;31;31;31;0;155.568;18.882;177.022;0;0;0;0;0;0;1;0;0
2026-04-26 17:54:30;sin_act_cocina_comedor;0.264;0.295;0.176;0.205;22;22;22;0;30.766667;30;31;0.430183;90.466;31.985;172.323;0;0;0;0;0;0;1;0;0
2026-04-26 17:55:00;sin_act_cocina_comedor;0.263;0.298;0.181;0.219;22.866667;22;23;0.345746;30;30;30;0;155.156;64.878;172.478;0;0;0;0;0;0;0;0;0
2026-04-26 17:55:30;sin_act_cocina_comedor;0;0.295;0.176;0.181;23;23;23;0;30;30;30;0;155.19;154.882;155.19;0;0;0;0;0;0;1;0;0
;;;;;;;;;;;;;;;;;;;;;;;;0;0
;;;;;;;;;;;;;;;;;;;;;;;;0;0
;;;;;;;;;;;;;;;;;;;;;;;;0;0
;;;;;;;;;;;;;;;;;;;;;;;;0;0
;;;;;;;;;;;;;;;;;;;;;;;;0;0
;;;;;;;;;;;;;;;;;;;;;;;;0;0
;;;;;;;;;;;;;;;;;;;;;;;;0;0
;;;;;;;;;;;;;;;;;;;;;;;;0;0
;;;;;;;;;;;;;;;;;;;;;;;;0;0
;;;;;;;;;;;;;;;;;;;;;;;;2;1
;;;;;;;;;;;;;;;;;;;;;;;;25;1
;;;;;;;;;;;;;;;;;;;;;;;;28;1
;;;;;;;;;;;;;;;;;;;;;;;;23;1
;;;;;;;;;;;;;;;;;;;;;;;;24;1
;;;;;;;;;;;;;;;;;;;;;;;;25;1
;;;;;;;;;;;;;;;;;;;;;;;;20;1
;;;;;;;;;;;;;;;;;;;;;;;;28;1
;;;;;;;;;;;;;;;;;;;;;;;;22;1
;;;;;;;;;;;;;;;;;;;;;;;;25;1
;;;;;;;;;;;;;;;;;;;;;;;;25;1
;;;;;;;;;;;;;;;;;;;;;;;;20;1
;;;;;;;;;;;;;;;;;;;;;;;;25;1
;;;;;;;;;;;;;;;;;;;;;;;;25;1
;;;;;;;;;;;;;;;;;;;;;;;;24;1
;;;;;;;;;;;;;;;;;;;;;;;;27;1
;;;;;;;;;;;;;;;;;;;;;;;;21;1
;;;;;;;;;;;;;;;;;;;;;;;;25;1
;;;;;;;;;;;;;;;;;;;;;;;;25;1
;;;;;;;;;;;;;;;;;;;;;;;;24;1
;;;;;;;;;;;;;;;;;;;;;;;;26;1
;;;;;;;;;;;;;;;;;;;;;;;;20;1
;;;;;;;;;;;;;;;;;;;;;;;;30;1
;;;;;;;;;;;;;;;;;;;;;;;;25;1
;;;;;;;;;;;;;;;;;;;;;;;;25;1
;;;;;;;;;;;;;;;;;;;;;;;;30;1
;;;;;;;;;;;;;;;;;;;;;;;;21;1
;;;;;;;;;;;;;;;;;;;;;;;;29;1
;;;;;;;;;;;;;;;;;;;;;;;;26;1
;;;;;;;;;;;;;;;;;;;;;;;;25;1
;;;;;;;;;;;;;;;;;;;;;;;;25;1
;;;;;;;;;;;;;;;;;;;;;;;;25;1
;;;;;;;;;;;;;;;;;;;;;;;;25;1
;;;;;;;;;;;;;;;;;;;;;;;;20;1
;;;;;;;;;;;;;;;;;;;;;;;;24;1
;;;;;;;;;;;;;;;;;;;;;;;;21;1
;;;;;;;;;;;;;;;;;;;;;;;;24;1
;;;;;;;;;;;;;;;;;;;;;;;;25;1
;;;;;;;;;;;;;;;;;;;;;;;;25;1
;;;;;;;;;;;;;;;;;;;;;;;;24;1
;;;;;;;;;;;;;;;;;;;;;;;;22;1
;;;;;;;;;;;;;;;;;;;;;;;;23;1
;;;;;;;;;;;;;;;;;;;;;;;;25;1
;;;;;;;;;;;;;;;;;;;;;;;;25;1
;;;;;;;;;;;;;;;;;;;;;;;;19;1
;;;;;;;;;;;;;;;;;;;;;;;;30;1
;;;;;;;;;;;;;;;;;;;;;;;;25;1
;;;;;;;;;;;;;;;;;;;;;;;;24;1
;;;;;;;;;;;;;;;;;;;;;;;;24;1
;;;;;;;;;;;;;;;;;;;;;;;;20;1
;;;;;;;;;;;;;;;;;;;;;;;;28;1
;;;;;;;;;;;;;;;;;;;;;;;;22;1
;;;;;;;;;;;;;;;;;;;;;;;;25;1
;;;;;;;;;;;;;;;;;;;;;;;;25;1
;;;;;;;;;;;;;;;;;;;;;;;;25;1
;;;;;;;;;;;;;;;;;;;;;;;;25;1
;;;;;;;;;;;;;;;;;;;;;;;;25;1
;;;;;;;;;;;;;;;;;;;;;;;;24;1
;;;;;;;;;;;;;;;;;;;;;;;;26;1
;;;;;;;;;;;;;;;;;;;;;;;;25;1
;;;;;;;;;;;;;;;;;;;;;;;;25;1
;;;;;;;;;;;;;;;;;;;;;;;;25;1
;;;;;;;;;;;;;;;;;;;;;;;;24;1
;;;;;;;;;;;;;;;;;;;;;;;;26;1
;;;;;;;;;;;;;;;;;;;;;;;;20;1
;;;;;;;;;;;;;;;;;;;;;;;;25;1
;;;;;;;;;;;;;;;;;;;;;;;;25;1
;;;;;;;;;;;;;;;;;;;;;;;;24;1
;;;;;;;;;;;;;;;;;;;;;;;;30;1
;;;;;;;;;;;;;;;;;;;;;;;;20;1
;;;;;;;;;;;;;;;;;;;;;;;;30;1
;;;;;;;;;;;;;;;;;;;;;;;;20;1
;;;;;;;;;;;;;;;;;;;;;;;;25;1
;;;;;;;;;;;;;;;;;;;;;;;;25;1
;;;;;;;;;;;;;;;;;;;;;;;;20;1
;;;;;;;;;;;;;;;;;;;;;;;;29;1
;;;;;;;;;;;;;;;;;;;;;;;;21;1
;;;;;;;;;;;;;;;;;;;;;;;;25;1
;;;;;;;;;;;;;;;;;;;;;;;;24;1
;;;;;;;;;;;;;;;;;;;;;;;;25;1
;;;;;;;;;;;;;;;;;;;;;;;;30;1
;;;;;;;;;;;;;;;;;;;;;;;;20;1
;;;;;;;;;;;;;;;;;;;;;;;;30;1
;;;;;;;;;;;;;;;;;;;;;;;;25;1
;;;;;;;;;;;;;;;;;;;;;;;;21;1
;;;;;;;;;;;;;;;;;;;;;;;;24;1
;;;;;;;;;;;;;;;;;;;;;;;;30;1
;;;;;;;;;;;;;;;;;;;;;;;;25;1
;;;;;;;;;;;;;;;;;;;;;;;;19;1
;;;;;;;;;;;;;;;;;;;;;;;;26;1
;;;;;;;;;;;;;;;;;;;;;;;;23;1
;;;;;;;;;;;;;;;;;;;;;;;;25;1
;;;;;;;;;;;;;;;;;;;;;;;;25;1
;;;;;;;;;;;;;;;;;;;;;;;;25;1
;;;;;;;;;;;;;;;;;;;;;;;;27;1
;;;;;;;;;;;;;;;;;;;;;;;;23;1
;;;;;;;;;;;;;;;;;;;;;;;;25;1
;;;;;;;;;;;;;;;;;;;;;;;;25;1
;;;;;;;;;;;;;;;;;;;;;;;;21;1
;;;;;;;;;;;;;;;;;;;;;;;;27;1
;;;;;;;;;;;;;;;;;;;;;;;;21;1
;;;;;;;;;;;;;;;;;;;;;;;;25;1
;;;;;;;;;;;;;;;;;;;;;;;;25;1
;;;;;;;;;;;;;;;;;;;;;;;;25;1
;;;;;;;;;;;;;;;;;;;;;;;;28;1
;;;;;;;;;;;;;;;;;;;;;;;;22;1
;;;;;;;;;;;;;;;;;;;;;;;;25;1
;;;;;;;;;;;;;;;;;;;;;;;;25;1
;;;;;;;;;;;;;;;;;;;;;;;;25;1
;;;;;;;;;;;;;;;;;;;;;;;;23;1
;;;;;;;;;;;;;;;;;;;;;;;;22;1
;;;;;;;;;;;;;;;;;;;;;;;;25;1
;;;;;;;;;;;;;;;;;;;;;;;;25;1
;;;;;;;;;;;;;;;;;;;;;;;;25;1
;;;;;;;;;;;;;;;;;;;;;;;;24;1
;;;;;;;;;;;;;;;;;;;;;;;;26;1
;;;;;;;;;;;;;;;;;;;;;;;;25;1
;;;;;;;;;;;;;;;;;;;;;;;;25;1
;;;;;;;;;;;;;;;;;;;;;;;;26;1
;;;;;;;;;;;;;;;;;;;;;;;;29;1
;;;;;;;;;;;;;;;;;;;;;;;;20;1
;;;;;;;;;;;;;;;;;;;;;;;;25;1
;;;;;;;;;;;;;;;;;;;;;;;;25;1
;;;;;;;;;;;;;;;;;;;;;;;;25;1
;;;;;;;;;;;;;;;;;;;;;;;;24;1
;;;;;;;;;;;;;;;;;;;;;;;;22;1
;;;;;;;;;;;;;;;;;;;;;;;;25;1
;;;;;;;;;;;;;;;;;;;;;;;;24;1
;;;;;;;;;;;;;;;;;;;;;;;;25;1
;;;;;;;;;;;;;;;;;;;;;;;;25;1
;;;;;;;;;;;;;;;;;;;;;;;;25;1
;;;;;;;;;;;;;;;;;;;;;;;;25;1
;;;;;;;;;;;;;;;;;;;;;;;;25;1
;;;;;;;;;;;;;;;;;;;;;;;;25;1
;;;;;;;;;;;;;;;;;;;;;;;;25;1
;;;;;;;;;;;;;;;;;;;;;;;;24;1
;;;;;;;;;;;;;;;;;;;;;;;;20;1
;;;;;;;;;;;;;;;;;;;;;;;;25;1
;;;;;;;;;;;;;;;;;;;;;;;;25;1
;;;;;;;;;;;;;;;;;;;;;;;;24;1
;;;;;;;;;;;;;;;;;;;;;;;;25;1
;;;;;;;;;;;;;;;;;;;;;;;;21;1
;;;;;;;;;;;;;;;;;;;;;;;;29;1
;;;;;;;;;;;;;;;;;;;;;;;;25;1
;;;;;;;;;;;;;;;;;;;;;;;;25;1
;;;;;;;;;;;;;;;;;;;;;;;;25;1
;;;;;;;;;;;;;;;;;;;;;;;;21;1
;;;;;;;;;;;;;;;;;;;;;;;;24;1
;;;;;;;;;;;;;;;;;;;;;;;;25;1
;;;;;;;;;;;;;;;;;;;;;;;;25;1
;;;;;;;;;;;;;;;;;;;;;;;;25;1
;;;;;;;;;;;;;;;;;;;;;;;;21;1
;;;;;;;;;;;;;;;;;;;;;;;;24;1
;;;;;;;;;;;;;;;;;;;;;;;;25;1
;;;;;;;;;;;;;;;;;;;;;;;;26;1
;;;;;;;;;;;;;;;;;;;;;;;;30;1
;;;;;;;;;;;;;;;;;;;;;;;;22;1
;;;;;;;;;;;;;;;;;;;;;;;;28;1
;;;;;;;;;;;;;;;;;;;;;;;;20;1
;;;;;;;;;;;;;;;;;;;;;;;;25;1
;;;;;;;;;;;;;;;;;;;;;;;;25;1
;;;;;;;;;;;;;;;;;;;;;;;;22;1
;;;;;;;;;;;;;;;;;;;;;;;;28;1
;;;;;;;;;;;;;;;;;;;;;;;;20;1
;;;;;;;;;;;;;;;;;;;;;;;;30;1
;;;;;;;;;;;;;;;;;;;;;;;;26;1
;;;;;;;;;;;;;;;;;;;;;;;;25;1
;;;;;;;;;;;;;;;;;;;;;;;;25;1
;;;;;;;;;;;;;;;;;;;;;;;;20;1
;;;;;;;;;;;;;;;;;;;;;;;;28;1
;;;;;;;;;;;;;;;;;;;;;;;;22;1
;;;;;;;;;;;;;;;;;;;;;;;;25;1
;;;;;;;;;;;;;;;;;;;;;;;;25;1
;;;;;;;;;;;;;;;;;;;;;;;;23;1
;;;;;;;;;;;;;;;;;;;;;;;;27;1
;;;;;;;;;;;;;;;;;;;;;;;;20;1
;;;;;;;;;;;;;;;;;;;;;;;;26;1
;;;;;;;;;;;;;;;;;;;;;;;;26;1
;;;;;;;;;;;;;;;;;;;;;;;;23;1
;;;;;;;;;;;;;;;;;;;;;;;;26;1
;;;;;;;;;;;;;;;;;;;;;;;;20;1
;;;;;;;;;;;;;;;;;;;;;;;;25;1
;;;;;;;;;;;;;;;;;;;;;;;;25;1
;;;;;;;;;;;;;;;;;;;;;;;;25;1
;;;;;;;;;;;;;;;;;;;;;;;;30;1
;;;;;;;;;;;;;;;;;;;;;;;;19;1
;;;;;;;;;;;;;;;;;;;;;;;;30;1
;;;;;;;;;;;;;;;;;;;;;;;;25;1
;;;;;;;;;;;;;;;;;;;;;;;;25;1
;;;;;;;;;;;;;;;;;;;;;;;;24;1
;;;;;;;;;;;;;;;;;;;;;;;;25;1
;;;;;;;;;;;;;;;;;;;;;;;;20;1
;;;;;;;;;;;;;;;;;;;;;;;;25;1
;;;;;;;;;;;;;;;;;;;;;;;;25;1
;;;;;;;;;;;;;;;;;;;;;;;;25;1
;;;;;;;;;;;;;;;;;;;;;;;;30;1
;;;;;;;;;;;;;;;;;;;;;;;;20;1
;;;;;;;;;;;;;;;;;;;;;;;;25;1
;;;;;;;;;;;;;;;;;;;;;;;;25;1
;;;;;;;;;;;;;;;;;;;;;;;;25;1
;;;;;;;;;;;;;;;;;;;;;;;;25;1
;;;;;;;;;;;;;;;;;;;;;;;;20;1
;;;;;;;;;;;;;;;;;;;;;;;;25;1
;;;;;;;;;;;;;;;;;;;;;;;;24;1
;;;;;;;;;;;;;;;;;;;;;;;;21;1
;;;;;;;;;;;;;;;;;;;;;;;;24;1
;;;;;;;;;;;;;;;;;;;;;;;;25;1
;;;;;;;;;;;;;;;;;;;;;;;;25;1
;;;;;;;;;;;;;;;;;;;;;;;;25;1
;;;;;;;;;;;;;;;;;;;;;;;;23;1
;;;;;;;;;;;;;;;;;;;;;;;;24;1
;;;;;;;;;;;;;;;;;;;;;;;;25;1
;;;;;;;;;;;;;;;;;;;;;;;;30;1
;;;;;;;;;;;;;;;;;;;;;;;;25;1
;;;;;;;;;;;;;;;;;;;;;;;;30;1
;;;;;;;;;;;;;;;;;;;;;;;;25;1
;;;;;;;;;;;;;;;;;;;;;;;;30;1
;;;;;;;;;;;;;;;;;;;;;;;;25;1
;;;;;;;;;;;;;;;;;;;;;;;;20;1
;;;;;;;;;;;;;;;;;;;;;;;;27;1
;;;;;;;;;;;;;;;;;;;;;;;;23;1
;;;;;;;;;;;;;;;;;;;;;;;;25;1
;;;;;;;;;;;;;;;;;;;;;;;;26;1
;;;;;;;;;;;;;;;;;;;;;;;;25;1
;;;;;;;;;;;;;;;;;;;;;;;;27;1
;;;;;;;;;;;;;;;;;;;;;;;;23;1
;;;;;;;;;;;;;;;;;;;;;;;;25;1
;;;;;;;;;;;;;;;;;;;;;;;;24;1
;;;;;;;;;;;;;;;;;;;;;;;;25;1
;;;;;;;;;;;;;;;;;;;;;;;;23;1
;;;;;;;;;;;;;;;;;;;;;;;;22;1
;;;;;;;;;;;;;;;;;;;;;;;;28;1
;;;;;;;;;;;;;;;;;;;;;;;;21;1
;;;;;;;;;;;;;;;;;;;;;;;;30;1
;;;;;;;;;;;;;;;;;;;;;;;;25;1
;;;;;;;;;;;;;;;;;;;;;;;;30;1
;;;;;;;;;;;;;;;;;;;;;;;;25;1
;;;;;;;;;;;;;;;;;;;;;;;;25;1
;;;;;;;;;;;;;;;;;;;;;;;;20;1
;;;;;;;;;;;;;;;;;;;;;;;;24;1
;;;;;;;;;;;;;;;;;;;;;;;;26;1
;;;;;;;;;;;;;;;;;;;;;;;;25;1
;;;;;;;;;;;;;;;;;;;;;;;;24;1
;;;;;;;;;;;;;;;;;;;;;;;;20;1
;;;;;;;;;;;;;;;;;;;;;;;;24;1
;;;;;;;;;;;;;;;;;;;;;;;;23;1
;;;;;;;;;;;;;;;;;;;;;;;;25;1
;;;;;;;;;;;;;;;;;;;;;;;;30;1
;;;;;;;;;;;;;;;;;;;;;;;;22;1
;;;;;;;;;;;;;;;;;;;;;;;;29;1
;;;;;;;;;;;;;;;;;;;;;;;;30;1
;;;;;;;;;;;;;;;;;;;;;;;;30;1
;;;;;;;;;;;;;;;;;;;;;;;;25;1
;;;;;;;;;;;;;;;;;;;;;;;;25;1
;;;;;;;;;;;;;;;;;;;;;;;;27;1
;;;;;;;;;;;;;;;;;;;;;;;;28;1
;;;;;;;;;;;;;;;;;;;;;;;;30;1
;;;;;;;;;;;;;;;;;;;;;;;;30;1
;;;;;;;;;;;;;;;;;;;;;;;;30;1
;;;;;;;;;;;;;;;;;;;;;;;;30;1
;;;;;;;;;;;;;;;;;;;;;;;;30;1
;;;;;;;;;;;;;;;;;;;;;;;;30;1
;;;;;;;;;;;;;;;;;;;;;;;;30;1
;;;;;;;;;;;;;;;;;;;;;;;;30;1
;;;;;;;;;;;;;;;;;;;;;;;;30;1
;;;;;;;;;;;;;;;;;;;;;;;;30;1
;;;;;;;;;;;;;;;;;;;;;;;;30;1
;;;;;;;;;;;;;;;;;;;;;;;;30;1
;;;;;;;;;;;;;;;;;;;;;;;;30;1
;;;;;;;;;;;;;;;;;;;;;;;;30;1
;;;;;;;;;;;;;;;;;;;;;;;;30;1
;;;;;;;;;;;;;;;;;;;;;;;;30;1
;;;;;;;;;;;;;;;;;;;;;;;;30;1
;;;;;;;;;;;;;;;;;;;;;;;;30;1
;;;;;;;;;;;;;;;;;;;;;;;;30;1
;;;;;;;;;;;;;;;;;;;;;;;;23;1
;;;;;;;;;;;;;;;;;;;;;;;;30;1
;;;;;;;;;;;;;;;;;;;;;;;;29;1
;;;;;;;;;;;;;;;;;;;;;;;;30;1
;;;;;;;;;;;;;;;;;;;;;;;;30;1
;;;;;;;;;;;;;;;;;;;;;;;;30;1
;;;;;;;;;;;;;;;;;;;;;;;;30;1
;;;;;;;;;;;;;;;;;;;;;;;;25;1
;;;;;;;;;;;;;;;;;;;;;;;;25;1
;;;;;;;;;;;;;;;;;;;;;;;;25;1
;;;;;;;;;;;;;;;;;;;;;;;;30;1
;;;;;;;;;;;;;;;;;;;;;;;;25;1
;;;;;;;;;;;;;;;;;;;;;;;;26;1
;;;;;;;;;;;;;;;;;;;;;;;;27;1
;;;;;;;;;;;;;;;;;;;;;;;;25;1
;;;;;;;;;;;;;;;;;;;;;;;;25;1
;;;;;;;;;;;;;;;;;;;;;;;;30;1
;;;;;;;;;;;;;;;;;;;;;;;;21;1
;;;;;;;;;;;;;;;;;;;;;;;;29;1
;;;;;;;;;;;;;;;;;;;;;;;;25;1
;;;;;;;;;;;;;;;;;;;;;;;;24;1
;;;;;;;;;;;;;;;;;;;;;;;;25;1
;;;;;;;;;;;;;;;;;;;;;;;;24;1
;;;;;;;;;;;;;;;;;;;;;;;;24;1
;;;;;;;;;;;;;;;;;;;;;;;;25;1
;;;;;;;;;;;;;;;;;;;;;;;;25;1
;;;;;;;;;;;;;;;;;;;;;;;;25;1
;;;;;;;;;;;;;;;;;;;;;;;;25;1
;;;;;;;;;;;;;;;;;;;;;;;;30;1
;;;;;;;;;;;;;;;;;;;;;;;;22;1
;;;;;;;;;;;;;;;;;;;;;;;;23;1
;;;;;;;;;;;;;;;;;;;;;;;;29;1
;;;;;;;;;;;;;;;;;;;;;;;;23;1
;;;;;;;;;;;;;;;;;;;;;;;;22;1
;;;;;;;;;;;;;;;;;;;;;;;;25;1
;;;;;;;;;;;;;;;;;;;;;;;;25;1
;;;;;;;;;;;;;;;;;;;;;;;;25;1
;;;;;;;;;;;;;;;;;;;;;;;;25;1
;;;;;;;;;;;;;;;;;;;;;;;;25;1
;;;;;;;;;;;;;;;;;;;;;;;;30;1
;;;;;;;;;;;;;;;;;;;;;;;;25;1
;;;;;;;;;;;;;;;;;;;;;;;;25;1
;;;;;;;;;;;;;;;;;;;;;;;;25;1
;;;;;;;;;;;;;;;;;;;;;;;;30;1
;;;;;;;;;;;;;;;;;;;;;;;;30;1
;;;;;;;;;;;;;;;;;;;;;;;;30;1
;;;;;;;;;;;;;;;;;;;;;;;;30;1
;;;;;;;;;;;;;;;;;;;;;;;;30;1
;;;;;;;;;;;;;;;;;;;;;;;;30;1
;;;;;;;;;;;;;;;;;;;;;;;;30;1
;;;;;;;;;;;;;;;;;;;;;;;;30;1
;;;;;;;;;;;;;;;;;;;;;;;;30;1
;;;;;;;;;;;;;;;;;;;;;;;;30;1
;;;;;;;;;;;;;;;;;;;;;;;;30;1
;;;;;;;;;;;;;;;;;;;;;;;;30;1
;;;;;;;;;;;;;;;;;;;;;;;;30;1
;;;;;;;;;;;;;;;;;;;;;;;;30;1
;;;;;;;;;;;;;;;;;;;;;;;;30;1
;;;;;;;;;;;;;;;;;;;;;;;;25;1
;;;;;;;;;;;;;;;;;;;;;;;;25;1
;;;;;;;;;;;;;;;;;;;;;;;;25;1
;;;;;;;;;;;;;;;;;;;;;;;;26;1
;;;;;;;;;;;;;;;;;;;;;;;;20;1
;;;;;;;;;;;;;;;;;;;;;;;;25;1
;;;;;;;;;;;;;;;;;;;;;;;;25;1
;;;;;;;;;;;;;;;;;;;;;;;;30;1
;;;;;;;;;;;;;;;;;;;;;;;;25;1
;;;;;;;;;;;;;;;;;;;;;;;;30;1
;;;;;;;;;;;;;;;;;;;;;;;;30;1
;;;;;;;;;;;;;;;;;;;;;;;;30;1
;;;;;;;;;;;;;;;;;;;;;;;;30;1
;;;;;;;;;;;;;;;;;;;;;;;;30;1
;;;;;;;;;;;;;;;;;;;;;;;;25;1
;;;;;;;;;;;;;;;;;;;;;;;;28;1
;;;;;;;;;;;;;;;;;;;;;;;;22;1
;;;;;;;;;;;;;;;;;;;;;;;;28;1
;;;;;;;;;;;;;;;;;;;;;;;;27;1
;;;;;;;;;;;;;;;;;;;;;;;;25;1
;;;;;;;;;;;;;;;;;;;;;;;;26;1
;;;;;;;;;;;;;;;;;;;;;;;;30;1
;;;;;;;;;;;;;;;;;;;;;;;;25;1
;;;;;;;;;;;;;;;;;;;;;;;;30;1
;;;;;;;;;;;;;;;;;;;;;;;;30;1
;;;;;;;;;;;;;;;;;;;;;;;;25;1
;;;;;;;;;;;;;;;;;;;;;;;;25;1
;;;;;;;;;;;;;;;;;;;;;;;;26;1
;;;;;;;;;;;;;;;;;;;;;;;;24;1
;;;;;;;;;;;;;;;;;;;;;;;;30;1
;;;;;;;;;;;;;;;;;;;;;;;;25;1
;;;;;;;;;;;;;;;;;;;;;;;;30;1
;;;;;;;;;;;;;;;;;;;;;;;;25;1
;;;;;;;;;;;;;;;;;;;;;;;;30;1
;;;;;;;;;;;;;;;;;;;;;;;;30;1
;;;;;;;;;;;;;;;;;;;;;;;;30;1
;;;;;;;;;;;;;;;;;;;;;;;;30;1
;;;;;;;;;;;;;;;;;;;;;;;;30;1
;;;;;;;;;;;;;;;;;;;;;;;;14;1
;;;;;;;;;;;;;;;;;;;;;;;;26;1
;;;;;;;;;;;;;;;;;;;;;;;;30;1
;;;;;;;;;;;;;;;;;;;;;;;;30;1
;;;;;;;;;;;;;;;;;;;;;;;;30;1
;;;;;;;;;;;;;;;;;;;;;;;;30;1
;;;;;;;;;;;;;;;;;;;;;;;;30;1
;;;;;;;;;;;;;;;;;;;;;;;;25;1
;;;;;;;;;;;;;;;;;;;;;;;;29;1
;;;;;;;;;;;;;;;;;;;;;;;;29;1
;;;;;;;;;;;;;;;;;;;;;;;;30;1
;;;;;;;;;;;;;;;;;;;;;;;;28;1
;;;;;;;;;;;;;;;;;;;;;;;;28;1
;;;;;;;;;;;;;;;;;;;;;;;;24;1
;;;;;;;;;;;;;;;;;;;;;;;;30;1
;;;;;;;;;;;;;;;;;;;;;;;;30;1
;;;;;;;;;;;;;;;;;;;;;;;;25;1
;;;;;;;;;;;;;;;;;;;;;;;;30;1
;;;;;;;;;;;;;;;;;;;;;;;;25;1
;;;;;;;;;;;;;;;;;;;;;;;;25;1
;;;;;;;;;;;;;;;;;;;;;;;;30;1
;;;;;;;;;;;;;;;;;;;;;;;;30;1
;;;;;;;;;;;;;;;;;;;;;;;;25;1
;;;;;;;;;;;;;;;;;;;;;;;;30;1
;;;;;;;;;;;;;;;;;;;;;;;;30;1
;;;;;;;;;;;;;;;;;;;;;;;;30;1
;;;;;;;;;;;;;;;;;;;;;;;;30;1
;;;;;;;;;;;;;;;;;;;;;;;;30;1
;;;;;;;;;;;;;;;;;;;;;;;;30;1
;;;;;;;;;;;;;;;;;;;;;;;;30;1
;;;;;;;;;;;;;;;;;;;;;;;;30;1
;;;;;;;;;;;;;;;;;;;;;;;;30;1
;;;;;;;;;;;;;;;;;;;;;;;;30;1
;;;;;;;;;;;;;;;;;;;;;;;;30;1
;;;;;;;;;;;;;;;;;;;;;;;;1;1
;;;;;;;;;;;;;;;;;;;;;;;;9;1
;;;;;;;;;;;;;;;;;;;;;;;;30;1
;;;;;;;;;;;;;;;;;;;;;;;;30;1
;;;;;;;;;;;;;;;;;;;;;;;;30;1
;;;;;;;;;;;;;;;;;;;;;;;;30;1
;;;;;;;;;;;;;;;;;;;;;;;;30;1
;;;;;;;;;;;;;;;;;;;;;;;;30;1
;;;;;;;;;;;;;;;;;;;;;;;;30;1
;;;;;;;;;;;;;;;;;;;;;;;;25;1
;;;;;;;;;;;;;;;;;;;;;;;;30;1
;;;;;;;;;;;;;;;;;;;;;;;;30;1
;;;;;;;;;;;;;;;;;;;;;;;;30;1
;;;;;;;;;;;;;;;;;;;;;;;;30;1
;;;;;;;;;;;;;;;;;;;;;;;;30;1
;;;;;;;;;;;;;;;;;;;;;;;;26;1
;;;;;;;;;;;;;;;;;;;;;;;;30;1
;;;;;;;;;;;;;;;;;;;;;;;;30;1
;;;;;;;;;;;;;;;;;;;;;;;;30;1
;;;;;;;;;;;;;;;;;;;;;;;;30;1
;;;;;;;;;;;;;;;;;;;;;;;;30;1
;;;;;;;;;;;;;;;;;;;;;;;;30;1
;;;;;;;;;;;;;;;;;;;;;;;;30;1
;;;;;;;;;;;;;;;;;;;;;;;;30;1
;;;;;;;;;;;;;;;;;;;;;;;;25;1
;;;;;;;;;;;;;;;;;;;;;;;;24;1
;;;;;;;;;;;;;;;;;;;;;;;;30;1
;;;;;;;;;;;;;;;;;;;;;;;;25;1
;;;;;;;;;;;;;;;;;;;;;;;;25;1
;;;;;;;;;;;;;;;;;;;;;;;;22;1
;;;;;;;;;;;;;;;;;;;;;;;;25;1
;;;;;;;;;;;;;;;;;;;;;;;;30;1
;;;;;;;;;;;;;;;;;;;;;;;;25;1
;;;;;;;;;;;;;;;;;;;;;;;;26;1
;;;;;;;;;;;;;;;;;;;;;;;;29;1
;;;;;;;;;;;;;;;;;;;;;;;;30;1
;;;;;;;;;;;;;;;;;;;;;;;;30;1
;;;;;;;;;;;;;;;;;;;;;;;;26;1
;;;;;;;;;;;;;;;;;;;;;;;;25;1
;;;;;;;;;;;;;;;;;;;;;;;;30;1
;;;;;;;;;;;;;;;;;;;;;;;;30;1
;;;;;;;;;;;;;;;;;;;;;;;;25;1
;;;;;;;;;;;;;;;;;;;;;;;;25;1
;;;;;;;;;;;;;;;;;;;;;;;;21;1
;;;;;;;;;;;;;;;;;;;;;;;;25;1
;;;;;;;;;;;;;;;;;;;;;;;;25;1
;;;;;;;;;;;;;;;;;;;;;;;;25;1
;;;;;;;;;;;;;;;;;;;;;;;;25;1
;;;;;;;;;;;;;;;;;;;;;;;;25;1
;;;;;;;;;;;;;;;;;;;;;;;;25;1
;;;;;;;;;;;;;;;;;;;;;;;;25;1
;;;;;;;;;;;;;;;;;;;;;;;;20;1
;;;;;;;;;;;;;;;;;;;;;;;;24;1
;;;;;;;;;;;;;;;;;;;;;;;;30;1
;;;;;;;;;;;;;;;;;;;;;;;;25;1
;;;;;;;;;;;;;;;;;;;;;;;;24;1
;;;;;;;;;;;;;;;;;;;;;;;;25;1
;;;;;;;;;;;;;;;;;;;;;;;;25;1
;;;;;;;;;;;;;;;;;;;;;;;;25;1
;;;;;;;;;;;;;;;;;;;;;;;;21;1
;;;;;;;;;;;;;;;;;;;;;;;;24;1
;;;;;;;;;;;;;;;;;;;;;;;;25;1
;;;;;;;;;;;;;;;;;;;;;;;;30;1
;;;;;;;;;;;;;;;;;;;;;;;;22;1
;;;;;;;;;;;;;;;;;;;;;;;;28;1
;;;;;;;;;;;;;;;;;;;;;;;;22;1
;;;;;;;;;;;;;;;;;;;;;;;;24;1
;;;;;;;;;;;;;;;;;;;;;;;;25;1
;;;;;;;;;;;;;;;;;;;;;;;;25;1
;;;;;;;;;;;;;;;;;;;;;;;;25;1
;;;;;;;;;;;;;;;;;;;;;;;;24;1
;;;;;;;;;;;;;;;;;;;;;;;;22;1
;;;;;;;;;;;;;;;;;;;;;;;;25;1
;;;;;;;;;;;;;;;;;;;;;;;;25;1
;;;;;;;;;;;;;;;;;;;;;;;;25;1
;;;;;;;;;;;;;;;;;;;;;;;;28;1
;;;;;;;;;;;;;;;;;;;;;;;;22;1
;;;;;;;;;;;;;;;;;;;;;;;;30;1
;;;;;;;;;;;;;;;;;;;;;;;;25;1
;;;;;;;;;;;;;;;;;;;;;;;;23;1
;;;;;;;;;;;;;;;;;;;;;;;;26;1
;;;;;;;;;;;;;;;;;;;;;;;;21;1
;;;;;;;;;;;;;;;;;;;;;;;;29;1
;;;;;;;;;;;;;;;;;;;;;;;;21;1
;;;;;;;;;;;;;;;;;;;;;;;;25;1
;;;;;;;;;;;;;;;;;;;;;;;;26;1
;;;;;;;;;;;;;;;;;;;;;;;;19;1
;;;;;;;;;;;;;;;;;;;;;;;;25;1
;;;;;;;;;;;;;;;;;;;;;;;;25;1
;;;;;;;;;;;;;;;;;;;;;;;;28;1
;;;;;;;;;;;;;;;;;;;;;;;;21;1
;;;;;;;;;;;;;;;;;;;;;;;;24;1
;;;;;;;;;;;;;;;;;;;;;;;;26;1
;;;;;;;;;;;;;;;;;;;;;;;;21;1
;;;;;;;;;;;;;;;;;;;;;;;;25;1
;;;;;;;;;;;;;;;;;;;;;;;;25;1
;;;;;;;;;;;;;;;;;;;;;;;;24;1
;;;;;;;;;;;;;;;;;;;;;;;;26;1
;;;;;;;;;;;;;;;;;;;;;;;;20;1
;;;;;;;;;;;;;;;;;;;;;;;;24;1
;;;;;;;;;;;;;;;;;;;;;;;;25;1
;;;;;;;;;;;;;;;;;;;;;;;;25;1
;;;;;;;;;;;;;;;;;;;;;;;;20;1
;;;;;;;;;;;;;;;;;;;;;;;;25;1
;;;;;;;;;;;;;;;;;;;;;;;;25;1
;;;;;;;;;;;;;;;;;;;;;;;;24;1
;;;;;;;;;;;;;;;;;;;;;;;;24;1
;;;;;;;;;;;;;;;;;;;;;;;;26;1
;;;;;;;;;;;;;;;;;;;;;;;;30;1
;;;;;;;;;;;;;;;;;;;;;;;;30;1
;;;;;;;;;;;;;;;;;;;;;;;;30;1
;;;;;;;;;;;;;;;;;;;;;;;;30;1
;;;;;;;;;;;;;;;;;;;;;;;;25;1
;;;;;;;;;;;;;;;;;;;;;;;;25;1
;;;;;;;;;;;;;;;;;;;;;;;;25;1
;;;;;;;;;;;;;;;;;;;;;;;;30;1
;;;;;;;;;;;;;;;;;;;;;;;;30;1
;;;;;;;;;;;;;;;;;;;;;;;;20;1
;;;;;;;;;;;;;;;;;;;;;;;;30;1
;;;;;;;;;;;;;;;;;;;;;;;;24;1
;;;;;;;;;;;;;;;;;;;;;;;;25;1
;;;;;;;;;;;;;;;;;;;;;;;;30;1
;;;;;;;;;;;;;;;;;;;;;;;;25;1
;;;;;;;;;;;;;;;;;;;;;;;;25;1
;;;;;;;;;;;;;;;;;;;;;;;;19;1
;;;;;;;;;;;;;;;;;;;;;;;;26;1
;;;;;;;;;;;;;;;;;;;;;;;;24;1
;;;;;;;;;;;;;;;;;;;;;;;;25;1
;;;;;;;;;;;;;;;;;;;;;;;;25;1
;;;;;;;;;;;;;;;;;;;;;;;;20;1
;;;;;;;;;;;;;;;;;;;;;;;;25;1
;;;;;;;;;;;;;;;;;;;;;;;;25;1
;;;;;;;;;;;;;;;;;;;;;;;;22;1
;;;;;;;;;;;;;;;;;;;;;;;;28;1
;;;;;;;;;;;;;;;;;;;;;;;;30;1
;;;;;;;;;;;;;;;;;;;;;;;;30;1
;;;;;;;;;;;;;;;;;;;;;;;;30;1
;;;;;;;;;;;;;;;;;;;;;;;;30;1
;;;;;;;;;;;;;;;;;;;;;;;;25;1
;;;;;;;;;;;;;;;;;;;;;;;;25;1
;;;;;;;;;;;;;;;;;;;;;;;;25;1
;;;;;;;;;;;;;;;;;;;;;;;;20;1
;;;;;;;;;;;;;;;;;;;;;;;;30;1
;;;;;;;;;;;;;;;;;;;;;;;;30;1
;;;;;;;;;;;;;;;;;;;;;;;;25;1
;;;;;;;;;;;;;;;;;;;;;;;;25;1
;;;;;;;;;;;;;;;;;;;;;;;;30;1
;;;;;;;;;;;;;;;;;;;;;;;;25;1
;;;;;;;;;;;;;;;;;;;;;;;;25;1
;;;;;;;;;;;;;;;;;;;;;;;;21;1
;;;;;;;;;;;;;;;;;;;;;;;;25;1
;;;;;;;;;;;;;;;;;;;;;;;;25;1
;;;;;;;;;;;;;;;;;;;;;;;;25;1
;;;;;;;;;;;;;;;;;;;;;;;;30;1
;;;;;;;;;;;;;;;;;;;;;;;;30;1
;;;;;;;;;;;;;;;;;;;;;;;;30;1
;;;;;;;;;;;;;;;;;;;;;;;;30;1
;;;;;;;;;;;;;;;;;;;;;;;;25;1
;;;;;;;;;;;;;;;;;;;;;;;;30;1
;;;;;;;;;;;;;;;;;;;;;;;;20;1
;;;;;;;;;;;;;;;;;;;;;;;;25;1
;;;;;;;;;;;;;;;;;;;;;;;;25;1
;;;;;;;;;;;;;;;;;;;;;;;;25;1
;;;;;;;;;;;;;;;;;;;;;;;;30;1
;;;;;;;;;;;;;;;;;;;;;;;;25;1
;;;;;;;;;;;;;;;;;;;;;;;;25;1
;;;;;;;;;;;;;;;;;;;;;;;;25;1
;;;;;;;;;;;;;;;;;;;;;;;;25;1
;;;;;;;;;;;;;;;;;;;;;;;;22;1
;;;;;;;;;;;;;;;;;;;;;;;;28;1
;;;;;;;;;;;;;;;;;;;;;;;;30;1
;;;;;;;;;;;;;;;;;;;;;;;;30;1
;;;;;;;;;;;;;;;;;;;;;;;;30;1
;;;;;;;;;;;;;;;;;;;;;;;;30;1
;;;;;;;;;;;;;;;;;;;;;;;;30;1
;;;;;;;;;;;;;;;;;;;;;;;;19;1
;;;;;;;;;;;;;;;;;;;;;;;;30;1
;;;;;;;;;;;;;;;;;;;;;;;;30;1
;;;;;;;;;;;;;;;;;;;;;;;;29;1
;;;;;;;;;;;;;;;;;;;;;;;;21;1
;;;;;;;;;;;;;;;;;;;;;;;;30;1
;;;;;;;;;;;;;;;;;;;;;;;;25;1
;;;;;;;;;;;;;;;;;;;;;;;;24;1
;;;;;;;;;;;;;;;;;;;;;;;;21;1
;;;;;;;;;;;;;;;;;;;;;;;;30;1
;;;;;;;;;;;;;;;;;;;;;;;;22;1
;;;;;;;;;;;;;;;;;;;;;;;;24;1
;;;;;;;;;;;;;;;;;;;;;;;;19;1
;;;;;;;;;;;;;;;;;;;;;;;;24;1
;;;;;;;;;;;;;;;;;;;;;;;;25;1
;;;;;;;;;;;;;;;;;;;;;;;;23;1
;;;;;;;;;;;;;;;;;;;;;;;;22;1
;;;;;;;;;;;;;;;;;;;;;;;;30;1
;;;;;;;;;;;;;;;;;;;;;;;;25;1
;;;;;;;;;;;;;;;;;;;;;;;;25;1
;;;;;;;;;;;;;;;;;;;;;;;;30;1
;;;;;;;;;;;;;;;;;;;;;;;;20;1
;;;;;;;;;;;;;;;;;;;;;;;;25;1
;;;;;;;;;;;;;;;;;;;;;;;;25;1
;;;;;;;;;;;;;;;;;;;;;;;;20;1
;;;;;;;;;;;;;;;;;;;;;;;;30;1
;;;;;;;;;;;;;;;;;;;;;;;;25;1
;;;;;;;;;;;;;;;;;;;;;;;;24;1
;;;;;;;;;;;;;;;;;;;;;;;;25;1
;;;;;;;;;;;;;;;;;;;;;;;;25;1
;;;;;;;;;;;;;;;;;;;;;;;;30;1
;;;;;;;;;;;;;;;;;;;;;;;;25;1
;;;;;;;;;;;;;;;;;;;;;;;;25;1
;;;;;;;;;;;;;;;;;;;;;;;;25;1
;;;;;;;;;;;;;;;;;;;;;;;;30;1
;;;;;;;;;;;;;;;;;;;;;;;;30;1
;;;;;;;;;;;;;;;;;;;;;;;;20;1
;;;;;;;;;;;;;;;;;;;;;;;;27;1
;;;;;;;;;;;;;;;;;;;;;;;;28;1
;;;;;;;;;;;;;;;;;;;;;;;;22;1
;;;;;;;;;;;;;;;;;;;;;;;;22;1
;;;;;;;;;;;;;;;;;;;;;;;;25;1
;;;;;;;;;;;;;;;;;;;;;;;;25;1
;;;;;;;;;;;;;;;;;;;;;;;;25;1
;;;;;;;;;;;;;;;;;;;;;;;;25;1
;;;;;;;;;;;;;;;;;;;;;;;;23;1
;;;;;;;;;;;;;;;;;;;;;;;;15;1
;;;;;;;;;;;;;;;;;;;;;;;;22;1
;;;;;;;;;;;;;;;;;;;;;;;;25;1
;;;;;;;;;;;;;;;;;;;;;;;;24;1
;;;;;;;;;;;;;;;;;;;;;;;;24;1
;;;;;;;;;;;;;;;;;;;;;;;;19;1
;;;;;;;;;;;;;;;;;;;;;;;;25;1
;;;;;;;;;;;;;;;;;;;;;;;;25;1
;;;;;;;;;;;;;;;;;;;;;;;;24;1
;;;;;;;;;;;;;;;;;;;;;;;;26;1
;;;;;;;;;;;;;;;;;;;;;;;;25;1
;;;;;;;;;;;;;;;;;;;;;;;;25;1
;;;;;;;;;;;;;;;;;;;;;;;;29;1
;;;;;;;;;;;;;;;;;;;;;;;;21;1
;;;;;;;;;;;;;;;;;;;;;;;;26;1
;;;;;;;;;;;;;;;;;;;;;;;;25;1
;;;;;;;;;;;;;;;;;;;;;;;;30;1
;;;;;;;;;;;;;;;;;;;;;;;;0;0
;;;;;;;;;;;;;;;;;;;;;;;;0;0
;;;;;;;;;;;;;;;;;;;;;;;;0;0
;;;;;;;;;;;;;;;;;;;;;;;;0;0
;;;;;;;;;;;;;;;;;;;;;;;;0;0
;;;;;;;;;;;;;;;;;;;;;;;;0;0
;;;;;;;;;;;;;;;;;;;;;;;;0;0
;;;;;;;;;;;;;;;;;;;;;;;;30;1
;;;;;;;;;;;;;;;;;;;;;;;;30;1
;;;;;;;;;;;;;;;;;;;;;;;;20;1
;;;;;;;;;;;;;;;;;;;;;;;;30;1
;;;;;;;;;;;;;;;;;;;;;;;;25;1
;;;;;;;;;;;;;;;;;;;;;;;;25;1
;;;;;;;;;;;;;;;;;;;;;;;;24;1
;;;;;;;;;;;;;;;;;;;;;;;;21;1
;;;;;;;;;;;;;;;;;;;;;;;;24;1
;;;;;;;;;;;;;;;;;;;;;;;;30;1
;;;;;;;;;;;;;;;;;;;;;;;;30;1
;;;;;;;;;;;;;;;;;;;;;;;;22;1
;;;;;;;;;;;;;;;;;;;;;;;;28;1
;;;;;;;;;;;;;;;;;;;;;;;;19;1
;;;;;;;;;;;;;;;;;;;;;;;;25;1
;;;;;;;;;;;;;;;;;;;;;;;;27;1
;;;;;;;;;;;;;;;;;;;;;;;;28;1
;;;;;;;;;;;;;;;;;;;;;;;;30;1
;;;;;;;;;;;;;;;;;;;;;;;;30;1
;;;;;;;;;;;;;;;;;;;;;;;;30;1
;;;;;;;;;;;;;;;;;;;;;;;;30;1
;;;;;;;;;;;;;;;;;;;;;;;;28;1
;;;;;;;;;;;;;;;;;;;;;;;;22;1
;;;;;;;;;;;;;;;;;;;;;;;;30;1
;;;;;;;;;;;;;;;;;;;;;;;;25;1
;;;;;;;;;;;;;;;;;;;;;;;;25;1
;;;;;;;;;;;;;;;;;;;;;;;;30;1
;;;;;;;;;;;;;;;;;;;;;;;;25;1
;;;;;;;;;;;;;;;;;;;;;;;;23;1
;;;;;;;;;;;;;;;;;;;;;;;;30;1
;;;;;;;;;;;;;;;;;;;;;;;;20;1
;;;;;;;;;;;;;;;;;;;;;;;;30;1
;;;;;;;;;;;;;;;;;;;;;;;;30;1
;;;;;;;;;;;;;;;;;;;;;;;;30;1
;;;;;;;;;;;;;;;;;;;;;;;;25;1
;;;;;;;;;;;;;;;;;;;;;;;;23;1
;;;;;;;;;;;;;;;;;;;;;;;;26;1
;;;;;;;;;;;;;;;;;;;;;;;;19;1
;;;;;;;;;;;;;;;;;;;;;;;;29;1
;;;;;;;;;;;;;;;;;;;;;;;;30;1
;;;;;;;;;;;;;;;;;;;;;;;;29;1
;;;;;;;;;;;;;;;;;;;;;;;;30;1
;;;;;;;;;;;;;;;;;;;;;;;;25;1
;;;;;;;;;;;;;;;;;;;;;;;;18;1
;;;;;;;;;;;;;;;;;;;;;;;;25;1
;;;;;;;;;;;;;;;;;;;;;;;;30;1
;;;;;;;;;;;;;;;;;;;;;;;;24;1
;;;;;;;;;;;;;;;;;;;;;;;;26;1
;;;;;;;;;;;;;;;;;;;;;;;;24;1
;;;;;;;;;;;;;;;;;;;;;;;;24;1
;;;;;;;;;;;;;;;;;;;;;;;;30;1
;;;;;;;;;;;;;;;;;;;;;;;;20;1
;;;;;;;;;;;;;;;;;;;;;;;;25;1
;;;;;;;;;;;;;;;;;;;;;;;;25;1
;;;;;;;;;;;;;;;;;;;;;;;;25;1
;;;;;;;;;;;;;;;;;;;;;;;;25;1
;;;;;;;;;;;;;;;;;;;;;;;;25;1
;;;;;;;;;;;;;;;;;;;;;;;;25;1
;;;;;;;;;;;;;;;;;;;;;;;;25;1
;;;;;;;;;;;;;;;;;;;;;;;;25;1
;;;;;;;;;;;;;;;;;;;;;;;;25;1
;;;;;;;;;;;;;;;;;;;;;;;;30;1
;;;;;;;;;;;;;;;;;;;;;;;;30;1
;;;;;;;;;;;;;;;;;;;;;;;;30;1
;;;;;;;;;;;;;;;;;;;;;;;;26;1
;;;;;;;;;;;;;;;;;;;;;;;;29;1
;;;;;;;;;;;;;;;;;;;;;;;;25;1
;;;;;;;;;;;;;;;;;;;;;;;;25;1
;;;;;;;;;;;;;;;;;;;;;;;;25;1
;;;;;;;;;;;;;;;;;;;;;;;;21;1
;;;;;;;;;;;;;;;;;;;;;;;;24;1
;;;;;;;;;;;;;;;;;;;;;;;;25;1
;;;;;;;;;;;;;;;;;;;;;;;;30;1
;;;;;;;;;;;;;;;;;;;;;;;;25;1
;;;;;;;;;;;;;;;;;;;;;;;;25;1
;;;;;;;;;;;;;;;;;;;;;;;;30;1
;;;;;;;;;;;;;;;;;;;;;;;;22;1
;;;;;;;;;;;;;;;;;;;;;;;;24;1
;;;;;;;;;;;;;;;;;;;;;;;;22;1
;;;;;;;;;;;;;;;;;;;;;;;;28;1
;;;;;;;;;;;;;;;;;;;;;;;;30;1
;;;;;;;;;;;;;;;;;;;;;;;;25;1
;;;;;;;;;;;;;;;;;;;;;;;;25;1
;;;;;;;;;;;;;;;;;;;;;;;;30;1
;;;;;;;;;;;;;;;;;;;;;;;;28;1
;;;;;;;;;;;;;;;;;;;;;;;;27;1
;;;;;;;;;;;;;;;;;;;;;;;;30;1
;;;;;;;;;;;;;;;;;;;;;;;;24;1
;;;;;;;;;;;;;;;;;;;;;;;;30;1
;;;;;;;;;;;;;;;;;;;;;;;;30;1
;;;;;;;;;;;;;;;;;;;;;;;;20;1
;;;;;;;;;;;;;;;;;;;;;;;;25;1
;;;;;;;;;;;;;;;;;;;;;;;;25;1
;;;;;;;;;;;;;;;;;;;;;;;;25;1
;;;;;;;;;;;;;;;;;;;;;;;;21;1
;;;;;;;;;;;;;;;;;;;;;;;;25;1
;;;;;;;;;;;;;;;;;;;;;;;;25;1
;;;;;;;;;;;;;;;;;;;;;;;;23;1
;;;;;;;;;;;;;;;;;;;;;;;;27;1
;;;;;;;;;;;;;;;;;;;;;;;;30;1
;;;;;;;;;;;;;;;;;;;;;;;;25;1
;;;;;;;;;;;;;;;;;;;;;;;;25;1
;;;;;;;;;;;;;;;;;;;;;;;;20;1
;;;;;;;;;;;;;;;;;;;;;;;;25;1
;;;;;;;;;;;;;;;;;;;;;;;;30;1
;;;;;;;;;;;;;;;;;;;;;;;;25;1
;;;;;;;;;;;;;;;;;;;;;;;;24;1
;;;;;;;;;;;;;;;;;;;;;;;;27;1
;;;;;;;;;;;;;;;;;;;;;;;;29;1
;;;;;;;;;;;;;;;;;;;;;;;;26;1
;;;;;;;;;;;;;;;;;;;;;;;;20;1
;;;;;;;;;;;;;;;;;;;;;;;;30;1
;;;;;;;;;;;;;;;;;;;;;;;;30;1
;;;;;;;;;;;;;;;;;;;;;;;;30;1
;;;;;;;;;;;;;;;;;;;;;;;;30;1
;;;;;;;;;;;;;;;;;;;;;;;;30;1
;;;;;;;;;;;;;;;;;;;;;;;;30;1
;;;;;;;;;;;;;;;;;;;;;;;;20;1
;;;;;;;;;;;;;;;;;;;;;;;;30;1
;;;;;;;;;;;;;;;;;;;;;;;;30;1
;;;;;;;;;;;;;;;;;;;;;;;;30;1
;;;;;;;;;;;;;;;;;;;;;;;;30;1
;;;;;;;;;;;;;;;;;;;;;;;;30;1
;;;;;;;;;;;;;;;;;;;;;;;;25;1
;;;;;;;;;;;;;;;;;;;;;;;;30;1
;;;;;;;;;;;;;;;;;;;;;;;;25;1
;;;;;;;;;;;;;;;;;;;;;;;;25;1
;;;;;;;;;;;;;;;;;;;;;;;;30;1
;;;;;;;;;;;;;;;;;;;;;;;;30;1
;;;;;;;;;;;;;;;;;;;;;;;;30;1
;;;;;;;;;;;;;;;;;;;;;;;;25;1
;;;;;;;;;;;;;;;;;;;;;;;;30;1
;;;;;;;;;;;;;;;;;;;;;;;;25;1
;;;;;;;;;;;;;;;;;;;;;;;;25;1
;;;;;;;;;;;;;;;;;;;;;;;;25;1
;;;;;;;;;;;;;;;;;;;;;;;;30;1
;;;;;;;;;;;;;;;;;;;;;;;;30;1
;;;;;;;;;;;;;;;;;;;;;;;;23;1
;;;;;;;;;;;;;;;;;;;;;;;;28;1
;;;;;;;;;;;;;;;;;;;;;;;;30;1
;;;;;;;;;;;;;;;;;;;;;;;;19;1
;;;;;;;;;;;;;;;;;;;;;;;;30;1
;;;;;;;;;;;;;;;;;;;;;;;;22;1
;;;;;;;;;;;;;;;;;;;;;;;;23;1
;;;;;;;;;;;;;;;;;;;;;;;;30;1
;;;;;;;;;;;;;;;;;;;;;;;;25;1
;;;;;;;;;;;;;;;;;;;;;;;;25;1
;;;;;;;;;;;;;;;;;;;;;;;;25;1
;;;;;;;;;;;;;;;;;;;;;;;;27;1
;;;;;;;;;;;;;;;;;;;;;;;;23;1
;;;;;;;;;;;;;;;;;;;;;;;;26;1
;;;;;;;;;;;;;;;;;;;;;;;;30;1
;;;;;;;;;;;;;;;;;;;;;;;;19;1
;;;;;;;;;;;;;;;;;;;;;;;;25;1
;;;;;;;;;;;;;;;;;;;;;;;;30;1
;;;;;;;;;;;;;;;;;;;;;;;;25;1
;;;;;;;;;;;;;;;;;;;;;;;;25;1
;;;;;;;;;;;;;;;;;;;;;;;;20;1
;;;;;;;;;;;;;;;;;;;;;;;;25;1
;;;;;;;;;;;;;;;;;;;;;;;;25;1
;;;;;;;;;;;;;;;;;;;;;;;;25;1
;;;;;;;;;;;;;;;;;;;;;;;;29;1
;;;;;;;;;;;;;;;;;;;;;;;;25;1
;;;;;;;;;;;;;;;;;;;;;;;;24;1
;;;;;;;;;;;;;;;;;;;;;;;;23;1
;;;;;;;;;;;;;;;;;;;;;;;;24;1
;;;;;;;;;;;;;;;;;;;;;;;;25;1
;;;;;;;;;;;;;;;;;;;;;;;;25;1
;;;;;;;;;;;;;;;;;;;;;;;;25;1
;;;;;;;;;;;;;;;;;;;;;;;;6;1
;;;;;;;;;;;;;;;;;;;;;;;;0;0
;;;;;;;;;;;;;;;;;;;;;;;;0;0
;;;;;;;;;;;;;;;;;;;;;;;;18;1
;;;;;;;;;;;;;;;;;;;;;;;;30;1
;;;;;;;;;;;;;;;;;;;;;;;;30;1
;;;;;;;;;;;;;;;;;;;;;;;;22;1
;;;;;;;;;;;;;;;;;;;;;;;;23;1
;;;;;;;;;;;;;;;;;;;;;;;;25;1
;;;;;;;;;;;;;;;;;;;;;;;;30;1
;;;;;;;;;;;;;;;;;;;;;;;;25;1
;;;;;;;;;;;;;;;;;;;;;;;;30;1
;;;;;;;;;;;;;;;;;;;;;;;;30;1
;;;;;;;;;;;;;;;;;;;;;;;;22;1
;;;;;;;;;;;;;;;;;;;;;;;;23;1
;;;;;;;;;;;;;;;;;;;;;;;;30;1
;;;;;;;;;;;;;;;;;;;;;;;;30;1
;;;;;;;;;;;;;;;;;;;;;;;;25;1
;;;;;;;;;;;;;;;;;;;;;;;;30;1
;;;;;;;;;;;;;;;;;;;;;;;;25;1
;;;;;;;;;;;;;;;;;;;;;;;;22;1
;;;;;;;;;;;;;;;;;;;;;;;;22;1
;;;;;;;;;;;;;;;;;;;;;;;;30;1
;;;;;;;;;;;;;;;;;;;;;;;;25;1
;;;;;;;;;;;;;;;;;;;;;;;;25;1
;;;;;;;;;;;;;;;;;;;;;;;;25;1
;;;;;;;;;;;;;;;;;;;;;;;;20;1
;;;;;;;;;;;;;;;;;;;;;;;;28;1
;;;;;;;;;;;;;;;;;;;;;;;;22;1
;;;;;;;;;;;;;;;;;;;;;;;;25;1
;;;;;;;;;;;;;;;;;;;;;;;;30;1
;;;;;;;;;;;;;;;;;;;;;;;;25;1
;;;;;;;;;;;;;;;;;;;;;;;;23;1
;;;;;;;;;;;;;;;;;;;;;;;;22;1
;;;;;;;;;;;;;;;;;;;;;;;;24;1
;;;;;;;;;;;;;;;;;;;;;;;;26;1
;;;;;;;;;;;;;;;;;;;;;;;;20;1
;;;;;;;;;;;;;;;;;;;;;;;;25;1
;;;;;;;;;;;;;;;;;;;;;;;;29;1
;;;;;;;;;;;;;;;;;;;;;;;;21;1
;;;;;;;;;;;;;;;;;;;;;;;;30;1
;;;;;;;;;;;;;;;;;;;;;;;;25;1
;;;;;;;;;;;;;;;;;;;;;;;;25;1
;;;;;;;;;;;;;;;;;;;;;;;;25;1
;;;;;;;;;;;;;;;;;;;;;;;;25;1
;;;;;;;;;;;;;;;;;;;;;;;;25;1
;;;;;;;;;;;;;;;;;;;;;;;;30;1
;;;;;;;;;;;;;;;;;;;;;;;;24;1
;;;;;;;;;;;;;;;;;;;;;;;;26;1
;;;;;;;;;;;;;;;;;;;;;;;;25;1
;;;;;;;;;;;;;;;;;;;;;;;;24;1
;;;;;;;;;;;;;;;;;;;;;;;;20;1
;;;;;;;;;;;;;;;;;;;;;;;;30;1
;;;;;;;;;;;;;;;;;;;;;;;;25;1
;;;;;;;;;;;;;;;;;;;;;;;;25;1
;;;;;;;;;;;;;;;;;;;;;;;;25;1
;;;;;;;;;;;;;;;;;;;;;;;;25;1
;;;;;;;;;;;;;;;;;;;;;;;;30;1
;;;;;;;;;;;;;;;;;;;;;;;;25;1
;;;;;;;;;;;;;;;;;;;;;;;;30;1
;;;;;;;;;;;;;;;;;;;;;;;;30;1
;;;;;;;;;;;;;;;;;;;;;;;;21;1
;;;;;;;;;;;;;;;;;;;;;;;;25;1
;;;;;;;;;;;;;;;;;;;;;;;;26;1
;;;;;;;;;;;;;;;;;;;;;;;;20;1
;;;;;;;;;;;;;;;;;;;;;;;;25;1
;;;;;;;;;;;;;;;;;;;;;;;;25;1
;;;;;;;;;;;;;;;;;;;;;;;;25;1
;;;;;;;;;;;;;;;;;;;;;;;;21;1
;;;;;;;;;;;;;;;;;;;;;;;;29;1
;;;;;;;;;;;;;;;;;;;;;;;;30;1
;;;;;;;;;;;;;;;;;;;;;;;;25;1
;;;;;;;;;;;;;;;;;;;;;;;;25;1
;;;;;;;;;;;;;;;;;;;;;;;;21;1
;;;;;;;;;;;;;;;;;;;;;;;;24;1
;;;;;;;;;;;;;;;;;;;;;;;;30;1
;;;;;;;;;;;;;;;;;;;;;;;;25;1
;;;;;;;;;;;;;;;;;;;;;;;;25;1
;;;;;;;;;;;;;;;;;;;;;;;;26;1
;;;;;;;;;;;;;;;;;;;;;;;;29;1
;;;;;;;;;;;;;;;;;;;;;;;;27;1
;;;;;;;;;;;;;;;;;;;;;;;;28;1
;;;;;;;;;;;;;;;;;;;;;;;;19;1
;;;;;;;;;;;;;;;;;;;;;;;;25;1
;;;;;;;;;;;;;;;;;;;;;;;;25;1
;;;;;;;;;;;;;;;;;;;;;;;;22;1
;;;;;;;;;;;;;;;;;;;;;;;;28;1
;;;;;;;;;;;;;;;;;;;;;;;;27;1
;;;;;;;;;;;;;;;;;;;;;;;;23;1
;;;;;;;;;;;;;;;;;;;;;;;;27;1
;;;;;;;;;;;;;;;;;;;;;;;;23;1
;;;;;;;;;;;;;;;;;;;;;;;;24;1
;;;;;;;;;;;;;;;;;;;;;;;;25;1
;;;;;;;;;;;;;;;;;;;;;;;;21;1
;;;;;;;;;;;;;;;;;;;;;;;;26;1
;;;;;;;;;;;;;;;;;;;;;;;;21;1
;;;;;;;;;;;;;;;;;;;;;;;;25;1
;;;;;;;;;;;;;;;;;;;;;;;;25;1
;;;;;;;;;;;;;;;;;;;;;;;;25;1
;;;;;;;;;;;;;;;;;;;;;;;;30;1
;;;;;;;;;;;;;;;;;;;;;;;;30;1
;;;;;;;;;;;;;;;;;;;;;;;;30;1
;;;;;;;;;;;;;;;;;;;;;;;;25;1
;;;;;;;;;;;;;;;;;;;;;;;;25;1
;;;;;;;;;;;;;;;;;;;;;;;;25;1
;;;;;;;;;;;;;;;;;;;;;;;;29;1
;;;;;;;;;;;;;;;;;;;;;;;;25;1
;;;;;;;;;;;;;;;;;;;;;;;;25;1
;;;;;;;;;;;;;;;;;;;;;;;;19;1
;;;;;;;;;;;;;;;;;;;;;;;;29;1
;;;;;;;;;;;;;;;;;;;;;;;;26;1
;;;;;;;;;;;;;;;;;;;;;;;;24;1
;;;;;;;;;;;;;;;;;;;;;;;;30;1
;;;;;;;;;;;;;;;;;;;;;;;;25;1
;;;;;;;;;;;;;;;;;;;;;;;;25;1
;;;;;;;;;;;;;;;;;;;;;;;;24;1
;;;;;;;;;;;;;;;;;;;;;;;;26;1
;;;;;;;;;;;;;;;;;;;;;;;;20;1
;;;;;;;;;;;;;;;;;;;;;;;;25;1
;;;;;;;;;;;;;;;;;;;;;;;;30;1
;;;;;;;;;;;;;;;;;;;;;;;;25;1
;;;;;;;;;;;;;;;;;;;;;;;;30;1
;;;;;;;;;;;;;;;;;;;;;;;;19;1
;;;;;;;;;;;;;;;;;;;;;;;;25;1
;;;;;;;;;;;;;;;;;;;;;;;;30;1
;;;;;;;;;;;;;;;;;;;;;;;;24;1
;;;;;;;;;;;;;;;;;;;;;;;;30;1
;;;;;;;;;;;;;;;;;;;;;;;;25;1
;;;;;;;;;;;;;;;;;;;;;;;;30;1
;;;;;;;;;;;;;;;;;;;;;;;;25;1
;;;;;;;;;;;;;;;;;;;;;;;;30;1
;;;;;;;;;;;;;;;;;;;;;;;;25;1
;;;;;;;;;;;;;;;;;;;;;;;;25;1
;;;;;;;;;;;;;;;;;;;;;;;;25;1
;;;;;;;;;;;;;;;;;;;;;;;;20;1
;;;;;;;;;;;;;;;;;;;;;;;;25;1
;;;;;;;;;;;;;;;;;;;;;;;;30;1
;;;;;;;;;;;;;;;;;;;;;;;;20;1
;;;;;;;;;;;;;;;;;;;;;;;;30;1
;;;;;;;;;;;;;;;;;;;;;;;;25;1
;;;;;;;;;;;;;;;;;;;;;;;;19;1
;;;;;;;;;;;;;;;;;;;;;;;;25;1
;;;;;;;;;;;;;;;;;;;;;;;;25;1
;;;;;;;;;;;;;;;;;;;;;;;;25;1
;;;;;;;;;;;;;;;;;;;;;;;;20;1
;;;;;;;;;;;;;;;;;;;;;;;;30;1
;;;;;;;;;;;;;;;;;;;;;;;;25;1
;;;;;;;;;;;;;;;;;;;;;;;;30;1
;;;;;;;;;;;;;;;;;;;;;;;;25;1
;;;;;;;;;;;;;;;;;;;;;;;;25;1
;;;;;;;;;;;;;;;;;;;;;;;;26;1
;;;;;;;;;;;;;;;;;;;;;;;;24;1
;;;;;;;;;;;;;;;;;;;;;;;;30;1
;;;;;;;;;;;;;;;;;;;;;;;;30;1
;;;;;;;;;;;;;;;;;;;;;;;;20;1
;;;;;;;;;;;;;;;;;;;;;;;;30;1
;;;;;;;;;;;;;;;;;;;;;;;;24;1
;;;;;;;;;;;;;;;;;;;;;;;;25;1
;;;;;;;;;;;;;;;;;;;;;;;;25;1
;;;;;;;;;;;;;;;;;;;;;;;;30;1
;;;;;;;;;;;;;;;;;;;;;;;;30;1
;;;;;;;;;;;;;;;;;;;;;;;;30;1
;;;;;;;;;;;;;;;;;;;;;;;;30;1
;;;;;;;;;;;;;;;;;;;;;;;;20;1
;;;;;;;;;;;;;;;;;;;;;;;;25;1
;;;;;;;;;;;;;;;;;;;;;;;;24;1
;;;;;;;;;;;;;;;;;;;;;;;;24;1
;;;;;;;;;;;;;;;;;;;;;;;;26;1
;;;;;;;;;;;;;;;;;;;;;;;;25;1
;;;;;;;;;;;;;;;;;;;;;;;;29;1
;;;;;;;;;;;;;;;;;;;;;;;;0;0
;;;;;;;;;;;;;;;;;;;;;;;;0;0
;;;;;;;;;;;;;;;;;;;;;;;;11;1
;;;;;;;;;;;;;;;;;;;;;;;;19;1
;;;;;;;;;;;;;;;;;;;;;;;;30;1
;;;;;;;;;;;;;;;;;;;;;;;;25;1
;;;;;;;;;;;;;;;;;;;;;;;;20;1
;;;;;;;;;;;;;;;;;;;;;;;;25;1
;;;;;;;;;;;;;;;;;;;;;;;;25;1
;;;;;;;;;;;;;;;;;;;;;;;;24;1
;;;;;;;;;;;;;;;;;;;;;;;;26;1
;;;;;;;;;;;;;;;;;;;;;;;;29;1
;;;;;;;;;;;;;;;;;;;;;;;;30;1
;;;;;;;;;;;;;;;;;;;;;;;;30;1
;;;;;;;;;;;;;;;;;;;;;;;;30;1
;;;;;;;;;;;;;;;;;;;;;;;;30;1
;;;;;;;;;;;;;;;;;;;;;;;;26;1
;;;;;;;;;;;;;;;;;;;;;;;;29;1
;;;;;;;;;;;;;;;;;;;;;;;;30;1
;;;;;;;;;;;;;;;;;;;;;;;;30;1
;;;;;;;;;;;;;;;;;;;;;;;;25;1
;;;;;;;;;;;;;;;;;;;;;;;;30;1
;;;;;;;;;;;;;;;;;;;;;;;;30;1
;;;;;;;;;;;;;;;;;;;;;;;;30;1
;;;;;;;;;;;;;;;;;;;;;;;;25;1
;;;;;;;;;;;;;;;;;;;;;;;;25;1
;;;;;;;;;;;;;;;;;;;;;;;;30;1
;;;;;;;;;;;;;;;;;;;;;;;;26;1
;;;;;;;;;;;;;;;;;;;;;;;;29;1
;;;;;;;;;;;;;;;;;;;;;;;;20;1
;;;;;;;;;;;;;;;;;;;;;;;;25;1
;;;;;;;;;;;;;;;;;;;;;;;;20;1
;;;;;;;;;;;;;;;;;;;;;;;;30;1
;;;;;;;;;;;;;;;;;;;;;;;;21;1
;;;;;;;;;;;;;;;;;;;;;;;;23;1
;;;;;;;;;;;;;;;;;;;;;;;;25;1
;;;;;;;;;;;;;;;;;;;;;;;;25;1
;;;;;;;;;;;;;;;;;;;;;;;;25;1
;;;;;;;;;;;;;;;;;;;;;;;;25;1
;;;;;;;;;;;;;;;;;;;;;;;;30;1
;;;;;;;;;;;;;;;;;;;;;;;;25;1
;;;;;;;;;;;;;;;;;;;;;;;;25;1
;;;;;;;;;;;;;;;;;;;;;;;;30;1
;;;;;;;;;;;;;;;;;;;;;;;;25;1
;;;;;;;;;;;;;;;;;;;;;;;;25;1
;;;;;;;;;;;;;;;;;;;;;;;;30;1
;;;;;;;;;;;;;;;;;;;;;;;;30;1
;;;;;;;;;;;;;;;;;;;;;;;;25;1
;;;;;;;;;;;;;;;;;;;;;;;;26;1
;;;;;;;;;;;;;;;;;;;;;;;;28;1
;;;;;;;;;;;;;;;;;;;;;;;;27;1
;;;;;;;;;;;;;;;;;;;;;;;;30;1
;;;;;;;;;;;;;;;;;;;;;;;;28;1
;;;;;;;;;;;;;;;;;;;;;;;;27;1
;;;;;;;;;;;;;;;;;;;;;;;;25;1
;;;;;;;;;;;;;;;;;;;;;;;;30;1
;;;;;;;;;;;;;;;;;;;;;;;;25;1
;;;;;;;;;;;;;;;;;;;;;;;;30;1
;;;;;;;;;;;;;;;;;;;;;;;;20;1
;;;;;;;;;;;;;;;;;;;;;;;;28;1
;;;;;;;;;;;;;;;;;;;;;;;;27;1
;;;;;;;;;;;;;;;;;;;;;;;;30;1
;;;;;;;;;;;;;;;;;;;;;;;;30;1
;;;;;;;;;;;;;;;;;;;;;;;;30;1
;;;;;;;;;;;;;;;;;;;;;;;;30;1
;;;;;;;;;;;;;;;;;;;;;;;;29;1
;;;;;;;;;;;;;;;;;;;;;;;;21;1
;;;;;;;;;;;;;;;;;;;;;;;;30;1
;;;;;;;;;;;;;;;;;;;;;;;;30;1
;;;;;;;;;;;;;;;;;;;;;;;;30;1
;;;;;;;;;;;;;;;;;;;;;;;;30;1
;;;;;;;;;;;;;;;;;;;;;;;;30;1
;;;;;;;;;;;;;;;;;;;;;;;;30;1
;;;;;;;;;;;;;;;;;;;;;;;;30;1
;;;;;;;;;;;;;;;;;;;;;;;;30;1
;;;;;;;;;;;;;;;;;;;;;;;;30;1
;;;;;;;;;;;;;;;;;;;;;;;;30;1
;;;;;;;;;;;;;;;;;;;;;;;;30;1
;;;;;;;;;;;;;;;;;;;;;;;;30;1
;;;;;;;;;;;;;;;;;;;;;;;;30;1
;;;;;;;;;;;;;;;;;;;;;;;;30;1
;;;;;;;;;;;;;;;;;;;;;;;;30;1
;;;;;;;;;;;;;;;;;;;;;;;;30;1
;;;;;;;;;;;;;;;;;;;;;;;;25;1
;;;;;;;;;;;;;;;;;;;;;;;;29;1
;;;;;;;;;;;;;;;;;;;;;;;;30;1
;;;;;;;;;;;;;;;;;;;;;;;;30;1
;;;;;;;;;;;;;;;;;;;;;;;;30;1
;;;;;;;;;;;;;;;;;;;;;;;;26;1
;;;;;;;;;;;;;;;;;;;;;;;;25;1
;;;;;;;;;;;;;;;;;;;;;;;;30;1
;;;;;;;;;;;;;;;;;;;;;;;;30;1
;;;;;;;;;;;;;;;;;;;;;;;;30;1
;;;;;;;;;;;;;;;;;;;;;;;;30;1
;;;;;;;;;;;;;;;;;;;;;;;;30;1
;;;;;;;;;;;;;;;;;;;;;;;;30;1
;;;;;;;;;;;;;;;;;;;;;;;;30;1
;;;;;;;;;;;;;;;;;;;;;;;;30;1
;;;;;;;;;;;;;;;;;;;;;;;;30;1
;;;;;;;;;;;;;;;;;;;;;;;;30;1
;;;;;;;;;;;;;;;;;;;;;;;;30;1
;;;;;;;;;;;;;;;;;;;;;;;;30;1
;;;;;;;;;;;;;;;;;;;;;;;;30;1
;;;;;;;;;;;;;;;;;;;;;;;;30;1
;;;;;;;;;;;;;;;;;;;;;;;;30;1
;;;;;;;;;;;;;;;;;;;;;;;;30;1
;;;;;;;;;;;;;;;;;;;;;;;;30;1
;;;;;;;;;;;;;;;;;;;;;;;;30;1
;;;;;;;;;;;;;;;;;;;;;;;;30;1
;;;;;;;;;;;;;;;;;;;;;;;;30;1
;;;;;;;;;;;;;;;;;;;;;;;;30;1
;;;;;;;;;;;;;;;;;;;;;;;;30;1
;;;;;;;;;;;;;;;;;;;;;;;;30;1
;;;;;;;;;;;;;;;;;;;;;;;;30;1
;;;;;;;;;;;;;;;;;;;;;;;;30;1
;;;;;;;;;;;;;;;;;;;;;;;;30;1
;;;;;;;;;;;;;;;;;;;;;;;;30;1
;;;;;;;;;;;;;;;;;;;;;;;;30;1
;;;;;;;;;;;;;;;;;;;;;;;;30;1
;;;;;;;;;;;;;;;;;;;;;;;;30;1
;;;;;;;;;;;;;;;;;;;;;;;;30;1
;;;;;;;;;;;;;;;;;;;;;;;;30;1
;;;;;;;;;;;;;;;;;;;;;;;;30;1
;;;;;;;;;;;;;;;;;;;;;;;;30;1
;;;;;;;;;;;;;;;;;;;;;;;;30;1
;;;;;;;;;;;;;;;;;;;;;;;;30;1
;;;;;;;;;;;;;;;;;;;;;;;;30;1
;;;;;;;;;;;;;;;;;;;;;;;;30;1
;;;;;;;;;;;;;;;;;;;;;;;;30;1
;;;;;;;;;;;;;;;;;;;;;;;;30;1
;;;;;;;;;;;;;;;;;;;;;;;;30;1
;;;;;;;;;;;;;;;;;;;;;;;;30;1
;;;;;;;;;;;;;;;;;;;;;;;;30;1
;;;;;;;;;;;;;;;;;;;;;;;;30;1
;;;;;;;;;;;;;;;;;;;;;;;;30;1
;;;;;;;;;;;;;;;;;;;;;;;;30;1
;;;;;;;;;;;;;;;;;;;;;;;;30;1
;;;;;;;;;;;;;;;;;;;;;;;;30;1
;;;;;;;;;;;;;;;;;;;;;;;;30;1
;;;;;;;;;;;;;;;;;;;;;;;;25;1
;;;;;;;;;;;;;;;;;;;;;;;;30;1
;;;;;;;;;;;;;;;;;;;;;;;;30;1
;;;;;;;;;;;;;;;;;;;;;;;;30;1
;;;;;;;;;;;;;;;;;;;;;;;;30;1
;;;;;;;;;;;;;;;;;;;;;;;;30;1
;;;;;;;;;;;;;;;;;;;;;;;;30;1
;;;;;;;;;;;;;;;;;;;;;;;;30;1
;;;;;;;;;;;;;;;;;;;;;;;;28;1
;;;;;;;;;;;;;;;;;;;;;;;;25;1
;;;;;;;;;;;;;;;;;;;;;;;;26;1
;;;;;;;;;;;;;;;;;;;;;;;;25;1
;;;;;;;;;;;;;;;;;;;;;;;;29;1
;;;;;;;;;;;;;;;;;;;;;;;;26;1
;;;;;;;;;;;;;;;;;;;;;;;;25;1
;;;;;;;;;;;;;;;;;;;;;;;;25;1
;;;;;;;;;;;;;;;;;;;;;;;;25;1
;;;;;;;;;;;;;;;;;;;;;;;;30;1
;;;;;;;;;;;;;;;;;;;;;;;;30;1
;;;;;;;;;;;;;;;;;;;;;;;;30;1
;;;;;;;;;;;;;;;;;;;;;;;;30;1
;;;;;;;;;;;;;;;;;;;;;;;;30;1
;;;;;;;;;;;;;;;;;;;;;;;;30;1
;;;;;;;;;;;;;;;;;;;;;;;;26;1
;;;;;;;;;;;;;;;;;;;;;;;;21;1
;;;;;;;;;;;;;;;;;;;;;;;;30;1
;;;;;;;;;;;;;;;;;;;;;;;;30;1
;;;;;;;;;;;;;;;;;;;;;;;;25;1
;;;;;;;;;;;;;;;;;;;;;;;;30;1
;;;;;;;;;;;;;;;;;;;;;;;;26;1
;;;;;;;;;;;;;;;;;;;;;;;;24;1
;;;;;;;;;;;;;;;;;;;;;;;;30;1
;;;;;;;;;;;;;;;;;;;;;;;;25;1
;;;;;;;;;;;;;;;;;;;;;;;;30;1
;;;;;;;;;;;;;;;;;;;;;;;;30;1
;;;;;;;;;;;;;;;;;;;;;;;;30;1
;;;;;;;;;;;;;;;;;;;;;;;;30;1
;;;;;;;;;;;;;;;;;;;;;;;;30;1
;;;;;;;;;;;;;;;;;;;;;;;;30;1
;;;;;;;;;;;;;;;;;;;;;;;;30;1
;;;;;;;;;;;;;;;;;;;;;;;;30;1
;;;;;;;;;;;;;;;;;;;;;;;;30;1
;;;;;;;;;;;;;;;;;;;;;;;;25;1
;;;;;;;;;;;;;;;;;;;;;;;;25;1
;;;;;;;;;;;;;;;;;;;;;;;;26;1
;;;;;;;;;;;;;;;;;;;;;;;;30;1
;;;;;;;;;;;;;;;;;;;;;;;;22;1
;;;;;;;;;;;;;;;;;;;;;;;;27;1
;;;;;;;;;;;;;;;;;;;;;;;;25;1
;;;;;;;;;;;;;;;;;;;;;;;;30;1
;;;;;;;;;;;;;;;;;;;;;;;;30;1
;;;;;;;;;;;;;;;;;;;;;;;;30;1
;;;;;;;;;;;;;;;;;;;;;;;;10;1
;;;;;;;;;;;;;;;;;;;;;;;;25;1
;;;;;;;;;;;;;;;;;;;;;;;;25;1
;;;;;;;;;;;;;;;;;;;;;;;;25;1
;;;;;;;;;;;;;;;;;;;;;;;;23;1
;;;;;;;;;;;;;;;;;;;;;;;;22;1
;;;;;;;;;;;;;;;;;;;;;;;;30;1
;;;;;;;;;;;;;;;;;;;;;;;;29;1
;;;;;;;;;;;;;;;;;;;;;;;;20;1
;;;;;;;;;;;;;;;;;;;;;;;;25;1
;;;;;;;;;;;;;;;;;;;;;;;;25;1
;;;;;;;;;;;;;;;;;;;;;;;;20;1
;;;;;;;;;;;;;;;;;;;;;;;;29;1
;;;;;;;;;;;;;;;;;;;;;;;;21;1
;;;;;;;;;;;;;;;;;;;;;;;;30;1
;;;;;;;;;;;;;;;;;;;;;;;;21;1
;;;;;;;;;;;;;;;;;;;;;;;;25;1
;;;;;;;;;;;;;;;;;;;;;;;;30;1
;;;;;;;;;;;;;;;;;;;;;;;;20;1
;;;;;;;;;;;;;;;;;;;;;;;;25;1
;;;;;;;;;;;;;;;;;;;;;;;;25;1
;;;;;;;;;;;;;;;;;;;;;;;;25;1
;;;;;;;;;;;;;;;;;;;;;;;;25;1
;;;;;;;;;;;;;;;;;;;;;;;;10;1
;;;;;;;;;;;;;;;;;;;;;;;;25;1
;;;;;;;;;;;;;;;;;;;;;;;;25;1
;;;;;;;;;;;;;;;;;;;;;;;;19;1
;;;;;;;;;;;;;;;;;;;;;;;;25;1
;;;;;;;;;;;;;;;;;;;;;;;;25;1
;;;;;;;;;;;;;;;;;;;;;;;;26;1
;;;;;;;;;;;;;;;;;;;;;;;;24;1
;;;;;;;;;;;;;;;;;;;;;;;;18;1
;;;;;;;;;;;;;;;;;;;;;;;;24;1
;;;;;;;;;;;;;;;;;;;;;;;;30;1
;;;;;;;;;;;;;;;;;;;;;;;;7;1
;;;;;;;;;;;;;;;;;;;;;;;;0;0
;;;;;;;;;;;;;;;;;;;;;;;;0;0
;;;;;;;;;;;;;;;;;;;;;;;;0;0
;;;;;;;;;;;;;;;;;;;;;;;;0;0
;;;;;;;;;;;;;;;;;;;;;;;;0;0
;;;;;;;;;;;;;;;;;;;;;;;;0;0
;;;;;;;;;;;;;;;;;;;;;;;;0;0
;;;;;;;;;;;;;;;;;;;;;;;;0;0
;;;;;;;;;;;;;;;;;;;;;;;;0;0
;;;;;;;;;;;;;;;;;;;;;;;;0;0
;;;;;;;;;;;;;;;;;;;;;;;;0;0
;;;;;;;;;;;;;;;;;;;;;;;;0;0
;;;;;;;;;;;;;;;;;;;;;;;;0;0
;;;;;;;;;;;;;;;;;;;;;;;;0;0
;;;;;;;;;;;;;;;;;;;;;;;;0;0
;;;;;;;;;;;;;;;;;;;;;;;;0;0
;;;;;;;;;;;;;;;;;;;;;;;;0;0
;;;;;;;;;;;;;;;;;;;;;;;;0;0
;;;;;;;;;;;;;;;;;;;;;;;;0;0
;;;;;;;;;;;;;;;;;;;;;;;;15;1
;;;;;;;;;;;;;;;;;;;;;;;;27;1
;;;;;;;;;;;;;;;;;;;;;;;;20;1
;;;;;;;;;;;;;;;;;;;;;;;;25;1
;;;;;;;;;;;;;;;;;;;;;;;;24;1
;;;;;;;;;;;;;;;;;;;;;;;;25;1
;;;;;;;;;;;;;;;;;;;;;;;;25;1
;;;;;;;;;;;;;;;;;;;;;;;;20;1
;;;;;;;;;;;;;;;;;;;;;;;;29;1
;;;;;;;;;;;;;;;;;;;;;;;;20;1
;;;;;;;;;;;;;;;;;;;;;;;;25;1
;;;;;;;;;;;;;;;;;;;;;;;;25;1
;;;;;;;;;;;;;;;;;;;;;;;;18;1
;;;;;;;;;;;;;;;;;;;;;;;;30;1
;;;;;;;;;;;;;;;;;;;;;;;;20;1
;;;;;;;;;;;;;;;;;;;;;;;;24;1
;;;;;;;;;;;;;;;;;;;;;;;;25;1
;;;;;;;;;;;;;;;;;;;;;;;;25;1
;;;;;;;;;;;;;;;;;;;;;;;;25;1
;;;;;;;;;;;;;;;;;;;;;;;;20;1
;;;;;;;;;;;;;;;;;;;;;;;;29;1
;;;;;;;;;;;;;;;;;;;;;;;;20;1
;;;;;;;;;;;;;;;;;;;;;;;;25;1
;;;;;;;;;;;;;;;;;;;;;;;;30;1
;;;;;;;;;;;;;;;;;;;;;;;;21;1
;;;;;;;;;;;;;;;;;;;;;;;;29;1
;;;;;;;;;;;;;;;;;;;;;;;;25;1
;;;;;;;;;;;;;;;;;;;;;;;;25;1
;;;;;;;;;;;;;;;;;;;;;;;;30;1
;;;;;;;;;;;;;;;;;;;;;;;;21;1
;;;;;;;;;;;;;;;;;;;;;;;;29;1
;;;;;;;;;;;;;;;;;;;;;;;;24;1
;;;;;;;;;;;;;;;;;;;;;;;;25;1
;;;;;;;;;;;;;;;;;;;;;;;;25;1
;;;;;;;;;;;;;;;;;;;;;;;;22;1
;;;;;;;;;;;;;;;;;;;;;;;;23;1
;;;;;;;;;;;;;;;;;;;;;;;;25;1
;;;;;;;;;;;;;;;;;;;;;;;;25;1
;;;;;;;;;;;;;;;;;;;;;;;;25;1
;;;;;;;;;;;;;;;;;;;;;;;;23;1
;;;;;;;;;;;;;;;;;;;;;;;;22;1
;;;;;;;;;;;;;;;;;;;;;;;;25;1
;;;;;;;;;;;;;;;;;;;;;;;;25;1
;;;;;;;;;;;;;;;;;;;;;;;;25;1
;;;;;;;;;;;;;;;;;;;;;;;;25;1
;;;;;;;;;;;;;;;;;;;;;;;;25;1
;;;;;;;;;;;;;;;;;;;;;;;;20;1
;;;;;;;;;;;;;;;;;;;;;;;;25;1
;;;;;;;;;;;;;;;;;;;;;;;;24;1
;;;;;;;;;;;;;;;;;;;;;;;;25;1
;;;;;;;;;;;;;;;;;;;;;;;;25;1
;;;;;;;;;;;;;;;;;;;;;;;;19;1
;;;;;;;;;;;;;;;;;;;;;;;;24;1
;;;;;;;;;;;;;;;;;;;;;;;;25;1
;;;;;;;;;;;;;;;;;;;;;;;;25;1
;;;;;;;;;;;;;;;;;;;;;;;;24;1
;;;;;;;;;;;;;;;;;;;;;;;;21;1
;;;;;;;;;;;;;;;;;;;;;;;;23;1
;;;;;;;;;;;;;;;;;;;;;;;;30;1
;;;;;;;;;;;;;;;;;;;;;;;;25;1
;;;;;;;;;;;;;;;;;;;;;;;;25;1
;;;;;;;;;;;;;;;;;;;;;;;;26;1
;;;;;;;;;;;;;;;;;;;;;;;;24;1
;;;;;;;;;;;;;;;;;;;;;;;;24;1
;;;;;;;;;;;;;;;;;;;;;;;;25;1
;;;;;;;;;;;;;;;;;;;;;;;;25;1
;;;;;;;;;;;;;;;;;;;;;;;;25;1
;;;;;;;;;;;;;;;;;;;;;;;;20;1
;;;;;;;;;;;;;;;;;;;;;;;;24;1
;;;;;;;;;;;;;;;;;;;;;;;;24;1
;;;;;;;;;;;;;;;;;;;;;;;;25;1
;;;;;;;;;;;;;;;;;;;;;;;;25;1
;;;;;;;;;;;;;;;;;;;;;;;;21;1
;;;;;;;;;;;;;;;;;;;;;;;;26;1
;;;;;;;;;;;;;;;;;;;;;;;;24;1
;;;;;;;;;;;;;;;;;;;;;;;;22;1
;;;;;;;;;;;;;;;;;;;;;;;;28;1
;;;;;;;;;;;;;;;;;;;;;;;;25;1
;;;;;;;;;;;;;;;;;;;;;;;;20;1
;;;;;;;;;;;;;;;;;;;;;;;;25;1
;;;;;;;;;;;;;;;;;;;;;;;;25;1
;;;;;;;;;;;;;;;;;;;;;;;;25;1
;;;;;;;;;;;;;;;;;;;;;;;;25;1
;;;;;;;;;;;;;;;;;;;;;;;;24;1
;;;;;;;;;;;;;;;;;;;;;;;;21;1
;;;;;;;;;;;;;;;;;;;;;;;;24;1
;;;;;;;;;;;;;;;;;;;;;;;;6;1
;;;;;;;;;;;;;;;;;;;;;;;;30;1
;;;;;;;;;;;;;;;;;;;;;;;;25;1
;;;;;;;;;;;;;;;;;;;;;;;;25;1
;;;;;;;;;;;;;;;;;;;;;;;;24;1
;;;;;;;;;;;;;;;;;;;;;;;;26;1
;;;;;;;;;;;;;;;;;;;;;;;;25;1
;;;;;;;;;;;;;;;;;;;;;;;;25;1
;;;;;;;;;;;;;;;;;;;;;;;;24;1
;;;;;;;;;;;;;;;;;;;;;;;;19;1
;;;;;;;;;;;;;;;;;;;;;;;;25;1
;;;;;;;;;;;;;;;;;;;;;;;;25;1
;;;;;;;;;;;;;;;;;;;;;;;;25;1
;;;;;;;;;;;;;;;;;;;;;;;;25;1
;;;;;;;;;;;;;;;;;;;;;;;;20;1
;;;;;;;;;;;;;;;;;;;;;;;;25;1
;;;;;;;;;;;;;;;;;;;;;;;;25;1
;;;;;;;;;;;;;;;;;;;;;;;;25;1
;;;;;;;;;;;;;;;;;;;;;;;;25;1
;;;;;;;;;;;;;;;;;;;;;;;;20;1
;;;;;;;;;;;;;;;;;;;;;;;;25;1
;;;;;;;;;;;;;;;;;;;;;;;;25;1
;;;;;;;;;;;;;;;;;;;;;;;;25;1
;;;;;;;;;;;;;;;;;;;;;;;;24;1
;;;;;;;;;;;;;;;;;;;;;;;;19;1
;;;;;;;;;;;;;;;;;;;;;;;;25;1
;;;;;;;;;;;;;;;;;;;;;;;;25;1
;;;;;;;;;;;;;;;;;;;;;;;;30;1
;;;;;;;;;;;;;;;;;;;;;;;;25;1
;;;;;;;;;;;;;;;;;;;;;;;;25;1
;;;;;;;;;;;;;;;;;;;;;;;;30;1
;;;;;;;;;;;;;;;;;;;;;;;;20;1
;;;;;;;;;;;;;;;;;;;;;;;;27;1
;;;;;;;;;;;;;;;;;;;;;;;;22;1
;;;;;;;;;;;;;;;;;;;;;;;;23;1
;;;;;;;;;;;;;;;;;;;;;;;;25;1
;;;;;;;;;;;;;;;;;;;;;;;;19;1
;;;;;;;;;;;;;;;;;;;;;;;;25;1
;;;;;;;;;;;;;;;;;;;;;;;;25;1
;;;;;;;;;;;;;;;;;;;;;;;;23;1
;;;;;;;;;;;;;;;;;;;;;;;;27;1
;;;;;;;;;;;;;;;;;;;;;;;;20;1
;;;;;;;;;;;;;;;;;;;;;;;;25;1
;;;;;;;;;;;;;;;;;;;;;;;;25;1
;;;;;;;;;;;;;;;;;;;;;;;;23;1
;;;;;;;;;;;;;;;;;;;;;;;;27;1
;;;;;;;;;;;;;;;;;;;;;;;;20;1
;;;;;;;;;;;;;;;;;;;;;;;;25;1
;;;;;;;;;;;;;;;;;;;;;;;;24;1
;;;;;;;;;;;;;;;;;;;;;;;;23;1
;;;;;;;;;;;;;;;;;;;;;;;;26;1
;;;;;;;;;;;;;;;;;;;;;;;;20;1
;;;;;;;;;;;;;;;;;;;;;;;;25;1
;;;;;;;;;;;;;;;;;;;;;;;;25;1
;;;;;;;;;;;;;;;;;;;;;;;;24;1
;;;;;;;;;;;;;;;;;;;;;;;;26;1
;;;;;;;;;;;;;;;;;;;;;;;;20;1
;;;;;;;;;;;;;;;;;;;;;;;;30;1
;;;;;;;;;;;;;;;;;;;;;;;;20;1
;;;;;;;;;;;;;;;;;;;;;;;;24;1
;;;;;;;;;;;;;;;;;;;;;;;;25;1
;;;;;;;;;;;;;;;;;;;;;;;;26;1
;;;;;;;;;;;;;;;;;;;;;;;;20;1
;;;;;;;;;;;;;;;;;;;;;;;;25;1
;;;;;;;;;;;;;;;;;;;;;;;;24;1
;;;;;;;;;;;;;;;;;;;;;;;;21;1
;;;;;;;;;;;;;;;;;;;;;;;;24;1
;;;;;;;;;;;;;;;;;;;;;;;;25;1
;;;;;;;;;;;;;;;;;;;;;;;;25;1
;;;;;;;;;;;;;;;;;;;;;;;;25;1
;;;;;;;;;;;;;;;;;;;;;;;;21;1
;;;;;;;;;;;;;;;;;;;;;;;;29;1
;;;;;;;;;;;;;;;;;;;;;;;;20;1
;;;;;;;;;;;;;;;;;;;;;;;;27;1
;;;;;;;;;;;;;;;;;;;;;;;;24;1
;;;;;;;;;;;;;;;;;;;;;;;;30;1
;;;;;;;;;;;;;;;;;;;;;;;;29;1
;;;;;;;;;;;;;;;;;;;;;;;;30;1
;;;;;;;;;;;;;;;;;;;;;;;;27;1
;;;;;;;;;;;;;;;;;;;;;;;;23;1
;;;;;;;;;;;;;;;;;;;;;;;;25;1
;;;;;;;;;;;;;;;;;;;;;;;;30;1
;;;;;;;;;;;;;;;;;;;;;;;;25;1
;;;;;;;;;;;;;;;;;;;;;;;;20;1
;;;;;;;;;;;;;;;;;;;;;;;;27;1
;;;;;;;;;;;;;;;;;;;;;;;;23;1
;;;;;;;;;;;;;;;;;;;;;;;;30;1
;;;;;;;;;;;;;;;;;;;;;;;;25;1
;;;;;;;;;;;;;;;;;;;;;;;;30;1
;;;;;;;;;;;;;;;;;;;;;;;;24;1
;;;;;;;;;;;;;;;;;;;;;;;;26;1
;;;;;;;;;;;;;;;;;;;;;;;;25;1
;;;;;;;;;;;;;;;;;;;;;;;;25;1
;;;;;;;;;;;;;;;;;;;;;;;;25;1
;;;;;;;;;;;;;;;;;;;;;;;;30;1
;;;;;;;;;;;;;;;;;;;;;;;;24;1
;;;;;;;;;;;;;;;;;;;;;;;;26;1
;;;;;;;;;;;;;;;;;;;;;;;;24;1
;;;;;;;;;;;;;;;;;;;;;;;;20;1
;;;;;;;;;;;;;;;;;;;;;;;;29;1
;;;;;;;;;;;;;;;;;;;;;;;;20;1
;;;;;;;;;;;;;;;;;;;;;;;;25;1
;;;;;;;;;;;;;;;;;;;;;;;;30;1
;;;;;;;;;;;;;;;;;;;;;;;;20;1
;;;;;;;;;;;;;;;;;;;;;;;;25;1
;;;;;;;;;;;;;;;;;;;;;;;;25;1
;;;;;;;;;;;;;;;;;;;;;;;;25;1
;;;;;;;;;;;;;;;;;;;;;;;;20;1
;;;;;;;;;;;;;;;;;;;;;;;;30;1
;;;;;;;;;;;;;;;;;;;;;;;;25;1
;;;;;;;;;;;;;;;;;;;;;;;;23;1
;;;;;;;;;;;;;;;;;;;;;;;;28;1
;;;;;;;;;;;;;;;;;;;;;;;;19;1
;;;;;;;;;;;;;;;;;;;;;;;;28;1
;;;;;;;;;;;;;;;;;;;;;;;;21;1
;;;;;;;;;;;;;;;;;;;;;;;;25;1
;;;;;;;;;;;;;;;;;;;;;;;;25;1
;;;;;;;;;;;;;;;;;;;;;;;;20;1
;;;;;;;;;;;;;;;;;;;;;;;;29;1
;;;;;;;;;;;;;;;;;;;;;;;;23;1
;;;;;;;;;;;;;;;;;;;;;;;;25;1
;;;;;;;;;;;;;;;;;;;;;;;;25;1
;;;;;;;;;;;;;;;;;;;;;;;;30;1
;;;;;;;;;;;;;;;;;;;;;;;;30;1
;;;;;;;;;;;;;;;;;;;;;;;;25;1
;;;;;;;;;;;;;;;;;;;;;;;;25;1
;;;;;;;;;;;;;;;;;;;;;;;;25;1
;;;;;;;;;;;;;;;;;;;;;;;;20;1
;;;;;;;;;;;;;;;;;;;;;;;;30;1
;;;;;;;;;;;;;;;;;;;;;;;;19;1
;;;;;;;;;;;;;;;;;;;;;;;;24;1
;;;;;;;;;;;;;;;;;;;;;;;;25;1
;;;;;;;;;;;;;;;;;;;;;;;;26;1
;;;;;;;;;;;;;;;;;;;;;;;;29;1
;;;;;;;;;;;;;;;;;;;;;;;;20;1
;;;;;;;;;;;;;;;;;;;;;;;;30;1
;;;;;;;;;;;;;;;;;;;;;;;;30;1
;;;;;;;;;;;;;;;;;;;;;;;;30;1
;;;;;;;;;;;;;;;;;;;;;;;;21;1
;;;;;;;;;;;;;;;;;;;;;;;;29;1
;;;;;;;;;;;;;;;;;;;;;;;;30;1
;;;;;;;;;;;;;;;;;;;;;;;;24;1
;;;;;;;;;;;;;;;;;;;;;;;;24;1
;;;;;;;;;;;;;;;;;;;;;;;;29;1
;;;;;;;;;;;;;;;;;;;;;;;;30;1
;;;;;;;;;;;;;;;;;;;;;;;;30;1
;;;;;;;;;;;;;;;;;;;;;;;;30;1
;;;;;;;;;;;;;;;;;;;;;;;;30;1
;;;;;;;;;;;;;;;;;;;;;;;;30;1
;;;;;;;;;;;;;;;;;;;;;;;;30;1
;;;;;;;;;;;;;;;;;;;;;;;;30;1
;;;;;;;;;;;;;;;;;;;;;;;;30;1
;;;;;;;;;;;;;;;;;;;;;;;;30;1
;;;;;;;;;;;;;;;;;;;;;;;;30;1
;;;;;;;;;;;;;;;;;;;;;;;;30;1
;;;;;;;;;;;;;;;;;;;;;;;;25;1
;;;;;;;;;;;;;;;;;;;;;;;;30;1
;;;;;;;;;;;;;;;;;;;;;;;;30;1
;;;;;;;;;;;;;;;;;;;;;;;;30;1
;;;;;;;;;;;;;;;;;;;;;;;;30;1
;;;;;;;;;;;;;;;;;;;;;;;;30;1
;;;;;;;;;;;;;;;;;;;;;;;;25;1
;;;;;;;;;;;;;;;;;;;;;;;;30;1
;;;;;;;;;;;;;;;;;;;;;;;;24;1
;;;;;;;;;;;;;;;;;;;;;;;;26;1
;;;;;;;;;;;;;;;;;;;;;;;;25;1
;;;;;;;;;;;;;;;;;;;;;;;;25;1
;;;;;;;;;;;;;;;;;;;;;;;;30;1
;;;;;;;;;;;;;;;;;;;;;;;;23;1
;;;;;;;;;;;;;;;;;;;;;;;;26;1
;;;;;;;;;;;;;;;;;;;;;;;;25;1
;;;;;;;;;;;;;;;;;;;;;;;;30;1
;;;;;;;;;;;;;;;;;;;;;;;;30;1
;;;;;;;;;;;;;;;;;;;;;;;;30;1
;;;;;;;;;;;;;;;;;;;;;;;;25;1
;;;;;;;;;;;;;;;;;;;;;;;;25;1
;;;;;;;;;;;;;;;;;;;;;;;;25;1
;;;;;;;;;;;;;;;;;;;;;;;;25;1
;;;;;;;;;;;;;;;;;;;;;;;;26;1
;;;;;;;;;;;;;;;;;;;;;;;;26;1
;;;;;;;;;;;;;;;;;;;;;;;;25;1
;;;;;;;;;;;;;;;;;;;;;;;;25;1
;;;;;;;;;;;;;;;;;;;;;;;;25;1
;;;;;;;;;;;;;;;;;;;;;;;;25;1
;;;;;;;;;;;;;;;;;;;;;;;;20;1
;;;;;;;;;;;;;;;;;;;;;;;;30;1
;;;;;;;;;;;;;;;;;;;;;;;;30;1
;;;;;;;;;;;;;;;;;;;;;;;;15;1
;;;;;;;;;;;;;;;;;;;;;;;;0;0
;;;;;;;;;;;;;;;;;;;;;;;;0;0
;;;;;;;;;;;;;;;;;;;;;;;;0;0
;;;;;;;;;;;;;;;;;;;;;;;;0;0
;;;;;;;;;;;;;;;;;;;;;;;;0;0
;;;;;;;;;;;;;;;;;;;;;;;;0;0
;;;;;;;;;;;;;;;;;;;;;;;;19;1
;;;;;;;;;;;;;;;;;;;;;;;;30;1
;;;;;;;;;;;;;;;;;;;;;;;;25;1
;;;;;;;;;;;;;;;;;;;;;;;;30;1
;;;;;;;;;;;;;;;;;;;;;;;;30;1
;;;;;;;;;;;;;;;;;;;;;;;;30;1
;;;;;;;;;;;;;;;;;;;;;;;;25;1
;;;;;;;;;;;;;;;;;;;;;;;;30;1
;;;;;;;;;;;;;;;;;;;;;;;;25;1
;;;;;;;;;;;;;;;;;;;;;;;;30;1
;;;;;;;;;;;;;;;;;;;;;;;;30;1
;;;;;;;;;;;;;;;;;;;;;;;;25;1
;;;;;;;;;;;;;;;;;;;;;;;;20;1
;;;;;;;;;;;;;;;;;;;;;;;;26;1
;;;;;;;;;;;;;;;;;;;;;;;;24;1
;;;;;;;;;;;;;;;;;;;;;;;;25;1
;;;;;;;;;;;;;;;;;;;;;;;;25;1
;;;;;;;;;;;;;;;;;;;;;;;;20;1
;;;;;;;;;;;;;;;;;;;;;;;;25;1
;;;;;;;;;;;;;;;;;;;;;;;;25;1
;;;;;;;;;;;;;;;;;;;;;;;;22;1
;;;;;;;;;;;;;;;;;;;;;;;;28;1
;;;;;;;;;;;;;;;;;;;;;;;;25;1
;;;;;;;;;;;;;;;;;;;;;;;;25;1
;;;;;;;;;;;;;;;;;;;;;;;;30;1
;;;;;;;;;;;;;;;;;;;;;;;;30;1
;;;;;;;;;;;;;;;;;;;;;;;;30;1
;;;;;;;;;;;;;;;;;;;;;;;;30;1
;;;;;;;;;;;;;;;;;;;;;;;;24;1
;;;;;;;;;;;;;;;;;;;;;;;;26;1
;;;;;;;;;;;;;;;;;;;;;;;;30;1
;;;;;;;;;;;;;;;;;;;;;;;;21;1
;;;;;;;;;;;;;;;;;;;;;;;;30;1
;;;;;;;;;;;;;;;;;;;;;;;;30;1
;;;;;;;;;;;;;;;;;;;;;;;;30;1
;;;;;;;;;;;;;;;;;;;;;;;;25;1
;;;;;;;;;;;;;;;;;;;;;;;;30;1
;;;;;;;;;;;;;;;;;;;;;;;;25;1
;;;;;;;;;;;;;;;;;;;;;;;;25;1
;;;;;;;;;;;;;;;;;;;;;;;;28;1
;;;;;;;;;;;;;;;;;;;;;;;;22;1
;;;;;;;;;;;;;;;;;;;;;;;;13;1
;;;;;;;;;;;;;;;;;;;;;;;;0;0
;;;;;;;;;;;;;;;;;;;;;;;;0;0
;;;;;;;;;;;;;;;;;;;;;;;;21;1
;;;;;;;;;;;;;;;;;;;;;;;;26;1
;;;;;;;;;;;;;;;;;;;;;;;;25;1
;;;;;;;;;;;;;;;;;;;;;;;;25;1
;;;;;;;;;;;;;;;;;;;;;;;;25;1
;;;;;;;;;;;;;;;;;;;;;;;;20;1
;;;;;;;;;;;;;;;;;;;;;;;;30;1
;;;;;;;;;;;;;;;;;;;;;;;;20;1
;;;;;;;;;;;;;;;;;;;;;;;;25;1
;;;;;;;;;;;;;;;;;;;;;;;;25;1
;;;;;;;;;;;;;;;;;;;;;;;;20;1
;;;;;;;;;;;;;;;;;;;;;;;;30;1
;;;;;;;;;;;;;;;;;;;;;;;;19;1
;;;;;;;;;;;;;;;;;;;;;;;;26;1
;;;;;;;;;;;;;;;;;;;;;;;;24;1
;;;;;;;;;;;;;;;;;;;;;;;;25;1
;;;;;;;;;;;;;;;;;;;;;;;;25;1
;;;;;;;;;;;;;;;;;;;;;;;;24;1
;;;;;;;;;;;;;;;;;;;;;;;;21;1
;;;;;;;;;;;;;;;;;;;;;;;;24;1
;;;;;;;;;;;;;;;;;;;;;;;;26;1
;;;;;;;;;;;;;;;;;;;;;;;;25;1
;;;;;;;;;;;;;;;;;;;;;;;;30;1
;;;;;;;;;;;;;;;;;;;;;;;;22;1
;;;;;;;;;;;;;;;;;;;;;;;;29;1
;;;;;;;;;;;;;;;;;;;;;;;;20;1
;;;;;;;;;;;;;;;;;;;;;;;;25;1
;;;;;;;;;;;;;;;;;;;;;;;;25;1
;;;;;;;;;;;;;;;;;;;;;;;;25;1
;;;;;;;;;;;;;;;;;;;;;;;;22;1
;;;;;;;;;;;;;;;;;;;;;;;;28;1
;;;;;;;;;;;;;;;;;;;;;;;;20;1
;;;;;;;;;;;;;;;;;;;;;;;;25;1
;;;;;;;;;;;;;;;;;;;;;;;;25;1
;;;;;;;;;;;;;;;;;;;;;;;;25;1
;;;;;;;;;;;;;;;;;;;;;;;;30;1
;;;;;;;;;;;;;;;;;;;;;;;;20;1
;;;;;;;;;;;;;;;;;;;;;;;;27;1
;;;;;;;;;;;;;;;;;;;;;;;;28;1
;;;;;;;;;;;;;;;;;;;;;;;;25;1
;;;;;;;;;;;;;;;;;;;;;;;;25;1
;;;;;;;;;;;;;;;;;;;;;;;;25;1
;;;;;;;;;;;;;;;;;;;;;;;;30;1
;;;;;;;;;;;;;;;;;;;;;;;;20;1
;;;;;;;;;;;;;;;;;;;;;;;;28;1
;;;;;;;;;;;;;;;;;;;;;;;;22;1
;;;;;;;;;;;;;;;;;;;;;;;;25;1
;;;;;;;;;;;;;;;;;;;;;;;;25;1
;;;;;;;;;;;;;;;;;;;;;;;;21;1
;;;;;;;;;;;;;;;;;;;;;;;;28;1
;;;;;;;;;;;;;;;;;;;;;;;;21;1
;;;;;;;;;;;;;;;;;;;;;;;;25;1
;;;;;;;;;;;;;;;;;;;;;;;;25;1
;;;;;;;;;;;;;;;;;;;;;;;;25;1
;;;;;;;;;;;;;;;;;;;;;;;;29;1
;;;;;;;;;;;;;;;;;;;;;;;;21;1
;;;;;;;;;;;;;;;;;;;;;;;;25;1
;;;;;;;;;;;;;;;;;;;;;;;;14;1
;;;;;;;;;;;;;;;;;;;;;;;;0;0
;;;;;;;;;;;;;;;;;;;;;;;;0;0
;;;;;;;;;;;;;;;;;;;;;;;;0;0
;;;;;;;;;;;;;;;;;;;;;;;;0;0
;;;;;;;;;;;;;;;;;;;;;;;;26;1
;;;;;;;;;;;;;;;;;;;;;;;;30;1
;;;;;;;;;;;;;;;;;;;;;;;;30;1
;;;;;;;;;;;;;;;;;;;;;;;;30;1
;;;;;;;;;;;;;;;;;;;;;;;;30;1
;;;;;;;;;;;;;;;;;;;;;;;;24;1
;;;;;;;;;;;;;;;;;;;;;;;;21;1
;;;;;;;;;;;;;;;;;;;;;;;;25;1
;;;;;;;;;;;;;;;;;;;;;;;;30;1
;;;;;;;;;;;;;;;;;;;;;;;;25;1
;;;;;;;;;;;;;;;;;;;;;;;;24;1
;;;;;;;;;;;;;;;;;;;;;;;;25;1
;;;;;;;;;;;;;;;;;;;;;;;;25;1
;;;;;;;;;;;;;;;;;;;;;;;;25;1
;;;;;;;;;;;;;;;;;;;;;;;;30;1
;;;;;;;;;;;;;;;;;;;;;;;;29;1
;;;;;;;;;;;;;;;;;;;;;;;;20;1
;;;;;;;;;;;;;;;;;;;;;;;;25;1
;;;;;;;;;;;;;;;;;;;;;;;;25;1
;;;;;;;;;;;;;;;;;;;;;;;;25;1
;;;;;;;;;;;;;;;;;;;;;;;;25;1
;;;;;;;;;;;;;;;;;;;;;;;;22;1
;;;;;;;;;;;;;;;;;;;;;;;;28;1
;;;;;;;;;;;;;;;;;;;;;;;;20;1
;;;;;;;;;;;;;;;;;;;;;;;;25;1
;;;;;;;;;;;;;;;;;;;;;;;;25;1
;;;;;;;;;;;;;;;;;;;;;;;;25;1
;;;;;;;;;;;;;;;;;;;;;;;;30;1
;;;;;;;;;;;;;;;;;;;;;;;;20;1
;;;;;;;;;;;;;;;;;;;;;;;;27;1
;;;;;;;;;;;;;;;;;;;;;;;;23;1
;;;;;;;;;;;;;;;;;;;;;;;;24;1
;;;;;;;;;;;;;;;;;;;;;;;;25;1
;;;;;;;;;;;;;;;;;;;;;;;;20;1
;;;;;;;;;;;;;;;;;;;;;;;;28;1
;;;;;;;;;;;;;;;;;;;;;;;;27;1
;;;;;;;;;;;;;;;;;;;;;;;;23;1
;;;;;;;;;;;;;;;;;;;;;;;;27;1
;;;;;;;;;;;;;;;;;;;;;;;;25;1
;;;;;;;;;;;;;;;;;;;;;;;;25;1
;;;;;;;;;;;;;;;;;;;;;;;;20;1
;;;;;;;;;;;;;;;;;;;;;;;;28;1
;;;;;;;;;;;;;;;;;;;;;;;;27;1
;;;;;;;;;;;;;;;;;;;;;;;;24;1
;;;;;;;;;;;;;;;;;;;;;;;;27;1
;;;;;;;;;;;;;;;;;;;;;;;;20;1
;;;;;;;;;;;;;;;;;;;;;;;;25;1
;;;;;;;;;;;;;;;;;;;;;;;;25;1
;;;;;;;;;;;;;;;;;;;;;;;;24;1
;;;;;;;;;;;;;;;;;;;;;;;;26;1
;;;;;;;;;;;;;;;;;;;;;;;;20;1
;;;;;;;;;;;;;;;;;;;;;;;;25;1
;;;;;;;;;;;;;;;;;;;;;;;;25;1
;;;;;;;;;;;;;;;;;;;;;;;;24;1
;;;;;;;;;;;;;;;;;;;;;;;;26;1
;;;;;;;;;;;;;;;;;;;;;;;;19;1
;;;;;;;;;;;;;;;;;;;;;;;;25;1
;;;;;;;;;;;;;;;;;;;;;;;;25;1
;;;;;;;;;;;;;;;;;;;;;;;;24;1
;;;;;;;;;;;;;;;;;;;;;;;;25;1
;;;;;;;;;;;;;;;;;;;;;;;;20;1
;;;;;;;;;;;;;;;;;;;;;;;;30;1
;;;;;;;;;;;;;;;;;;;;;;;;25;1
;;;;;;;;;;;;;;;;;;;;;;;;25;1
;;;;;;;;;;;;;;;;;;;;;;;;25;1
;;;;;;;;;;;;;;;;;;;;;;;;20;1
;;;;;;;;;;;;;;;;;;;;;;;;30;1
;;;;;;;;;;;;;;;;;;;;;;;;20;1
;;;;;;;;;;;;;;;;;;;;;;;;26;1
;;;;;;;;;;;;;;;;;;;;;;;;25;1
;;;;;;;;;;;;;;;;;;;;;;;;20;1
;;;;;;;;;;;;;;;;;;;;;;;;29;1
;;;;;;;;;;;;;;;;;;;;;;;;20;1
;;;;;;;;;;;;;;;;;;;;;;;;25;1
;;;;;;;;;;;;;;;;;;;;;;;;25;1
;;;;;;;;;;;;;;;;;;;;;;;;21;1
;;;;;;;;;;;;;;;;;;;;;;;;26;1
;;;;;;;;;;;;;;;;;;;;;;;;20;1
;;;;;;;;;;;;;;;;;;;;;;;;25;1
;;;;;;;;;;;;;;;;;;;;;;;;24;1
;;;;;;;;;;;;;;;;;;;;;;;;21;1
;;;;;;;;;;;;;;;;;;;;;;;;29;1
;;;;;;;;;;;;;;;;;;;;;;;;21;1
;;;;;;;;;;;;;;;;;;;;;;;;30;1
;;;;;;;;;;;;;;;;;;;;;;;;24;1
;;;;;;;;;;;;;;;;;;;;;;;;25;1
;;;;;;;;;;;;;;;;;;;;;;;;25;1
;;;;;;;;;;;;;;;;;;;;;;;;2;1
;;;;;;;;;;;;;;;;;;;;;;;;0;0
;;;;;;;;;;;;;;;;;;;;;;;;0;0
;;;;;;;;;;;;;;;;;;;;;;;;0;0
;;;;;;;;;;;;;;;;;;;;;;;;0;0
;;;;;;;;;;;;;;;;;;;;;;;;0;0
;;;;;;;;;;;;;;;;;;;;;;;;0;0
;;;;;;;;;;;;;;;;;;;;;;;;0;0
;;;;;;;;;;;;;;;;;;;;;;;;0;0
;;;;;;;;;;;;;;;;;;;;;;;;0;0
;;;;;;;;;;;;;;;;;;;;;;;;0;0
;;;;;;;;;;;;;;;;;;;;;;;;0;0
;;;;;;;;;;;;;;;;;;;;;;;;0;0
;;;;;;;;;;;;;;;;;;;;;;;;0;0
;;;;;;;;;;;;;;;;;;;;;;;;0;0
;;;;;;;;;;;;;;;;;;;;;;;;0;0
;;;;;;;;;;;;;;;;;;;;;;;;0;0
;;;;;;;;;;;;;;;;;;;;;;;;0;0
;;;;;;;;;;;;;;;;;;;;;;;;0;0
;;;;;;;;;;;;;;;;;;;;;;;;0;0
;;;;;;;;;;;;;;;;;;;;;;;;0;0
;;;;;;;;;;;;;;;;;;;;;;;;0;0
;;;;;;;;;;;;;;;;;;;;;;;;0;0
;;;;;;;;;;;;;;;;;;;;;;;;0;0
;;;;;;;;;;;;;;;;;;;;;;;;0;0
;;;;;;;;;;;;;;;;;;;;;;;;0;0
;;;;;;;;;;;;;;;;;;;;;;;;0;0
;;;;;;;;;;;;;;;;;;;;;;;;0;0
;;;;;;;;;;;;;;;;;;;;;;;;0;0
;;;;;;;;;;;;;;;;;;;;;;;;0;0
;;;;;;;;;;;;;;;;;;;;;;;;0;0
;;;;;;;;;;;;;;;;;;;;;;;;0;0
;;;;;;;;;;;;;;;;;;;;;;;;0;0
;;;;;;;;;;;;;;;;;;;;;;;;0;0
;;;;;;;;;;;;;;;;;;;;;;;;0;0
;;;;;;;;;;;;;;;;;;;;;;;;19;1
;;;;;;;;;;;;;;;;;;;;;;;;30;1
;;;;;;;;;;;;;;;;;;;;;;;;26;1
;;;;;;;;;;;;;;;;;;;;;;;;20;1
;;;;;;;;;;;;;;;;;;;;;;;;25;1
;;;;;;;;;;;;;;;;;;;;;;;;30;1
;;;;;;;;;;;;;;;;;;;;;;;;23;1
;;;;;;;;;;;;;;;;;;;;;;;;23;1
;;;;;;;;;;;;;;;;;;;;;;;;25;1
;;;;;;;;;;;;;;;;;;;;;;;;30;1
;;;;;;;;;;;;;;;;;;;;;;;;20;1
;;;;;;;;;;;;;;;;;;;;;;;;30;1
;;;;;;;;;;;;;;;;;;;;;;;;25;1
;;;;;;;;;;;;;;;;;;;;;;;;25;1
;;;;;;;;;;;;;;;;;;;;;;;;30;1
;;;;;;;;;;;;;;;;;;;;;;;;20;1
;;;;;;;;;;;;;;;;;;;;;;;;30;1
;;;;;;;;;;;;;;;;;;;;;;;;25;1
;;;;;;;;;;;;;;;;;;;;;;;;23;1
;;;;;;;;;;;;;;;;;;;;;;;;27;1
;;;;;;;;;;;;;;;;;;;;;;;;19;1
;;;;;;;;;;;;;;;;;;;;;;;;26;1
;;;;;;;;;;;;;;;;;;;;;;;;30;1
;;;;;;;;;;;;;;;;;;;;;;;;24;1
;;;;;;;;;;;;;;;;;;;;;;;;26;1
;;;;;;;;;;;;;;;;;;;;;;;;24;1
;;;;;;;;;;;;;;;;;;;;;;;;21;1
;;;;;;;;;;;;;;;;;;;;;;;;30;1
;;;;;;;;;;;;;;;;;;;;;;;;24;1
;;;;;;;;;;;;;;;;;;;;;;;;24;1
;;;;;;;;;;;;;;;;;;;;;;;;23;1
;;;;;;;;;;;;;;;;;;;;;;;;20;1
;;;;;;;;;;;;;;;;;;;;;;;;29;1
;;;;;;;;;;;;;;;;;;;;;;;;20;1
;;;;;;;;;;;;;;;;;;;;;;;;25;1
;;;;;;;;;;;;;;;;;;;;;;;;24;1
;;;;;;;;;;;;;;;;;;;;;;;;24;1
;;;;;;;;;;;;;;;;;;;;;;;;30;1
;;;;;;;;;;;;;;;;;;;;;;;;18;1
;;;;;;;;;;;;;;;;;;;;;;;;22;1
;;;;;;;;;;;;;;;;;;;;;;;;28;1
;;;;;;;;;;;;;;;;;;;;;;;;25;1
;;;;;;;;;;;;;;;;;;;;;;;;24;1
;;;;;;;;;;;;;;;;;;;;;;;;30;1
;;;;;;;;;;;;;;;;;;;;;;;;25;1
;;;;;;;;;;;;;;;;;;;;;;;;26;1
;;;;;;;;;;;;;;;;;;;;;;;;26;1
;;;;;;;;;;;;;;;;;;;;;;;;24;1
;;;;;;;;;;;;;;;;;;;;;;;;24;1
;;;;;;;;;;;;;;;;;;;;;;;;20;1
;;;;;;;;;;;;;;;;;;;;;;;;26;1
;;;;;;;;;;;;;;;;;;;;;;;;24;1
;;;;;;;;;;;;;;;;;;;;;;;;25;1
;;;;;;;;;;;;;;;;;;;;;;;;25;1
;;;;;;;;;;;;;;;;;;;;;;;;20;1
;;;;;;;;;;;;;;;;;;;;;;;;26;1
;;;;;;;;;;;;;;;;;;;;;;;;23;1
;;;;;;;;;;;;;;;;;;;;;;;;23;1
;;;;;;;;;;;;;;;;;;;;;;;;28;1
;;;;;;;;;;;;;;;;;;;;;;;;20;1
;;;;;;;;;;;;;;;;;;;;;;;;30;1
;;;;;;;;;;;;;;;;;;;;;;;;25;1
;;;;;;;;;;;;;;;;;;;;;;;;22;1
;;;;;;;;;;;;;;;;;;;;;;;;23;1
;;;;;;;;;;;;;;;;;;;;;;;;26;1
;;;;;;;;;;;;;;;;;;;;;;;;24;1
;;;;;;;;;;;;;;;;;;;;;;;;21;1
;;;;;;;;;;;;;;;;;;;;;;;;21;1
;;;;;;;;;;;;;;;;;;;;;;;;20;1
;;;;;;;;;;;;;;;;;;;;;;;;25;1
;;;;;;;;;;;;;;;;;;;;;;;;30;1
;;;;;;;;;;;;;;;;;;;;;;;;28;1
;;;;;;;;;;;;;;;;;;;;;;;;21;1
;;;;;;;;;;;;;;;;;;;;;;;;25;1
;;;;;;;;;;;;;;;;;;;;;;;;14;1
;;;;;;;;;;;;;;;;;;;;;;;;0;0
;;;;;;;;;;;;;;;;;;;;;;;;0;0
;;;;;;;;;;;;;;;;;;;;;;;;0;0
;;;;;;;;;;;;;;;;;;;;;;;;0;0
;;;;;;;;;;;;;;;;;;;;;;;;0;0
;;;;;;;;;;;;;;;;;;;;;;;;0;0
;;;;;;;;;;;;;;;;;;;;;;;;0;0
;;;;;;;;;;;;;;;;;;;;;;;;0;0
;;;;;;;;;;;;;;;;;;;;;;;;0;0
;;;;;;;;;;;;;;;;;;;;;;;;0;0
;;;;;;;;;;;;;;;;;;;;;;;;0;0
;;;;;;;;;;;;;;;;;;;;;;;;5;1
;;;;;;;;;;;;;;;;;;;;;;;;25;1
;;;;;;;;;;;;;;;;;;;;;;;;25;1
;;;;;;;;;;;;;;;;;;;;;;;;25;1
;;;;;;;;;;;;;;;;;;;;;;;;25;1
;;;;;;;;;;;;;;;;;;;;;;;;20;1
;;;;;;;;;;;;;;;;;;;;;;;;24;1
;;;;;;;;;;;;;;;;;;;;;;;;30;1
;;;;;;;;;;;;;;;;;;;;;;;;21;1
;;;;;;;;;;;;;;;;;;;;;;;;29;1
;;;;;;;;;;;;;;;;;;;;;;;;25;1
;;;;;;;;;;;;;;;;;;;;;;;;25;1
;;;;;;;;;;;;;;;;;;;;;;;;30;1
;;;;;;;;;;;;;;;;;;;;;;;;21;1
;;;;;;;;;;;;;;;;;;;;;;;;29;1
;;;;;;;;;;;;;;;;;;;;;;;;25;1
;;;;;;;;;;;;;;;;;;;;;;;;25;1
;;;;;;;;;;;;;;;;;;;;;;;;30;1
;;;;;;;;;;;;;;;;;;;;;;;;21;1
;;;;;;;;;;;;;;;;;;;;;;;;29;1
;;;;;;;;;;;;;;;;;;;;;;;;30;1
;;;;;;;;;;;;;;;;;;;;;;;;22;1
;;;;;;;;;;;;;;;;;;;;;;;;24;1
;;;;;;;;;;;;;;;;;;;;;;;;25;1
;;;;;;;;;;;;;;;;;;;;;;;;25;1
;;;;;;;;;;;;;;;;;;;;;;;;30;1
;;;;;;;;;;;;;;;;;;;;;;;;27;1
;;;;;;;;;;;;;;;;;;;;;;;;26;1
;;;;;;;;;;;;;;;;;;;;;;;;30;1
;;;;;;;;;;;;;;;;;;;;;;;;25;1
;;;;;;;;;;;;;;;;;;;;;;;;25;1
;;;;;;;;;;;;;;;;;;;;;;;;27;1
;;;;;;;;;;;;;;;;;;;;;;;;22;1
;;;;;;;;;;;;;;;;;;;;;;;;25;1
;;;;;;;;;;;;;;;;;;;;;;;;25;1
;;;;;;;;;;;;;;;;;;;;;;;;25;1
;;;;;;;;;;;;;;;;;;;;;;;;23;1
;;;;;;;;;;;;;;;;;;;;;;;;25;1
;;;;;;;;;;;;;;;;;;;;;;;;27;1
;;;;;;;;;;;;;;;;;;;;;;;;23;1
;;;;;;;;;;;;;;;;;;;;;;;;25;1
;;;;;;;;;;;;;;;;;;;;;;;;24;1
;;;;;;;;;;;;;;;;;;;;;;;;26;1
;;;;;;;;;;;;;;;;;;;;;;;;26;1
;;;;;;;;;;;;;;;;;;;;;;;;24;1
;;;;;;;;;;;;;;;;;;;;;;;;21;1
;;;;;;;;;;;;;;;;;;;;;;;;24;1
;;;;;;;;;;;;;;;;;;;;;;;;25;1
;;;;;;;;;;;;;;;;;;;;;;;;30;1
;;;;;;;;;;;;;;;;;;;;;;;;26;1
;;;;;;;;;;;;;;;;;;;;;;;;25;1
;;;;;;;;;;;;;;;;;;;;;;;;18;1
;;;;;;;;;;;;;;;;;;;;;;;;25;1
;;;;;;;;;;;;;;;;;;;;;;;;25;1
;;;;;;;;;;;;;;;;;;;;;;;;22;1
;;;;;;;;;;;;;;;;;;;;;;;;22;1
;;;;;;;;;;;;;;;;;;;;;;;;25;1
;;;;;;;;;;;;;;;;;;;;;;;;25;1
;;;;;;;;;;;;;;;;;;;;;;;;25;1
;;;;;;;;;;;;;;;;;;;;;;;;22;1
;;;;;;;;;;;;;;;;;;;;;;;;24;1
;;;;;;;;;;;;;;;;;;;;;;;;25;1
;;;;;;;;;;;;;;;;;;;;;;;;24;1
;;;;;;;;;;;;;;;;;;;;;;;;25;1
;;;;;;;;;;;;;;;;;;;;;;;;29;1
;;;;;;;;;;;;;;;;;;;;;;;;30;1
;;;;;;;;;;;;;;;;;;;;;;;;30;1
;;;;;;;;;;;;;;;;;;;;;;;;30;1
;;;;;;;;;;;;;;;;;;;;;;;;24;1
;;;;;;;;;;;;;;;;;;;;;;;;30;1
;;;;;;;;;;;;;;;;;;;;;;;;29;1
;;;;;;;;;;;;;;;;;;;;;;;;21;1
;;;;;;;;;;;;;;;;;;;;;;;;25;1
;;;;;;;;;;;;;;;;;;;;;;;;25;1
;;;;;;;;;;;;;;;;;;;;;;;;20;1
;;;;;;;;;;;;;;;;;;;;;;;;30;1
;;;;;;;;;;;;;;;;;;;;;;;;20;1
;;;;;;;;;;;;;;;;;;;;;;;;25;1
;;;;;;;;;;;;;;;;;;;;;;;;30;1
;;;;;;;;;;;;;;;;;;;;;;;;25;1
;;;;;;;;;;;;;;;;;;;;;;;;25;1
;;;;;;;;;;;;;;;;;;;;;;;;30;1
;;;;;;;;;;;;;;;;;;;;;;;;30;1
;;;;;;;;;;;;;;;;;;;;;;;;19;1
;;;;;;;;;;;;;;;;;;;;;;;;26;1
;;;;;;;;;;;;;;;;;;;;;;;;24;1
;;;;;;;;;;;;;;;;;;;;;;;;25;1
;;;;;;;;;;;;;;;;;;;;;;;;25;1
;;;;;;;;;;;;;;;;;;;;;;;;20;1
;;;;;;;;;;;;;;;;;;;;;;;;27;1
;;;;;;;;;;;;;;;;;;;;;;;;23;1
;;;;;;;;;;;;;;;;;;;;;;;;24;1
;;;;;;;;;;;;;;;;;;;;;;;;26;1
;;;;;;;;;;;;;;;;;;;;;;;;21;1
;;;;;;;;;;;;;;;;;;;;;;;;30;1
;;;;;;;;;;;;;;;;;;;;;;;;20;1
;;;;;;;;;;;;;;;;;;;;;;;;30;1
;;;;;;;;;;;;;;;;;;;;;;;;25;1
;;;;;;;;;;;;;;;;;;;;;;;;25;1
;;;;;;;;;;;;;;;;;;;;;;;;30;1
;;;;;;;;;;;;;;;;;;;;;;;;19;1
;;;;;;;;;;;;;;;;;;;;;;;;30;1
;;;;;;;;;;;;;;;;;;;;;;;;25;1
;;;;;;;;;;;;;;;;;;;;;;;;26;1
;;;;;;;;;;;;;;;;;;;;;;;;24;1
;;;;;;;;;;;;;;;;;;;;;;;;25;1
;;;;;;;;;;;;;;;;;;;;;;;;25;1
;;;;;;;;;;;;;;;;;;;;;;;;25;1
;;;;;;;;;;;;;;;;;;;;;;;;22;1
;;;;;;;;;;;;;;;;;;;;;;;;28;1
;;;;;;;;;;;;;;;;;;;;;;;;19;1
;;;;;;;;;;;;;;;;;;;;;;;;26;1
;;;;;;;;;;;;;;;;;;;;;;;;24;1
;;;;;;;;;;;;;;;;;;;;;;;;23;1
;;;;;;;;;;;;;;;;;;;;;;;;28;1
;;;;;;;;;;;;;;;;;;;;;;;;20;1
;;;;;;;;;;;;;;;;;;;;;;;;25;1
;;;;;;;;;;;;;;;;;;;;;;;;25;1
;;;;;;;;;;;;;;;;;;;;;;;;25;1
;;;;;;;;;;;;;;;;;;;;;;;;30;1
;;;;;;;;;;;;;;;;;;;;;;;;25;1
;;;;;;;;;;;;;;;;;;;;;;;;24;1
;;;;;;;;;;;;;;;;;;;;;;;;25;1
;;;;;;;;;;;;;;;;;;;;;;;;25;1
;;;;;;;;;;;;;;;;;;;;;;;;25;1
;;;;;;;;;;;;;;;;;;;;;;;;20;1
;;;;;;;;;;;;;;;;;;;;;;;;30;1
;;;;;;;;;;;;;;;;;;;;;;;;25;1
;;;;;;;;;;;;;;;;;;;;;;;;25;1
;;;;;;;;;;;;;;;;;;;;;;;;30;1
;;;;;;;;;;;;;;;;;;;;;;;;20;1
;;;;;;;;;;;;;;;;;;;;;;;;30;1
;;;;;;;;;;;;;;;;;;;;;;;;25;1
;;;;;;;;;;;;;;;;;;;;;;;;26;1
;;;;;;;;;;;;;;;;;;;;;;;;25;1
;;;;;;;;;;;;;;;;;;;;;;;;20;1
;;;;;;;;;;;;;;;;;;;;;;;;29;1
;;;;;;;;;;;;;;;;;;;;;;;;20;1
;;;;;;;;;;;;;;;;;;;;;;;;25;1
;;;;;;;;;;;;;;;;;;;;;;;;20;1
;;;;;;;;;;;;;;;;;;;;;;;;26;1
;;;;;;;;;;;;;;;;;;;;;;;;24;1
;;;;;;;;;;;;;;;;;;;;;;;;24;1
;;;;;;;;;;;;;;;;;;;;;;;;25;1
;;;;;;;;;;;;;;;;;;;;;;;;19;1
;;;;;;;;;;;;;;;;;;;;;;;;23;1
;;;;;;;;;;;;;;;;;;;;;;;;22;1
;;;;;;;;;;;;;;;;;;;;;;;;25;1
;;;;;;;;;;;;;;;;;;;;;;;;25;1
;;;;;;;;;;;;;;;;;;;;;;;;30;1
;;;;;;;;;;;;;;;;;;;;;;;;23;1
;;;;;;;;;;;;;;;;;;;;;;;;27;1
;;;;;;;;;;;;;;;;;;;;;;;;25;1
;;;;;;;;;;;;;;;;;;;;;;;;30;1
;;;;;;;;;;;;;;;;;;;;;;;;20;1
;;;;;;;;;;;;;;;;;;;;;;;;25;1
;;;;;;;;;;;;;;;;;;;;;;;;25;1
;;;;;;;;;;;;;;;;;;;;;;;;24;1
;;;;;;;;;;;;;;;;;;;;;;;;26;1
;;;;;;;;;;;;;;;;;;;;;;;;20;1
;;;;;;;;;;;;;;;;;;;;;;;;25;1
;;;;;;;;;;;;;;;;;;;;;;;;25;1
;;;;;;;;;;;;;;;;;;;;;;;;24;1
;;;;;;;;;;;;;;;;;;;;;;;;26;1
;;;;;;;;;;;;;;;;;;;;;;;;24;1
;;;;;;;;;;;;;;;;;;;;;;;;30;1
;;;;;;;;;;;;;;;;;;;;;;;;20;1
;;;;;;;;;;;;;;;;;;;;;;;;30;1
;;;;;;;;;;;;;;;;;;;;;;;;25;1
;;;;;;;;;;;;;;;;;;;;;;;;25;1
;;;;;;;;;;;;;;;;;;;;;;;;30;1
;;;;;;;;;;;;;;;;;;;;;;;;20;1
;;;;;;;;;;;;;;;;;;;;;;;;30;1
;;;;;;;;;;;;;;;;;;;;;;;;26;1
;;;;;;;;;;;;;;;;;;;;;;;;24;1
;;;;;;;;;;;;;;;;;;;;;;;;24;1
;;;;;;;;;;;;;;;;;;;;;;;;20;1
;;;;;;;;;;;;;;;;;;;;;;;;27;1
;;;;;;;;;;;;;;;;;;;;;;;;23;1
;;;;;;;;;;;;;;;;;;;;;;;;25;1
;;;;;;;;;;;;;;;;;;;;;;;;25;1
;;;;;;;;;;;;;;;;;;;;;;;;20;1
;;;;;;;;;;;;;;;;;;;;;;;;27;1
;;;;;;;;;;;;;;;;;;;;;;;;23;1
;;;;;;;;;;;;;;;;;;;;;;;;22;1
;;;;;;;;;;;;;;;;;;;;;;;;23;1
;;;;;;;;;;;;;;;;;;;;;;;;25;1
;;;;;;;;;;;;;;;;;;;;;;;;25;1
;;;;;;;;;;;;;;;;;;;;;;;;20;1
;;;;;;;;;;;;;;;;;;;;;;;;28;1
;;;;;;;;;;;;;;;;;;;;;;;;22;1
;;;;;;;;;;;;;;;;;;;;;;;;30;1
;;;;;;;;;;;;;;;;;;;;;;;;25;1
;;;;;;;;;;;;;;;;;;;;;;;;25;1
;;;;;;;;;;;;;;;;;;;;;;;;25;1
;;;;;;;;;;;;;;;;;;;;;;;;26;1
;;;;;;;;;;;;;;;;;;;;;;;;25;1
;;;;;;;;;;;;;;;;;;;;;;;;25;1
;;;;;;;;;;;;;;;;;;;;;;;;25;1
;;;;;;;;;;;;;;;;;;;;;;;;25;1
;;;;;;;;;;;;;;;;;;;;;;;;25;1
;;;;;;;;;;;;;;;;;;;;;;;;21;1
;;;;;;;;;;;;;;;;;;;;;;;;23;1
;;;;;;;;;;;;;;;;;;;;;;;;24;1
;;;;;;;;;;;;;;;;;;;;;;;;24;1
;;;;;;;;;;;;;;;;;;;;;;;;25;1
;;;;;;;;;;;;;;;;;;;;;;;;21;1
;;;;;;;;;;;;;;;;;;;;;;;;29;1
;;;;;;;;;;;;;;;;;;;;;;;;20;1
;;;;;;;;;;;;;;;;;;;;;;;;30;1
;;;;;;;;;;;;;;;;;;;;;;;;25;1
;;;;;;;;;;;;;;;;;;;;;;;;24;1
;;;;;;;;;;;;;;;;;;;;;;;;26;1
;;;;;;;;;;;;;;;;;;;;;;;;30;1
;;;;;;;;;;;;;;;;;;;;;;;;30;1
;;;;;;;;;;;;;;;;;;;;;;;;30;1
;;;;;;;;;;;;;;;;;;;;;;;;23;1
;;;;;;;;;;;;;;;;;;;;;;;;27;1
;;;;;;;;;;;;;;;;;;;;;;;;23;1
;;;;;;;;;;;;;;;;;;;;;;;;27;1
;;;;;;;;;;;;;;;;;;;;;;;;25;1
;;;;;;;;;;;;;;;;;;;;;;;;25;1
;;;;;;;;;;;;;;;;;;;;;;;;30;1
;;;;;;;;;;;;;;;;;;;;;;;;22;1
;;;;;;;;;;;;;;;;;;;;;;;;26;1
;;;;;;;;;;;;;;;;;;;;;;;;20;1
;;;;;;;;;;;;;;;;;;;;;;;;25;1
;;;;;;;;;;;;;;;;;;;;;;;;25;1
;;;;;;;;;;;;;;;;;;;;;;;;24;1
;;;;;;;;;;;;;;;;;;;;;;;;25;1
;;;;;;;;;;;;;;;;;;;;;;;;20;1
;;;;;;;;;;;;;;;;;;;;;;;;25;1
;;;;;;;;;;;;;;;;;;;;;;;;25;1
;;;;;;;;;;;;;;;;;;;;;;;;25;1
;;;;;;;;;;;;;;;;;;;;;;;;30;1
;;;;;;;;;;;;;;;;;;;;;;;;20;1
;;;;;;;;;;;;;;;;;;;;;;;;30;1
;;;;;;;;;;;;;;;;;;;;;;;;25;1
;;;;;;;;;;;;;;;;;;;;;;;;25;1
;;;;;;;;;;;;;;;;;;;;;;;;25;1
;;;;;;;;;;;;;;;;;;;;;;;;20;1
;;;;;;;;;;;;;;;;;;;;;;;;30;1
;;;;;;;;;;;;;;;;;;;;;;;;20;1
;;;;;;;;;;;;;;;;;;;;;;;;25;1
;;;;;;;;;;;;;;;;;;;;;;;;24;1
;;;;;;;;;;;;;;;;;;;;;;;;21;1
;;;;;;;;;;;;;;;;;;;;;;;;30;1
;;;;;;;;;;;;;;;;;;;;;;;;19;1
;;;;;;;;;;;;;;;;;;;;;;;;25;1
;;;;;;;;;;;;;;;;;;;;;;;;25;1
;;;;;;;;;;;;;;;;;;;;;;;;25;1
;;;;;;;;;;;;;;;;;;;;;;;;30;1
;;;;;;;;;;;;;;;;;;;;;;;;20;1
;;;;;;;;;;;;;;;;;;;;;;;;26;1
;;;;;;;;;;;;;;;;;;;;;;;;29;1
;;;;;;;;;;;;;;;;;;;;;;;;21;1
;;;;;;;;;;;;;;;;;;;;;;;;24;1
;;;;;;;;;;;;;;;;;;;;;;;;26;1
;;;;;;;;;;;;;;;;;;;;;;;;25;1
;;;;;;;;;;;;;;;;;;;;;;;;20;1
;;;;;;;;;;;;;;;;;;;;;;;;28;1
;;;;;;;;;;;;;;;;;;;;;;;;22;1
;;;;;;;;;;;;;;;;;;;;;;;;30;1
;;;;;;;;;;;;;;;;;;;;;;;;25;1
;;;;;;;;;;;;;;;;;;;;;;;;30;1
;;;;;;;;;;;;;;;;;;;;;;;;24;1
;;;;;;;;;;;;;;;;;;;;;;;;26;1
;;;;;;;;;;;;;;;;;;;;;;;;20;1
;;;;;;;;;;;;;;;;;;;;;;;;25;1
;;;;;;;;;;;;;;;;;;;;;;;;25;1
;;;;;;;;;;;;;;;;;;;;;;;;25;1
;;;;;;;;;;;;;;;;;;;;;;;;25;1
;;;;;;;;;;;;;;;;;;;;;;;;20;1
;;;;;;;;;;;;;;;;;;;;;;;;25;1
;;;;;;;;;;;;;;;;;;;;;;;;25;1
;;;;;;;;;;;;;;;;;;;;;;;;26;1
;;;;;;;;;;;;;;;;;;;;;;;;26;1
;;;;;;;;;;;;;;;;;;;;;;;;21;1
;;;;;;;;;;;;;;;;;;;;;;;;24;1
;;;;;;;;;;;;;;;;;;;;;;;;25;1
;;;;;;;;;;;;;;;;;;;;;;;;25;1
;;;;;;;;;;;;;;;;;;;;;;;;30;1
;;;;;;;;;;;;;;;;;;;;;;;;26;1
;;;;;;;;;;;;;;;;;;;;;;;;29;1
;;;;;;;;;;;;;;;;;;;;;;;;30;1
;;;;;;;;;;;;;;;;;;;;;;;;21;1
;;;;;;;;;;;;;;;;;;;;;;;;24;1
;;;;;;;;;;;;;;;;;;;;;;;;30;1
;;;;;;;;;;;;;;;;;;;;;;;;25;1
;;;;;;;;;;;;;;;;;;;;;;;;27;1
;;;;;;;;;;;;;;;;;;;;;;;;28;1
;;;;;;;;;;;;;;;;;;;;;;;;25;1
;;;;;;;;;;;;;;;;;;;;;;;;25;1
;;;;;;;;;;;;;;;;;;;;;;;;25;1
;;;;;;;;;;;;;;;;;;;;;;;;25;1
;;;;;;;;;;;;;;;;;;;;;;;;22;1
;;;;;;;;;;;;;;;;;;;;;;;;28;1
;;;;;;;;;;;;;;;;;;;;;;;;26;1
;;;;;;;;;;;;;;;;;;;;;;;;20;1
;;;;;;;;;;;;;;;;;;;;;;;;25;1
;;;;;;;;;;;;;;;;;;;;;;;;24;1
;;;;;;;;;;;;;;;;;;;;;;;;25;1
;;;;;;;;;;;;;;;;;;;;;;;;23;1
;;;;;;;;;;;;;;;;;;;;;;;;28;1
;;;;;;;;;;;;;;;;;;;;;;;;20;1
;;;;;;;;;;;;;;;;;;;;;;;;30;1
;;;;;;;;;;;;;;;;;;;;;;;;25;1
;;;;;;;;;;;;;;;;;;;;;;;;23;1
;;;;;;;;;;;;;;;;;;;;;;;;27;1
;;;;;;;;;;;;;;;;;;;;;;;;15;1
;;;;;;;;;;;;;;;;;;;;;;;;25;1
;;;;;;;;;;;;;;;;;;;;;;;;25;1
;;;;;;;;;;;;;;;;;;;;;;;;24;1
;;;;;;;;;;;;;;;;;;;;;;;;25;1
;;;;;;;;;;;;;;;;;;;;;;;;25;1
;;;;;;;;;;;;;;;;;;;;;;;;27;1
;;;;;;;;;;;;;;;;;;;;;;;;26;1
;;;;;;;;;;;;;;;;;;;;;;;;26;1
;;;;;;;;;;;;;;;;;;;;;;;;30;1
;;;;;;;;;;;;;;;;;;;;;;;;24;1
;;;;;;;;;;;;;;;;;;;;;;;;26;1
;;;;;;;;;;;;;;;;;;;;;;;;25;1
;;;;;;;;;;;;;;;;;;;;;;;;25;1
;;;;;;;;;;;;;;;;;;;;;;;;25;1
;;;;;;;;;;;;;;;;;;;;;;;;25;1
;;;;;;;;;;;;;;;;;;;;;;;;24;1
;;;;;;;;;;;;;;;;;;;;;;;;30;1
;;;;;;;;;;;;;;;;;;;;;;;;25;1
;;;;;;;;;;;;;;;;;;;;;;;;26;1
;;;;;;;;;;;;;;;;;;;;;;;;25;1
;;;;;;;;;;;;;;;;;;;;;;;;25;1
;;;;;;;;;;;;;;;;;;;;;;;;25;1
;;;;;;;;;;;;;;;;;;;;;;;;19;1
;;;;;;;;;;;;;;;;;;;;;;;;23;1
;;;;;;;;;;;;;;;;;;;;;;;;28;1
;;;;;;;;;;;;;;;;;;;;;;;;18;1
;;;;;;;;;;;;;;;;;;;;;;;;25;1
;;;;;;;;;;;;;;;;;;;;;;;;24;1
;;;;;;;;;;;;;;;;;;;;;;;;25;1
;;;;;;;;;;;;;;;;;;;;;;;;30;1
;;;;;;;;;;;;;;;;;;;;;;;;20;1
;;;;;;;;;;;;;;;;;;;;;;;;30;1
;;;;;;;;;;;;;;;;;;;;;;;;25;1
;;;;;;;;;;;;;;;;;;;;;;;;25;1
;;;;;;;;;;;;;;;;;;;;;;;;30;1
;;;;;;;;;;;;;;;;;;;;;;;;20;1
;;;;;;;;;;;;;;;;;;;;;;;;30;1
;;;;;;;;;;;;;;;;;;;;;;;;25;1
;;;;;;;;;;;;;;;;;;;;;;;;25;1
;;;;;;;;;;;;;;;;;;;;;;;;30;1
;;;;;;;;;;;;;;;;;;;;;;;;25;1
;;;;;;;;;;;;;;;;;;;;;;;;30;1
;;;;;;;;;;;;;;;;;;;;;;;;20;1
;;;;;;;;;;;;;;;;;;;;;;;;25;1
;;;;;;;;;;;;;;;;;;;;;;;;26;1
;;;;;;;;;;;;;;;;;;;;;;;;25;1
;;;;;;;;;;;;;;;;;;;;;;;;24;1
;;;;;;;;;;;;;;;;;;;;;;;;19;1
;;;;;;;;;;;;;;;;;;;;;;;;26;1
;;;;;;;;;;;;;;;;;;;;;;;;24;1
;;;;;;;;;;;;;;;;;;;;;;;;25;1
;;;;;;;;;;;;;;;;;;;;;;;;25;1
;;;;;;;;;;;;;;;;;;;;;;;;19;1
;;;;;;;;;;;;;;;;;;;;;;;;26;1
;;;;;;;;;;;;;;;;;;;;;;;;24;1
;;;;;;;;;;;;;;;;;;;;;;;;25;1
;;;;;;;;;;;;;;;;;;;;;;;;25;1
;;;;;;;;;;;;;;;;;;;;;;;;25;1
;;;;;;;;;;;;;;;;;;;;;;;;23;1
;;;;;;;;;;;;;;;;;;;;;;;;23;1
;;;;;;;;;;;;;;;;;;;;;;;;25;1
;;;;;;;;;;;;;;;;;;;;;;;;25;1
;;;;;;;;;;;;;;;;;;;;;;;;25;1
;;;;;;;;;;;;;;;;;;;;;;;;25;1
;;;;;;;;;;;;;;;;;;;;;;;;25;1
;;;;;;;;;;;;;;;;;;;;;;;;24;1
;;;;;;;;;;;;;;;;;;;;;;;;21;1
;;;;;;;;;;;;;;;;;;;;;;;;25;1
;;;;;;;;;;;;;;;;;;;;;;;;26;1
;;;;;;;;;;;;;;;;;;;;;;;;25;1
;;;;;;;;;;;;;;;;;;;;;;;;24;1
;;;;;;;;;;;;;;;;;;;;;;;;20;1
;;;;;;;;;;;;;;;;;;;;;;;;25;1
;;;;;;;;;;;;;;;;;;;;;;;;24;1
;;;;;;;;;;;;;;;;;;;;;;;;24;1
;;;;;;;;;;;;;;;;;;;;;;;;25;1
;;;;;;;;;;;;;;;;;;;;;;;;30;1
;;;;;;;;;;;;;;;;;;;;;;;;21;1
;;;;;;;;;;;;;;;;;;;;;;;;29;1
;;;;;;;;;;;;;;;;;;;;;;;;24;1
;;;;;;;;;;;;;;;;;;;;;;;;25;1
;;;;;;;;;;;;;;;;;;;;;;;;30;1
;;;;;;;;;;;;;;;;;;;;;;;;22;1
;;;;;;;;;;;;;;;;;;;;;;;;25;1
;;;;;;;;;;;;;;;;;;;;;;;;19;1
;;;;;;;;;;;;;;;;;;;;;;;;26;1
;;;;;;;;;;;;;;;;;;;;;;;;25;1
;;;;;;;;;;;;;;;;;;;;;;;;21;1
;;;;;;;;;;;;;;;;;;;;;;;;28;1
;;;;;;;;;;;;;;;;;;;;;;;;30;1
;;;;;;;;;;;;;;;;;;;;;;;;25;1
;;;;;;;;;;;;;;;;;;;;;;;;22;1
;;;;;;;;;;;;;;;;;;;;;;;;23;1
;;;;;;;;;;;;;;;;;;;;;;;;25;1
;;;;;;;;;;;;;;;;;;;;;;;;19;1
;;;;;;;;;;;;;;;;;;;;;;;;25;1
;;;;;;;;;;;;;;;;;;;;;;;;30;1
;;;;;;;;;;;;;;;;;;;;;;;;22;1
;;;;;;;;;;;;;;;;;;;;;;;;27;1
;;;;;;;;;;;;;;;;;;;;;;;;18;1
;;;;;;;;;;;;;;;;;;;;;;;;20;1
;;;;;;;;;;;;;;;;;;;;;;;;22;1
;;;;;;;;;;;;;;;;;;;;;;;;21;1
;;;;;;;;;;;;;;;;;;;;;;;;15;1
;;;;;;;;;;;;;;;;;;;;;;;;20;1
;;;;;;;;;;;;;;;;;;;;;;;;22;1
;;;;;;;;;;;;;;;;;;;;;;;;30;1
;;;;;;;;;;;;;;;;;;;;;;;;25;1
;;;;;;;;;;;;;;;;;;;;;;;;26;1
;;;;;;;;;;;;;;;;;;;;;;;;24;1
;;;;;;;;;;;;;;;;;;;;;;;;20;1
;;;;;;;;;;;;;;;;;;;;;;;;30;1
;;;;;;;;;;;;;;;;;;;;;;;;20;1
;;;;;;;;;;;;;;;;;;;;;;;;25;1
;;;;;;;;;;;;;;;;;;;;;;;;25;1
;;;;;;;;;;;;;;;;;;;;;;;;30;1
;;;;;;;;;;;;;;;;;;;;;;;;20;1
;;;;;;;;;;;;;;;;;;;;;;;;25;1
;;;;;;;;;;;;;;;;;;;;;;;;30;1
;;;;;;;;;;;;;;;;;;;;;;;;29;1
;;;;;;;;;;;;;;;;;;;;;;;;25;1
;;;;;;;;;;;;;;;;;;;;;;;;30;1
;;;;;;;;;;;;;;;;;;;;;;;;20;1
;;;;;;;;;;;;;;;;;;;;;;;;24;1
;;;;;;;;;;;;;;;;;;;;;;;;25;1
;;;;;;;;;;;;;;;;;;;;;;;;25;1
;;;;;;;;;;;;;;;;;;;;;;;;20;1
;;;;;;;;;;;;;;;;;;;;;;;;30;1
;;;;;;;;;;;;;;;;;;;;;;;;16;1
;;;;;;;;;;;;;;;;;;;;;;;;0;0
;;;;;;;;;;;;;;;;;;;;;;;;4;1
;;;;;;;;;;;;;;;;;;;;;;;;25;1
;;;;;;;;;;;;;;;;;;;;;;;;25;1
;;;;;;;;;;;;;;;;;;;;;;;;21;1
;;;;;;;;;;;;;;;;;;;;;;;;24;1
;;;;;;;;;;;;;;;;;;;;;;;;25;1
;;;;;;;;;;;;;;;;;;;;;;;;25;1
;;;;;;;;;;;;;;;;;;;;;;;;25;1
;;;;;;;;;;;;;;;;;;;;;;;;22;1
;;;;;;;;;;;;;;;;;;;;;;;;23;1
;;;;;;;;;;;;;;;;;;;;;;;;25;1
;;;;;;;;;;;;;;;;;;;;;;;;14;1
;;;;;;;;;;;;;;;;;;;;;;;;16;1
;;;;;;;;;;;;;;;;;;;;;;;;25;1
;;;;;;;;;;;;;;;;;;;;;;;;25;1
;;;;;;;;;;;;;;;;;;;;;;;;20;1
;;;;;;;;;;;;;;;;;;;;;;;;15;1
;;;;;;;;;;;;;;;;;;;;;;;;13;1
;;;;;;;;;;;;;;;;;;;;;;;;22;1
;;;;;;;;;;;;;;;;;;;;;;;;15;1
;;;;;;;;;;;;;;;;;;;;;;;;25;1
;;;;;;;;;;;;;;;;;;;;;;;;25;1
;;;;;;;;;;;;;;;;;;;;;;;;20;1
;;;;;;;;;;;;;;;;;;;;;;;;26;1
;;;;;;;;;;;;;;;;;;;;;;;;24;1
;;;;;;;;;;;;;;;;;;;;;;;;24;1
;;;;;;;;;;;;;;;;;;;;;;;;25;1
;;;;;;;;;;;;;;;;;;;;;;;;22;1
;;;;;;;;;;;;;;;;;;;;;;;;26;1
;;;;;;;;;;;;;;;;;;;;;;;;22;1
;;;;;;;;;;;;;;;;;;;;;;;;25;1
;;;;;;;;;;;;;;;;;;;;;;;;25;1
;;;;;;;;;;;;;;;;;;;;;;;;20;1
;;;;;;;;;;;;;;;;;;;;;;;;27;1
;;;;;;;;;;;;;;;;;;;;;;;;23;1
;;;;;;;;;;;;;;;;;;;;;;;;22;1
;;;;;;;;;;;;;;;;;;;;;;;;27;1
;;;;;;;;;;;;;;;;;;;;;;;;24;1
;;;;;;;;;;;;;;;;;;;;;;;;25;1
;;;;;;;;;;;;;;;;;;;;;;;;22;1
;;;;;;;;;;;;;;;;;;;;;;;;23;1
;;;;;;;;;;;;;;;;;;;;;;;;21;1
;;;;;;;;;;;;;;;;;;;;;;;;25;1
;;;;;;;;;;;;;;;;;;;;;;;;25;1
;;;;;;;;;;;;;;;;;;;;;;;;26;1
;;;;;;;;;;;;;;;;;;;;;;;;25;1
;;;;;;;;;;;;;;;;;;;;;;;;24;1
;;;;;;;;;;;;;;;;;;;;;;;;25;1
;;;;;;;;;;;;;;;;;;;;;;;;30;1
;;;;;;;;;;;;;;;;;;;;;;;;25;1
;;;;;;;;;;;;;;;;;;;;;;;;24;1
;;;;;;;;;;;;;;;;;;;;;;;;18;1
;;;;;;;;;;;;;;;;;;;;;;;;29;1
;;;;;;;;;;;;;;;;;;;;;;;;22;1
;;;;;;;;;;;;;;;;;;;;;;;;26;1
;;;;;;;;;;;;;;;;;;;;;;;;26;1
;;;;;;;;;;;;;;;;;;;;;;;;25;1
;;;;;;;;;;;;;;;;;;;;;;;;29;1
;;;;;;;;;;;;;;;;;;;;;;;;21;1
;;;;;;;;;;;;;;;;;;;;;;;;30;1
;;;;;;;;;;;;;;;;;;;;;;;;25;1
;;;;;;;;;;;;;;;;;;;;;;;;25;1
;;;;;;;;;;;;;;;;;;;;;;;;30;1
;;;;;;;;;;;;;;;;;;;;;;;;21;1
;;;;;;;;;;;;;;;;;;;;;;;;30;1
;;;;;;;;;;;;;;;;;;;;;;;;25;1
;;;;;;;;;;;;;;;;;;;;;;;;25;1
;;;;;;;;;;;;;;;;;;;;;;;;24;1
;;;;;;;;;;;;;;;;;;;;;;;;25;1
;;;;;;;;;;;;;;;;;;;;;;;;25;1
;;;;;;;;;;;;;;;;;;;;;;;;26;1
;;;;;;;;;;;;;;;;;;;;;;;;20;1
;;;;;;;;;;;;;;;;;;;;;;;;25;1
;;;;;;;;;;;;;;;;;;;;;;;;25;1
;;;;;;;;;;;;;;;;;;;;;;;;25;1
;;;;;;;;;;;;;;;;;;;;;;;;20;1
;;;;;;;;;;;;;;;;;;;;;;;;25;1
;;;;;;;;;;;;;;;;;;;;;;;;25;1
;;;;;;;;;;;;;;;;;;;;;;;;25;1
;;;;;;;;;;;;;;;;;;;;;;;;25;1
;;;;;;;;;;;;;;;;;;;;;;;;21;1
;;;;;;;;;;;;;;;;;;;;;;;;25;1
;;;;;;;;;;;;;;;;;;;;;;;;25;1
;;;;;;;;;;;;;;;;;;;;;;;;25;1
;;;;;;;;;;;;;;;;;;;;;;;;20;1
;;;;;;;;;;;;;;;;;;;;;;;;25;1
;;;;;;;;;;;;;;;;;;;;;;;;25;1
;;;;;;;;;;;;;;;;;;;;;;;;19;1
;;;;;;;;;;;;;;;;;;;;;;;;25;1
;;;;;;;;;;;;;;;;;;;;;;;;25;1
;;;;;;;;;;;;;;;;;;;;;;;;24;1
;;;;;;;;;;;;;;;;;;;;;;;;22;1
;;;;;;;;;;;;;;;;;;;;;;;;23;1
;;;;;;;;;;;;;;;;;;;;;;;;25;1
;;;;;;;;;;;;;;;;;;;;;;;;25;1
;;;;;;;;;;;;;;;;;;;;;;;;25;1
;;;;;;;;;;;;;;;;;;;;;;;;22;1
;;;;;;;;;;;;;;;;;;;;;;;;23;1
;;;;;;;;;;;;;;;;;;;;;;;;25;1
;;;;;;;;;;;;;;;;;;;;;;;;25;1
;;;;;;;;;;;;;;;;;;;;;;;;25;1
;;;;;;;;;;;;;;;;;;;;;;;;22;1
;;;;;;;;;;;;;;;;;;;;;;;;21;1
;;;;;;;;;;;;;;;;;;;;;;;;24;1
;;;;;;;;;;;;;;;;;;;;;;;;24;1
;;;;;;;;;;;;;;;;;;;;;;;;25;1
;;;;;;;;;;;;;;;;;;;;;;;;24;1
;;;;;;;;;;;;;;;;;;;;;;;;20;1
;;;;;;;;;;;;;;;;;;;;;;;;25;1
;;;;;;;;;;;;;;;;;;;;;;;;25;1
;;;;;;;;;;;;;;;;;;;;;;;;20;1
;;;;;;;;;;;;;;;;;;;;;;;;30;1
;;;;;;;;;;;;;;;;;;;;;;;;25;1
;;;;;;;;;;;;;;;;;;;;;;;;25;1
;;;;;;;;;;;;;;;;;;;;;;;;30;1
;;;;;;;;;;;;;;;;;;;;;;;;21;1
;;;;;;;;;;;;;;;;;;;;;;;;30;1
;;;;;;;;;;;;;;;;;;;;;;;;24;1
;;;;;;;;;;;;;;;;;;;;;;;;25;1
;;;;;;;;;;;;;;;;;;;;;;;;25;1
;;;;;;;;;;;;;;;;;;;;;;;;26;1
;;;;;;;;;;;;;;;;;;;;;;;;30;1
;;;;;;;;;;;;;;;;;;;;;;;;20;1
;;;;;;;;;;;;;;;;;;;;;;;;30;1
;;;;;;;;;;;;;;;;;;;;;;;;25;1
;;;;;;;;;;;;;;;;;;;;;;;;26;1
;;;;;;;;;;;;;;;;;;;;;;;;24;1
;;;;;;;;;;;;;;;;;;;;;;;;21;1
;;;;;;;;;;;;;;;;;;;;;;;;22;1
;;;;;;;;;;;;;;;;;;;;;;;;25;1
;;;;;;;;;;;;;;;;;;;;;;;;25;1
;;;;;;;;;;;;;;;;;;;;;;;;25;1
;;;;;;;;;;;;;;;;;;;;;;;;22;1
;;;;;;;;;;;;;;;;;;;;;;;;23;1
;;;;;;;;;;;;;;;;;;;;;;;;25;1
;;;;;;;;;;;;;;;;;;;;;;;;25;1
;;;;;;;;;;;;;;;;;;;;;;;;25;1
;;;;;;;;;;;;;;;;;;;;;;;;23;1
;;;;;;;;;;;;;;;;;;;;;;;;28;1
;;;;;;;;;;;;;;;;;;;;;;;;24;1
;;;;;;;;;;;;;;;;;;;;;;;;25;1
;;;;;;;;;;;;;;;;;;;;;;;;25;1
;;;;;;;;;;;;;;;;;;;;;;;;25;1
;;;;;;;;;;;;;;;;;;;;;;;;26;1
;;;;;;;;;;;;;;;;;;;;;;;;20;1
;;;;;;;;;;;;;;;;;;;;;;;;25;1
;;;;;;;;;;;;;;;;;;;;;;;;25;1
;;;;;;;;;;;;;;;;;;;;;;;;24;1
;;;;;;;;;;;;;;;;;;;;;;;;25;1
;;;;;;;;;;;;;;;;;;;;;;;;20;1
;;;;;;;;;;;;;;;;;;;;;;;;25;1
;;;;;;;;;;;;;;;;;;;;;;;;25;1
;;;;;;;;;;;;;;;;;;;;;;;;25;1
;;;;;;;;;;;;;;;;;;;;;;;;25;1
;;;;;;;;;;;;;;;;;;;;;;;;21;1
;;;;;;;;;;;;;;;;;;;;;;;;25;1
;;;;;;;;;;;;;;;;;;;;;;;;24;1
;;;;;;;;;;;;;;;;;;;;;;;;24;1
;;;;;;;;;;;;;;;;;;;;;;;;20;1
;;;;;;;;;;;;;;;;;;;;;;;;25;1
;;;;;;;;;;;;;;;;;;;;;;;;25;1
;;;;;;;;;;;;;;;;;;;;;;;;25;1
;;;;;;;;;;;;;;;;;;;;;;;;30;1
;;;;;;;;;;;;;;;;;;;;;;;;20;1
;;;;;;;;;;;;;;;;;;;;;;;;30;1
;;;;;;;;;;;;;;;;;;;;;;;;25;1
;;;;;;;;;;;;;;;;;;;;;;;;25;1
;;;;;;;;;;;;;;;;;;;;;;;;30;1
;;;;;;;;;;;;;;;;;;;;;;;;20;1
;;;;;;;;;;;;;;;;;;;;;;;;30;1
;;;;;;;;;;;;;;;;;;;;;;;;25;1
;;;;;;;;;;;;;;;;;;;;;;;;23;1
;;;;;;;;;;;;;;;;;;;;;;;;27;1
;;;;;;;;;;;;;;;;;;;;;;;;25;1
;;;;;;;;;;;;;;;;;;;;;;;;25;1
;;;;;;;;;;;;;;;;;;;;;;;;25;1
;;;;;;;;;;;;;;;;;;;;;;;;23;1
;;;;;;;;;;;;;;;;;;;;;;;;27;1
;;;;;;;;;;;;;;;;;;;;;;;;25;1
;;;;;;;;;;;;;;;;;;;;;;;;25;1
;;;;;;;;;;;;;;;;;;;;;;;;23;1
;;;;;;;;;;;;;;;;;;;;;;;;25;1
;;;;;;;;;;;;;;;;;;;;;;;;25;1
;;;;;;;;;;;;;;;;;;;;;;;;25;1
;;;;;;;;;;;;;;;;;;;;;;;;25;1
;;;;;;;;;;;;;;;;;;;;;;;;21;1
;;;;;;;;;;;;;;;;;;;;;;;;29;1
;;;;;;;;;;;;;;;;;;;;;;;;21;1
;;;;;;;;;;;;;;;;;;;;;;;;30;1
;;;;;;;;;;;;;;;;;;;;;;;;25;1
;;;;;;;;;;;;;;;;;;;;;;;;25;1
;;;;;;;;;;;;;;;;;;;;;;;;30;1
;;;;;;;;;;;;;;;;;;;;;;;;20;1
;;;;;;;;;;;;;;;;;;;;;;;;30;1
;;;;;;;;;;;;;;;;;;;;;;;;25;1
;;;;;;;;;;;;;;;;;;;;;;;;25;1
;;;;;;;;;;;;;;;;;;;;;;;;30;1
;;;;;;;;;;;;;;;;;;;;;;;;20;1
;;;;;;;;;;;;;;;;;;;;;;;;27;1
;;;;;;;;;;;;;;;;;;;;;;;;21;1
;;;;;;;;;;;;;;;;;;;;;;;;25;1
;;;;;;;;;;;;;;;;;;;;;;;;25;1
;;;;;;;;;;;;;;;;;;;;;;;;25;1
;;;;;;;;;;;;;;;;;;;;;;;;25;1
;;;;;;;;;;;;;;;;;;;;;;;;25;1
;;;;;;;;;;;;;;;;;;;;;;;;21;1
;;;;;;;;;;;;;;;;;;;;;;;;28;1
;;;;;;;;;;;;;;;;;;;;;;;;19;1
;;;;;;;;;;;;;;;;;;;;;;;;30;1
;;;;;;;;;;;;;;;;;;;;;;;;25;1
;;;;;;;;;;;;;;;;;;;;;;;;25;1
;;;;;;;;;;;;;;;;;;;;;;;;25;1
;;;;;;;;;;;;;;;;;;;;;;;;25;1
;;;;;;;;;;;;;;;;;;;;;;;;25;1
;;;;;;;;;;;;;;;;;;;;;;;;25;1
;;;;;;;;;;;;;;;;;;;;;;;;25;1
;;;;;;;;;;;;;;;;;;;;;;;;20;1
;;;;;;;;;;;;;;;;;;;;;;;;30;1
;;;;;;;;;;;;;;;;;;;;;;;;25;1
;;;;;;;;;;;;;;;;;;;;;;;;20;1
;;;;;;;;;;;;;;;;;;;;;;;;25;1
;;;;;;;;;;;;;;;;;;;;;;;;25;1
;;;;;;;;;;;;;;;;;;;;;;;;25;1
;;;;;;;;;;;;;;;;;;;;;;;;25;1
;;;;;;;;;;;;;;;;;;;;;;;;19;1
;;;;;;;;;;;;;;;;;;;;;;;;25;1
;;;;;;;;;;;;;;;;;;;;;;;;25;1
;;;;;;;;;;;;;;;;;;;;;;;;26;1
;;;;;;;;;;;;;;;;;;;;;;;;25;1
;;;;;;;;;;;;;;;;;;;;;;;;21;1
;;;;;;;;;;;;;;;;;;;;;;;;29;1
;;;;;;;;;;;;;;;;;;;;;;;;25;1
;;;;;;;;;;;;;;;;;;;;;;;;25;1
;;;;;;;;;;;;;;;;;;;;;;;;20;1
;;;;;;;;;;;;;;;;;;;;;;;;26;1
;;;;;;;;;;;;;;;;;;;;;;;;24;1
;;;;;;;;;;;;;;;;;;;;;;;;25;1
;;;;;;;;;;;;;;;;;;;;;;;;25;1
;;;;;;;;;;;;;;;;;;;;;;;;21;1
;;;;;;;;;;;;;;;;;;;;;;;;26;1
;;;;;;;;;;;;;;;;;;;;;;;;23;1
;;;;;;;;;;;;;;;;;;;;;;;;25;1
;;;;;;;;;;;;;;;;;;;;;;;;25;1
;;;;;;;;;;;;;;;;;;;;;;;;20;1
;;;;;;;;;;;;;;;;;;;;;;;;27;1
;;;;;;;;;;;;;;;;;;;;;;;;22;1
;;;;;;;;;;;;;;;;;;;;;;;;25;1
;;;;;;;;;;;;;;;;;;;;;;;;26;1
;;;;;;;;;;;;;;;;;;;;;;;;21;1
;;;;;;;;;;;;;;;;;;;;;;;;29;1
;;;;;;;;;;;;;;;;;;;;;;;;26;1
;;;;;;;;;;;;;;;;;;;;;;;;29;1
;;;;;;;;;;;;;;;;;;;;;;;;21;1
;;;;;;;;;;;;;;;;;;;;;;;;23;1
;;;;;;;;;;;;;;;;;;;;;;;;25;1
;;;;;;;;;;;;;;;;;;;;;;;;22;1
;;;;;;;;;;;;;;;;;;;;;;;;23;1
;;;;;;;;;;;;;;;;;;;;;;;;25;1
;;;;;;;;;;;;;;;;;;;;;;;;24;1
;;;;;;;;;;;;;;;;;;;;;;;;20;1
;;;;;;;;;;;;;;;;;;;;;;;;25;1
;;;;;;;;;;;;;;;;;;;;;;;;25;1
;;;;;;;;;;;;;;;;;;;;;;;;25;1
;;;;;;;;;;;;;;;;;;;;;;;;25;1
;;;;;;;;;;;;;;;;;;;;;;;;20;1
;;;;;;;;;;;;;;;;;;;;;;;;25;1
;;;;;;;;;;;;;;;;;;;;;;;;25;1
;;;;;;;;;;;;;;;;;;;;;;;;25;1
;;;;;;;;;;;;;;;;;;;;;;;;25;1
;;;;;;;;;;;;;;;;;;;;;;;;25;1
;;;;;;;;;;;;;;;;;;;;;;;;26;1
;;;;;;;;;;;;;;;;;;;;;;;;24;1
;;;;;;;;;;;;;;;;;;;;;;;;26;1
;;;;;;;;;;;;;;;;;;;;;;;;28;1
;;;;;;;;;;;;;;;;;;;;;;;;20;1
;;;;;;;;;;;;;;;;;;;;;;;;25;1
;;;;;;;;;;;;;;;;;;;;;;;;25;1
;;;;;;;;;;;;;;;;;;;;;;;;21;1
;;;;;;;;;;;;;;;;;;;;;;;;29;1
;;;;;;;;;;;;;;;;;;;;;;;;20;1
;;;;;;;;;;;;;;;;;;;;;;;;25;1
;;;;;;;;;;;;;;;;;;;;;;;;25;1
;;;;;;;;;;;;;;;;;;;;;;;;22;1
;;;;;;;;;;;;;;;;;;;;;;;;28;1
;;;;;;;;;;;;;;;;;;;;;;;;20;1
;;;;;;;;;;;;;;;;;;;;;;;;25;1
;;;;;;;;;;;;;;;;;;;;;;;;26;1
;;;;;;;;;;;;;;;;;;;;;;;;22;1
;;;;;;;;;;;;;;;;;;;;;;;;28;1
;;;;;;;;;;;;;;;;;;;;;;;;20;1
;;;;;;;;;;;;;;;;;;;;;;;;25;1
;;;;;;;;;;;;;;;;;;;;;;;;25;1
;;;;;;;;;;;;;;;;;;;;;;;;22;1
;;;;;;;;;;;;;;;;;;;;;;;;28;1
;;;;;;;;;;;;;;;;;;;;;;;;20;1
;;;;;;;;;;;;;;;;;;;;;;;;30;1
;;;;;;;;;;;;;;;;;;;;;;;;26;1
;;;;;;;;;;;;;;;;;;;;;;;;25;1
;;;;;;;;;;;;;;;;;;;;;;;;30;1
;;;;;;;;;;;;;;;;;;;;;;;;21;1
;;;;;;;;;;;;;;;;;;;;;;;;30;1
;;;;;;;;;;;;;;;;;;;;;;;;25;1
;;;;;;;;;;;;;;;;;;;;;;;;25;1
;;;;;;;;;;;;;;;;;;;;;;;;25;1
;;;;;;;;;;;;;;;;;;;;;;;;20;1
;;;;;;;;;;;;;;;;;;;;;;;;28;1
;;;;;;;;;;;;;;;;;;;;;;;;22;1
;;;;;;;;;;;;;;;;;;;;;;;;25;1
;;;;;;;;;;;;;;;;;;;;;;;;25;1
;;;;;;;;;;;;;;;;;;;;;;;;20;1
;;;;;;;;;;;;;;;;;;;;;;;;25;1
;;;;;;;;;;;;;;;;;;;;;;;;20;1
;;;;;;;;;;;;;;;;;;;;;;;;29;1
;;;;;;;;;;;;;;;;;;;;;;;;22;1
;;;;;;;;;;;;;;;;;;;;;;;;25;1
;;;;;;;;;;;;;;;;;;;;;;;;24;1
;;;;;;;;;;;;;;;;;;;;;;;;20;1
;;;;;;;;;;;;;;;;;;;;;;;;29;1
;;;;;;;;;;;;;;;;;;;;;;;;21;1
;;;;;;;;;;;;;;;;;;;;;;;;25;1
;;;;;;;;;;;;;;;;;;;;;;;;25;1
;;;;;;;;;;;;;;;;;;;;;;;;25;1
;;;;;;;;;;;;;;;;;;;;;;;;29;1
;;;;;;;;;;;;;;;;;;;;;;;;21;1
;;;;;;;;;;;;;;;;;;;;;;;;30;1
;;;;;;;;;;;;;;;;;;;;;;;;24;1
;;;;;;;;;;;;;;;;;;;;;;;;19;1
;;;;;;;;;;;;;;;;;;;;;;;;26;1
;;;;;;;;;;;;;;;;;;;;;;;;25;1
;;;;;;;;;;;;;;;;;;;;;;;;25;1
;;;;;;;;;;;;;;;;;;;;;;;;25;1
;;;;;;;;;;;;;;;;;;;;;;;;20;1
;;;;;;;;;;;;;;;;;;;;;;;;30;1
;;;;;;;;;;;;;;;;;;;;;;;;25;1
;;;;;;;;;;;;;;;;;;;;;;;;25;1
;;;;;;;;;;;;;;;;;;;;;;;;30;1
;;;;;;;;;;;;;;;;;;;;;;;;20;1
;;;;;;;;;;;;;;;;;;;;;;;;30;1
;;;;;;;;;;;;;;;;;;;;;;;;25;1
;;;;;;;;;;;;;;;;;;;;;;;;25;1
;;;;;;;;;;;;;;;;;;;;;;;;30;1
;;;;;;;;;;;;;;;;;;;;;;;;19;1
;;;;;;;;;;;;;;;;;;;;;;;;30;1
;;;;;;;;;;;;;;;;;;;;;;;;20;1
;;;;;;;;;;;;;;;;;;;;;;;;27;1
;;;;;;;;;;;;;;;;;;;;;;;;23;1
;;;;;;;;;;;;;;;;;;;;;;;;25;1
;;;;;;;;;;;;;;;;;;;;;;;;25;1
;;;;;;;;;;;;;;;;;;;;;;;;20;1
;;;;;;;;;;;;;;;;;;;;;;;;27;1
;;;;;;;;;;;;;;;;;;;;;;;;23;1
;;;;;;;;;;;;;;;;;;;;;;;;22;1
;;;;;;;;;;;;;;;;;;;;;;;;27;1
;;;;;;;;;;;;;;;;;;;;;;;;20;1
;;;;;;;;;;;;;;;;;;;;;;;;25;1
;;;;;;;;;;;;;;;;;;;;;;;;24;1
;;;;;;;;;;;;;;;;;;;;;;;;23;1
;;;;;;;;;;;;;;;;;;;;;;;;26;1
;;;;;;;;;;;;;;;;;;;;;;;;20;1
;;;;;;;;;;;;;;;;;;;;;;;;25;1
;;;;;;;;;;;;;;;;;;;;;;;;25;1
;;;;;;;;;;;;;;;;;;;;;;;;25;1
;;;;;;;;;;;;;;;;;;;;;;;;30;1
;;;;;;;;;;;;;;;;;;;;;;;;20;1
;;;;;;;;;;;;;;;;;;;;;;;;30;1
;;;;;;;;;;;;;;;;;;;;;;;;25;1
;;;;;;;;;;;;;;;;;;;;;;;;23;1
;;;;;;;;;;;;;;;;;;;;;;;;25;1
;;;;;;;;;;;;;;;;;;;;;;;;25;1
;;;;;;;;;;;;;;;;;;;;;;;;25;1
;;;;;;;;;;;;;;;;;;;;;;;;20;1
;;;;;;;;;;;;;;;;;;;;;;;;25;1
;;;;;;;;;;;;;;;;;;;;;;;;25;1
;;;;;;;;;;;;;;;;;;;;;;;;25;1
;;;;;;;;;;;;;;;;;;;;;;;;25;1
;;;;;;;;;;;;;;;;;;;;;;;;20;1
;;;;;;;;;;;;;;;;;;;;;;;;25;1
;;;;;;;;;;;;;;;;;;;;;;;;25;1
;;;;;;;;;;;;;;;;;;;;;;;;25;1
;;;;;;;;;;;;;;;;;;;;;;;;25;1
;;;;;;;;;;;;;;;;;;;;;;;;25;1
;;;;;;;;;;;;;;;;;;;;;;;;25;1
;;;;;;;;;;;;;;;;;;;;;;;;24;1
;;;;;;;;;;;;;;;;;;;;;;;;26;1
;;;;;;;;;;;;;;;;;;;;;;;;24;1
;;;;;;;;;;;;;;;;;;;;;;;;30;1
;;;;;;;;;;;;;;;;;;;;;;;;25;1
;;;;;;;;;;;;;;;;;;;;;;;;25;1
;;;;;;;;;;;;;;;;;;;;;;;;21;1
;;;;;;;;;;;;;;;;;;;;;;;;24;1
;;;;;;;;;;;;;;;;;;;;;;;;24;1
;;;;;;;;;;;;;;;;;;;;;;;;24;1
;;;;;;;;;;;;;;;;;;;;;;;;26;1
;;;;;;;;;;;;;;;;;;;;;;;;22;1
;;;;;;;;;;;;;;;;;;;;;;;;23;1
;;;;;;;;;;;;;;;;;;;;;;;;25;1
;;;;;;;;;;;;;;;;;;;;;;;;25;1
;;;;;;;;;;;;;;;;;;;;;;;;25;1
;;;;;;;;;;;;;;;;;;;;;;;;22;1
;;;;;;;;;;;;;;;;;;;;;;;;28;1
;;;;;;;;;;;;;;;;;;;;;;;;25;1
;;;;;;;;;;;;;;;;;;;;;;;;25;1
;;;;;;;;;;;;;;;;;;;;;;;;25;1
;;;;;;;;;;;;;;;;;;;;;;;;30;1
;;;;;;;;;;;;;;;;;;;;;;;;30;1
;;;;;;;;;;;;;;;;;;;;;;;;22;1
;;;;;;;;;;;;;;;;;;;;;;;;28;1
;;;;;;;;;;;;;;;;;;;;;;;;20;1
;;;;;;;;;;;;;;;;;;;;;;;;25;1
;;;;;;;;;;;;;;;;;;;;;;;;25;1
;;;;;;;;;;;;;;;;;;;;;;;;23;1
;;;;;;;;;;;;;;;;;;;;;;;;27;1
;;;;;;;;;;;;;;;;;;;;;;;;20;1
;;;;;;;;;;;;;;;;;;;;;;;;25;1
;;;;;;;;;;;;;;;;;;;;;;;;25;1
;;;;;;;;;;;;;;;;;;;;;;;;23;1
;;;;;;;;;;;;;;;;;;;;;;;;22;1
;;;;;;;;;;;;;;;;;;;;;;;;25;1
;;;;;;;;;;;;;;;;;;;;;;;;28;1
;;;;;;;;;;;;;;;;;;;;;;;;22;1
;;;;;;;;;;;;;;;;;;;;;;;;25;1
;;;;;;;;;;;;;;;;;;;;;;;;25;1
;;;;;;;;;;;;;;;;;;;;;;;;26;1
;;;;;;;;;;;;;;;;;;;;;;;;24;1
;;;;;;;;;;;;;;;;;;;;;;;;21;1
;;;;;;;;;;;;;;;;;;;;;;;;30;1
;;;;;;;;;;;;;;;;;;;;;;;;25;1
;;;;;;;;;;;;;;;;;;;;;;;;20;1
;;;;;;;;;;;;;;;;;;;;;;;;29;1
;;;;;;;;;;;;;;;;;;;;;;;;21;1
;;;;;;;;;;;;;;;;;;;;;;;;25;1
;;;;;;;;;;;;;;;;;;;;;;;;25;1
;;;;;;;;;;;;;;;;;;;;;;;;20;1
;;;;;;;;;;;;;;;;;;;;;;;;29;1
;;;;;;;;;;;;;;;;;;;;;;;;21;1
;;;;;;;;;;;;;;;;;;;;;;;;25;1
;;;;;;;;;;;;;;;;;;;;;;;;25;1
;;;;;;;;;;;;;;;;;;;;;;;;24;1
;;;;;;;;;;;;;;;;;;;;;;;;29;1
;;;;;;;;;;;;;;;;;;;;;;;;21;1
;;;;;;;;;;;;;;;;;;;;;;;;30;1
;;;;;;;;;;;;;;;;;;;;;;;;25;1
;;;;;;;;;;;;;;;;;;;;;;;;20;1
;;;;;;;;;;;;;;;;;;;;;;;;25;1
;;;;;;;;;;;;;;;;;;;;;;;;25;1
;;;;;;;;;;;;;;;;;;;;;;;;25;1
;;;;;;;;;;;;;;;;;;;;;;;;25;1
;;;;;;;;;;;;;;;;;;;;;;;;21;1
;;;;;;;;;;;;;;;;;;;;;;;;24;1
;;;;;;;;;;;;;;;;;;;;;;;;24;1
;;;;;;;;;;;;;;;;;;;;;;;;25;1
;;;;;;;;;;;;;;;;;;;;;;;;25;1
;;;;;;;;;;;;;;;;;;;;;;;;22;1
;;;;;;;;;;;;;;;;;;;;;;;;23;1
;;;;;;;;;;;;;;;;;;;;;;;;25;1
;;;;;;;;;;;;;;;;;;;;;;;;25;1
;;;;;;;;;;;;;;;;;;;;;;;;25;1
;;;;;;;;;;;;;;;;;;;;;;;;22;1
;;;;;;;;;;;;;;;;;;;;;;;;23;1
;;;;;;;;;;;;;;;;;;;;;;;;25;1
;;;;;;;;;;;;;;;;;;;;;;;;25;1
;;;;;;;;;;;;;;;;;;;;;;;;25;1
;;;;;;;;;;;;;;;;;;;;;;;;22;1
;;;;;;;;;;;;;;;;;;;;;;;;23;1
;;;;;;;;;;;;;;;;;;;;;;;;23;1
;;;;;;;;;;;;;;;;;;;;;;;;24;1
;;;;;;;;;;;;;;;;;;;;;;;;25;1
;;;;;;;;;;;;;;;;;;;;;;;;24;1
;;;;;;;;;;;;;;;;;;;;;;;;25;1
;;;;;;;;;;;;;;;;;;;;;;;;23;1
;;;;;;;;;;;;;;;;;;;;;;;;27;1
;;;;;;;;;;;;;;;;;;;;;;;;25;1
;;;;;;;;;;;;;;;;;;;;;;;;25;1
;;;;;;;;;;;;;;;;;;;;;;;;30;1
;;;;;;;;;;;;;;;;;;;;;;;;23;1
;;;;;;;;;;;;;;;;;;;;;;;;27;1
;;;;;;;;;;;;;;;;;;;;;;;;25;1
;;;;;;;;;;;;;;;;;;;;;;;;25;1
;;;;;;;;;;;;;;;;;;;;;;;;26;1
;;;;;;;;;;;;;;;;;;;;;;;;25;1
;;;;;;;;;;;;;;;;;;;;;;;;26;1
;;;;;;;;;;;;;;;;;;;;;;;;20;1
;;;;;;;;;;;;;;;;;;;;;;;;17;1
;;;;;;;;;;;;;;;;;;;;;;;;25;1
;;;;;;;;;;;;;;;;;;;;;;;;25;1
;;;;;;;;;;;;;;;;;;;;;;;;25;1
;;;;;;;;;;;;;;;;;;;;;;;;21;1
;;;;;;;;;;;;;;;;;;;;;;;;29;1
;;;;;;;;;;;;;;;;;;;;;;;;17;1
;;;;;;;;;;;;;;;;;;;;;;;;25;1
;;;;;;;;;;;;;;;;;;;;;;;;26;1
;;;;;;;;;;;;;;;;;;;;;;;;24;1
;;;;;;;;;;;;;;;;;;;;;;;;25;1
;;;;;;;;;;;;;;;;;;;;;;;;28;1
;;;;;;;;;;;;;;;;;;;;;;;;21;1
;;;;;;;;;;;;;;;;;;;;;;;;30;1
;;;;;;;;;;;;;;;;;;;;;;;;23;1
;;;;;;;;;;;;;;;;;;;;;;;;25;1
;;;;;;;;;;;;;;;;;;;;;;;;30;1
;;;;;;;;;;;;;;;;;;;;;;;;20;1
;;;;;;;;;;;;;;;;;;;;;;;;25;1
;;;;;;;;;;;;;;;;;;;;;;;;24;1
;;;;;;;;;;;;;;;;;;;;;;;;26;1
;;;;;;;;;;;;;;;;;;;;;;;;25;1
;;;;;;;;;;;;;;;;;;;;;;;;20;1
;;;;;;;;;;;;;;;;;;;;;;;;25;1
;;;;;;;;;;;;;;;;;;;;;;;;25;1
;;;;;;;;;;;;;;;;;;;;;;;;25;1
;;;;;;;;;;;;;;;;;;;;;;;;30;1
;;;;;;;;;;;;;;;;;;;;;;;;21;1
;;;;;;;;;;;;;;;;;;;;;;;;22;1
;;;;;;;;;;;;;;;;;;;;;;;;23;1
;;;;;;;;;;;;;;;;;;;;;;;;24;1
;;;;;;;;;;;;;;;;;;;;;;;;25;1
;;;;;;;;;;;;;;;;;;;;;;;;20;1
;;;;;;;;;;;;;;;;;;;;;;;;30;1
;;;;;;;;;;;;;;;;;;;;;;;;25;1
;;;;;;;;;;;;;;;;;;;;;;;;22;1
;;;;;;;;;;;;;;;;;;;;;;;;28;1
;;;;;;;;;;;;;;;;;;;;;;;;20;1
;;;;;;;;;;;;;;;;;;;;;;;;25;1
;;;;;;;;;;;;;;;;;;;;;;;;25;1
;;;;;;;;;;;;;;;;;;;;;;;;25;1
;;;;;;;;;;;;;;;;;;;;;;;;25;1
;;;;;;;;;;;;;;;;;;;;;;;;19;1
;;;;;;;;;;;;;;;;;;;;;;;;28;1
;;;;;;;;;;;;;;;;;;;;;;;;21;1
;;;;;;;;;;;;;;;;;;;;;;;;25;1
;;;;;;;;;;;;;;;;;;;;;;;;25;1
;;;;;;;;;;;;;;;;;;;;;;;;25;1
;;;;;;;;;;;;;;;;;;;;;;;;29;1
;;;;;;;;;;;;;;;;;;;;;;;;21;1
;;;;;;;;;;;;;;;;;;;;;;;;25;1
;;;;;;;;;;;;;;;;;;;;;;;;24;1
;;;;;;;;;;;;;;;;;;;;;;;;25;1
;;;;;;;;;;;;;;;;;;;;;;;;24;1
;;;;;;;;;;;;;;;;;;;;;;;;20;1
;;;;;;;;;;;;;;;;;;;;;;;;25;1
;;;;;;;;;;;;;;;;;;;;;;;;25;1
;;;;;;;;;;;;;;;;;;;;;;;;25;1
;;;;;;;;;;;;;;;;;;;;;;;;25;1
;;;;;;;;;;;;;;;;;;;;;;;;20;1
;;;;;;;;;;;;;;;;;;;;;;;;25;1
;;;;;;;;;;;;;;;;;;;;;;;;24;1
;;;;;;;;;;;;;;;;;;;;;;;;29;1
;;;;;;;;;;;;;;;;;;;;;;;;30;1
;;;;;;;;;;;;;;;;;;;;;;;;25;1
;;;;;;;;;;;;;;;;;;;;;;;;25;1
;;;;;;;;;;;;;;;;;;;;;;;;25;1
;;;;;;;;;;;;;;;;;;;;;;;;21;1
;;;;;;;;;;;;;;;;;;;;;;;;29;1
;;;;;;;;;;;;;;;;;;;;;;;;20;1
;;;;;;;;;;;;;;;;;;;;;;;;25;1
;;;;;;;;;;;;;;;;;;;;;;;;25;1
;;;;;;;;;;;;;;;;;;;;;;;;21;1
;;;;;;;;;;;;;;;;;;;;;;;;29;1
;;;;;;;;;;;;;;;;;;;;;;;;16;1
;;;;;;;;;;;;;;;;;;;;;;;;22;1
;;;;;;;;;;;;;;;;;;;;;;;;21;1
;;;;;;;;;;;;;;;;;;;;;;;;25;1
;;;;;;;;;;;;;;;;;;;;;;;;25;1
;;;;;;;;;;;;;;;;;;;;;;;;25;1
;;;;;;;;;;;;;;;;;;;;;;;;24;1
;;;;;;;;;;;;;;;;;;;;;;;;21;1
;;;;;;;;;;;;;;;;;;;;;;;;25;1
;;;;;;;;;;;;;;;;;;;;;;;;25;1
;;;;;;;;;;;;;;;;;;;;;;;;30;1
;;;;;;;;;;;;;;;;;;;;;;;;25;1
;;;;;;;;;;;;;;;;;;;;;;;;26;1
;;;;;;;;;;;;;;;;;;;;;;;;24;1
;;;;;;;;;;;;;;;;;;;;;;;;25;1
;;;;;;;;;;;;;;;;;;;;;;;;30;1
;;;;;;;;;;;;;;;;;;;;;;;;25;1
;;;;;;;;;;;;;;;;;;;;;;;;25;1
;;;;;;;;;;;;;;;;;;;;;;;;20;1
;;;;;;;;;;;;;;;;;;;;;;;;25;1
;;;;;;;;;;;;;;;;;;;;;;;;25;1
;;;;;;;;;;;;;;;;;;;;;;;;25;1
;;;;;;;;;;;;;;;;;;;;;;;;25;1
;;;;;;;;;;;;;;;;;;;;;;;;20;1
;;;;;;;;;;;;;;;;;;;;;;;;24;1
;;;;;;;;;;;;;;;;;;;;;;;;25;1
;;;;;;;;;;;;;;;;;;;;;;;;25;1
;;;;;;;;;;;;;;;;;;;;;;;;24;1
;;;;;;;;;;;;;;;;;;;;;;;;21;1
;;;;;;;;;;;;;;;;;;;;;;;;25;1
;;;;;;;;;;;;;;;;;;;;;;;;25;1
;;;;;;;;;;;;;;;;;;;;;;;;24;1
;;;;;;;;;;;;;;;;;;;;;;;;30;1
;;;;;;;;;;;;;;;;;;;;;;;;21;1
;;;;;;;;;;;;;;;;;;;;;;;;29;1
;;;;;;;;;;;;;;;;;;;;;;;;20;1
;;;;;;;;;;;;;;;;;;;;;;;;25;1
;;;;;;;;;;;;;;;;;;;;;;;;25;1
;;;;;;;;;;;;;;;;;;;;;;;;21;1
;;;;;;;;;;;;;;;;;;;;;;;;29;1
;;;;;;;;;;;;;;;;;;;;;;;;16;1
;;;;;;;;;;;;;;;;;;;;;;;;0;0
;;;;;;;;;;;;;;;;;;;;;;;;0;0
;;;;;;;;;;;;;;;;;;;;;;;;0;0
;;;;;;;;;;;;;;;;;;;;;;;;0;0
;;;;;;;;;;;;;;;;;;;;;;;;0;0
;;;;;;;;;;;;;;;;;;;;;;;;0;0
;;;;;;;;;;;;;;;;;;;;;;;;0;0
;;;;;;;;;;;;;;;;;;;;;;;;0;0
;;;;;;;;;;;;;;;;;;;;;;;;0;0
;;;;;;;;;;;;;;;;;;;;;;;;18;1
;;;;;;;;;;;;;;;;;;;;;;;;25;1
;;;;;;;;;;;;;;;;;;;;;;;;20;1
;;;;;;;;;;;;;;;;;;;;;;;;27;1
;;;;;;;;;;;;;;;;;;;;;;;;23;1
;;;;;;;;;;;;;;;;;;;;;;;;24;1
;;;;;;;;;;;;;;;;;;;;;;;;25;1
;;;;;;;;;;;;;;;;;;;;;;;;20;1
;;;;;;;;;;;;;;;;;;;;;;;;27;1
;;;;;;;;;;;;;;;;;;;;;;;;21;1
;;;;;;;;;;;;;;;;;;;;;;;;30;1
;;;;;;;;;;;;;;;;;;;;;;;;26;1
;;;;;;;;;;;;;;;;;;;;;;;;25;1
;;;;;;;;;;;;;;;;;;;;;;;;28;1
;;;;;;;;;;;;;;;;;;;;;;;;22;1
;;;;;;;;;;;;;;;;;;;;;;;;25;1
;;;;;;;;;;;;;;;;;;;;;;;;25;1
;;;;;;;;;;;;;;;;;;;;;;;;25;1
;;;;;;;;;;;;;;;;;;;;;;;;23;1
;;;;;;;;;;;;;;;;;;;;;;;;22;1
;;;;;;;;;;;;;;;;;;;;;;;;25;1
;;;;;;;;;;;;;;;;;;;;;;;;25;1
;;;;;;;;;;;;;;;;;;;;;;;;25;1
;;;;;;;;;;;;;;;;;;;;;;;;24;1
;;;;;;;;;;;;;;;;;;;;;;;;21;1
;;;;;;;;;;;;;;;;;;;;;;;;25;1
;;;;;;;;;;;;;;;;;;;;;;;;25;1
;;;;;;;;;;;;;;;;;;;;;;;;30;1
;;;;;;;;;;;;;;;;;;;;;;;;24;1
;;;;;;;;;;;;;;;;;;;;;;;;26;1
;;;;;;;;;;;;;;;;;;;;;;;;25;1
;;;;;;;;;;;;;;;;;;;;;;;;25;1
;;;;;;;;;;;;;;;;;;;;;;;;25;1
;;;;;;;;;;;;;;;;;;;;;;;;24;1
;;;;;;;;;;;;;;;;;;;;;;;;20;1
;;;;;;;;;;;;;;;;;;;;;;;;25;1
;;;;;;;;;;;;;;;;;;;;;;;;24;1
;;;;;;;;;;;;;;;;;;;;;;;;20;1
;;;;;;;;;;;;;;;;;;;;;;;;30;1
;;;;;;;;;;;;;;;;;;;;;;;;20;1
;;;;;;;;;;;;;;;;;;;;;;;;25;1
;;;;;;;;;;;;;;;;;;;;;;;;25;1
;;;;;;;;;;;;;;;;;;;;;;;;25;1
;;;;;;;;;;;;;;;;;;;;;;;;30;1
;;;;;;;;;;;;;;;;;;;;;;;;20;1
;;;;;;;;;;;;;;;;;;;;;;;;30;1
;;;;;;;;;;;;;;;;;;;;;;;;25;1
;;;;;;;;;;;;;;;;;;;;;;;;21;1
;;;;;;;;;;;;;;;;;;;;;;;;24;1
;;;;;;;;;;;;;;;;;;;;;;;;25;1
;;;;;;;;;;;;;;;;;;;;;;;;25;1
;;;;;;;;;;;;;;;;;;;;;;;;19;1
;;;;;;;;;;;;;;;;;;;;;;;;27;1
;;;;;;;;;;;;;;;;;;;;;;;;23;1
;;;;;;;;;;;;;;;;;;;;;;;;25;1
;;;;;;;;;;;;;;;;;;;;;;;;25;1
;;;;;;;;;;;;;;;;;;;;;;;;21;1
;;;;;;;;;;;;;;;;;;;;;;;;27;1
;;;;;;;;;;;;;;;;;;;;;;;;21;1
;;;;;;;;;;;;;;;;;;;;;;;;25;1
;;;;;;;;;;;;;;;;;;;;;;;;25;1
;;;;;;;;;;;;;;;;;;;;;;;;30;1
;;;;;;;;;;;;;;;;;;;;;;;;24;1
;;;;;;;;;;;;;;;;;;;;;;;;26;1
;;;;;;;;;;;;;;;;;;;;;;;;20;1
;;;;;;;;;;;;;;;;;;;;;;;;25;1
;;;;;;;;;;;;;;;;;;;;;;;;30;1
;;;;;;;;;;;;;;;;;;;;;;;;24;1
;;;;;;;;;;;;;;;;;;;;;;;;20;1
;;;;;;;;;;;;;;;;;;;;;;;;24;1
;;;;;;;;;;;;;;;;;;;;;;;;25;1
;;;;;;;;;;;;;;;;;;;;;;;;21;1
;;;;;;;;;;;;;;;;;;;;;;;;30;1
;;;;;;;;;;;;;;;;;;;;;;;;25;1
;;;;;;;;;;;;;;;;;;;;;;;;25;1
;;;;;;;;;;;;;;;;;;;;;;;;30;1
;;;;;;;;;;;;;;;;;;;;;;;;20;1
;;;;;;;;;;;;;;;;;;;;;;;;30;1
;;;;;;;;;;;;;;;;;;;;;;;;20;1
;;;;;;;;;;;;;;;;;;;;;;;;25;1
;;;;;;;;;;;;;;;;;;;;;;;;25;1
;;;;;;;;;;;;;;;;;;;;;;;;22;1
;;;;;;;;;;;;;;;;;;;;;;;;30;1
;;;;;;;;;;;;;;;;;;;;;;;;20;1
;;;;;;;;;;;;;;;;;;;;;;;;25;1
;;;;;;;;;;;;;;;;;;;;;;;;25;1
;;;;;;;;;;;;;;;;;;;;;;;;21;1
;;;;;;;;;;;;;;;;;;;;;;;;29;1
;;;;;;;;;;;;;;;;;;;;;;;;20;1
;;;;;;;;;;;;;;;;;;;;;;;;30;1
;;;;;;;;;;;;;;;;;;;;;;;;25;1
;;;;;;;;;;;;;;;;;;;;;;;;30;1
;;;;;;;;;;;;;;;;;;;;;;;;25;1
;;;;;;;;;;;;;;;;;;;;;;;;25;1
;;;;;;;;;;;;;;;;;;;;;;;;21;1
;;;;;;;;;;;;;;;;;;;;;;;;24;1
;;;;;;;;;;;;;;;;;;;;;;;;25;1
;;;;;;;;;;;;;;;;;;;;;;;;25;1
;;;;;;;;;;;;;;;;;;;;;;;;21;1
;;;;;;;;;;;;;;;;;;;;;;;;26;1
;;;;;;;;;;;;;;;;;;;;;;;;23;1
;;;;;;;;;;;;;;;;;;;;;;;;25;1
;;;;;;;;;;;;;;;;;;;;;;;;30;1
;;;;;;;;;;;;;;;;;;;;;;;;30;1
;;;;;;;;;;;;;;;;;;;;;;;;25;1
;;;;;;;;;;;;;;;;;;;;;;;;25;1
;;;;;;;;;;;;;;;;;;;;;;;;22;1
;;;;;;;;;;;;;;;;;;;;;;;;28;1
;;;;;;;;;;;;;;;;;;;;;;;;30;1
;;;;;;;;;;;;;;;;;;;;;;;;19;1
;;;;;;;;;;;;;;;;;;;;;;;;30;1
;;;;;;;;;;;;;;;;;;;;;;;;25;1
;;;;;;;;;;;;;;;;;;;;;;;;25;1
;;;;;;;;;;;;;;;;;;;;;;;;25;1
;;;;;;;;;;;;;;;;;;;;;;;;20;1
;;;;;;;;;;;;;;;;;;;;;;;;30;1
;;;;;;;;;;;;;;;;;;;;;;;;20;1
;;;;;;;;;;;;;;;;;;;;;;;;26;1
;;;;;;;;;;;;;;;;;;;;;;;;23;1
;;;;;;;;;;;;;;;;;;;;;;;;25;1
;;;;;;;;;;;;;;;;;;;;;;;;25;1
;;;;;;;;;;;;;;;;;;;;;;;;25;1
;;;;;;;;;;;;;;;;;;;;;;;;27;1
;;;;;;;;;;;;;;;;;;;;;;;;23;1
;;;;;;;;;;;;;;;;;;;;;;;;30;1
;;;;;;;;;;;;;;;;;;;;;;;;22;1
;;;;;;;;;;;;;;;;;;;;;;;;23;1
;;;;;;;;;;;;;;;;;;;;;;;;25;1
;;;;;;;;;;;;;;;;;;;;;;;;25;1
;;;;;;;;;;;;;;;;;;;;;;;;18;1
;;;;;;;;;;;;;;;;;;;;;;;;24;1
;;;;;;;;;;;;;;;;;;;;;;;;26;1
;;;;;;;;;;;;;;;;;;;;;;;;30;1
;;;;;;;;;;;;;;;;;;;;;;;;30;1
;;;;;;;;;;;;;;;;;;;;;;;;21;1
;;;;;;;;;;;;;;;;;;;;;;;;29;1
;;;;;;;;;;;;;;;;;;;;;;;;24;1
;;;;;;;;;;;;;;;;;;;;;;;;25;1
;;;;;;;;;;;;;;;;;;;;;;;;26;1
;;;;;;;;;;;;;;;;;;;;;;;;24;1
;;;;;;;;;;;;;;;;;;;;;;;;25;1
;;;;;;;;;;;;;;;;;;;;;;;;25;1
;;;;;;;;;;;;;;;;;;;;;;;;19;1
;;;;;;;;;;;;;;;;;;;;;;;;26;1
;;;;;;;;;;;;;;;;;;;;;;;;29;1
;;;;;;;;;;;;;;;;;;;;;;;;25;1
;;;;;;;;;;;;;;;;;;;;;;;;25;1
;;;;;;;;;;;;;;;;;;;;;;;;25;1
;;;;;;;;;;;;;;;;;;;;;;;;22;1
;;;;;;;;;;;;;;;;;;;;;;;;22;1
;;;;;;;;;;;;;;;;;;;;;;;;25;1
;;;;;;;;;;;;;;;;;;;;;;;;25;1
;;;;;;;;;;;;;;;;;;;;;;;;20;1
;;;;;;;;;;;;;;;;;;;;;;;;30;1
;;;;;;;;;;;;;;;;;;;;;;;;25;1
;;;;;;;;;;;;;;;;;;;;;;;;25;1
;;;;;;;;;;;;;;;;;;;;;;;;25;1
;;;;;;;;;;;;;;;;;;;;;;;;20;1
;;;;;;;;;;;;;;;;;;;;;;;;25;1
;;;;;;;;;;;;;;;;;;;;;;;;25;1
;;;;;;;;;;;;;;;;;;;;;;;;23;1
;;;;;;;;;;;;;;;;;;;;;;;;27;1
;;;;;;;;;;;;;;;;;;;;;;;;20;1
;;;;;;;;;;;;;;;;;;;;;;;;30;1
;;;;;;;;;;;;;;;;;;;;;;;;25;1
;;;;;;;;;;;;;;;;;;;;;;;;25;1
;;;;;;;;;;;;;;;;;;;;;;;;25;1
;;;;;;;;;;;;;;;;;;;;;;;;20;1
;;;;;;;;;;;;;;;;;;;;;;;;29;1
;;;;;;;;;;;;;;;;;;;;;;;;21;1
;;;;;;;;;;;;;;;;;;;;;;;;25;1
;;;;;;;;;;;;;;;;;;;;;;;;25;1
;;;;;;;;;;;;;;;;;;;;;;;;20;1
;;;;;;;;;;;;;;;;;;;;;;;;29;1
;;;;;;;;;;;;;;;;;;;;;;;;22;1
;;;;;;;;;;;;;;;;;;;;;;;;30;1
;;;;;;;;;;;;;;;;;;;;;;;;25;1
;;;;;;;;;;;;;;;;;;;;;;;;21;1
;;;;;;;;;;;;;;;;;;;;;;;;30;1
;;;;;;;;;;;;;;;;;;;;;;;;30;1
;;;;;;;;;;;;;;;;;;;;;;;;25;1
;;;;;;;;;;;;;;;;;;;;;;;;30;1
;;;;;;;;;;;;;;;;;;;;;;;;25;1
;;;;;;;;;;;;;;;;;;;;;;;;25;1
;;;;;;;;;;;;;;;;;;;;;;;;25;1
;;;;;;;;;;;;;;;;;;;;;;;;25;1
;;;;;;;;;;;;;;;;;;;;;;;;30;1
;;;;;;;;;;;;;;;;;;;;;;;;20;1
;;;;;;;;;;;;;;;;;;;;;;;;30;1
;;;;;;;;;;;;;;;;;;;;;;;;25;1
;;;;;;;;;;;;;;;;;;;;;;;;30;1
;;;;;;;;;;;;;;;;;;;;;;;;25;1
;;;;;;;;;;;;;;;;;;;;;;;;20;1
;;;;;;;;;;;;;;;;;;;;;;;;25;1
;;;;;;;;;;;;;;;;;;;;;;;;25;1
;;;;;;;;;;;;;;;;;;;;;;;;25;1
;;;;;;;;;;;;;;;;;;;;;;;;25;1
;;;;;;;;;;;;;;;;;;;;;;;;25;1
;;;;;;;;;;;;;;;;;;;;;;;;30;1
;;;;;;;;;;;;;;;;;;;;;;;;25;1
;;;;;;;;;;;;;;;;;;;;;;;;25;1
;;;;;;;;;;;;;;;;;;;;;;;;30;1
;;;;;;;;;;;;;;;;;;;;;;;;26;1
;;;;;;;;;;;;;;;;;;;;;;;;24;1
;;;;;;;;;;;;;;;;;;;;;;;;25;1
;;;;;;;;;;;;;;;;;;;;;;;;25;1
;;;;;;;;;;;;;;;;;;;;;;;;26;1
;;;;;;;;;;;;;;;;;;;;;;;;26;1
;;;;;;;;;;;;;;;;;;;;;;;;24;1
;;;;;;;;;;;;;;;;;;;;;;;;30;1
;;;;;;;;;;;;;;;;;;;;;;;;22;1
;;;;;;;;;;;;;;;;;;;;;;;;23;1
;;;;;;;;;;;;;;;;;;;;;;;;25;1
;;;;;;;;;;;;;;;;;;;;;;;;25;1
;;;;;;;;;;;;;;;;;;;;;;;;20;1
;;;;;;;;;;;;;;;;;;;;;;;;27;1
;;;;;;;;;;;;;;;;;;;;;;;;23;1
;;;;;;;;;;;;;;;;;;;;;;;;30;1
;;;;;;;;;;;;;;;;;;;;;;;;25;1
;;;;;;;;;;;;;;;;;;;;;;;;25;1
;;;;;;;;;;;;;;;;;;;;;;;;30;1
;;;;;;;;;;;;;;;;;;;;;;;;30;1
;;;;;;;;;;;;;;;;;;;;;;;;25;1
;;;;;;;;;;;;;;;;;;;;;;;;20;1
;;;;;;;;;;;;;;;;;;;;;;;;26;1
;;;;;;;;;;;;;;;;;;;;;;;;24;1
;;;;;;;;;;;;;;;;;;;;;;;;30;1
;;;;;;;;;;;;;;;;;;;;;;;;30;1
;;;;;;;;;;;;;;;;;;;;;;;;25;1
;;;;;;;;;;;;;;;;;;;;;;;;25;1
;;;;;;;;;;;;;;;;;;;;;;;;25;1
;;;;;;;;;;;;;;;;;;;;;;;;30;1
;;;;;;;;;;;;;;;;;;;;;;;;30;1
;;;;;;;;;;;;;;;;;;;;;;;;25;1
;;;;;;;;;;;;;;;;;;;;;;;;30;1
;;;;;;;;;;;;;;;;;;;;;;;;30;1
;;;;;;;;;;;;;;;;;;;;;;;;30;1
;;;;;;;;;;;;;;;;;;;;;;;;30;1
;;;;;;;;;;;;;;;;;;;;;;;;30;1
;;;;;;;;;;;;;;;;;;;;;;;;30;1
;;;;;;;;;;;;;;;;;;;;;;;;30;1
;;;;;;;;;;;;;;;;;;;;;;;;30;1
;;;;;;;;;;;;;;;;;;;;;;;;30;1
;;;;;;;;;;;;;;;;;;;;;;;;30;1
;;;;;;;;;;;;;;;;;;;;;;;;30;1
;;;;;;;;;;;;;;;;;;;;;;;;30;1
;;;;;;;;;;;;;;;;;;;;;;;;30;1
;;;;;;;;;;;;;;;;;;;;;;;;24;1
;;;;;;;;;;;;;;;;;;;;;;;;30;1
;;;;;;;;;;;;;;;;;;;;;;;;30;1
;;;;;;;;;;;;;;;;;;;;;;;;30;1
;;;;;;;;;;;;;;;;;;;;;;;;30;1
;;;;;;;;;;;;;;;;;;;;;;;;30;1
;;;;;;;;;;;;;;;;;;;;;;;;30;1
;;;;;;;;;;;;;;;;;;;;;;;;30;1
;;;;;;;;;;;;;;;;;;;;;;;;30;1
;;;;;;;;;;;;;;;;;;;;;;;;24;1
;;;;;;;;;;;;;;;;;;;;;;;;30;1
;;;;;;;;;;;;;;;;;;;;;;;;30;1
;;;;;;;;;;;;;;;;;;;;;;;;30;1
;;;;;;;;;;;;;;;;;;;;;;;;30;1
;;;;;;;;;;;;;;;;;;;;;;;;25;1
;;;;;;;;;;;;;;;;;;;;;;;;26;1
;;;;;;;;;;;;;;;;;;;;;;;;24;1
;;;;;;;;;;;;;;;;;;;;;;;;25;1
;;;;;;;;;;;;;;;;;;;;;;;;24;1
;;;;;;;;;;;;;;;;;;;;;;;;21;1
;;;;;;;;;;;;;;;;;;;;;;;;29;1
;;;;;;;;;;;;;;;;;;;;;;;;25;1
;;;;;;;;;;;;;;;;;;;;;;;;25;1
;;;;;;;;;;;;;;;;;;;;;;;;25;1
;;;;;;;;;;;;;;;;;;;;;;;;24;1
;;;;;;;;;;;;;;;;;;;;;;;;25;1
;;;;;;;;;;;;;;;;;;;;;;;;27;1
;;;;;;;;;;;;;;;;;;;;;;;;23;1
;;;;;;;;;;;;;;;;;;;;;;;;30;1
;;;;;;;;;;;;;;;;;;;;;;;;30;1
;;;;;;;;;;;;;;;;;;;;;;;;25;1
;;;;;;;;;;;;;;;;;;;;;;;;22;1
;;;;;;;;;;;;;;;;;;;;;;;;28;1
;;;;;;;;;;;;;;;;;;;;;;;;20;1
;;;;;;;;;;;;;;;;;;;;;;;;30;1
;;;;;;;;;;;;;;;;;;;;;;;;27;1
;;;;;;;;;;;;;;;;;;;;;;;;23;1
;;;;;;;;;;;;;;;;;;;;;;;;25;1
;;;;;;;;;;;;;;;;;;;;;;;;25;1
;;;;;;;;;;;;;;;;;;;;;;;;30;1
;;;;;;;;;;;;;;;;;;;;;;;;23;1
;;;;;;;;;;;;;;;;;;;;;;;;27;1
;;;;;;;;;;;;;;;;;;;;;;;;25;1
;;;;;;;;;;;;;;;;;;;;;;;;25;1
;;;;;;;;;;;;;;;;;;;;;;;;20;1
;;;;;;;;;;;;;;;;;;;;;;;;28;1
;;;;;;;;;;;;;;;;;;;;;;;;22;1
;;;;;;;;;;;;;;;;;;;;;;;;25;1
;;;;;;;;;;;;;;;;;;;;;;;;25;1
;;;;;;;;;;;;;;;;;;;;;;;;19;1
;;;;;;;;;;;;;;;;;;;;;;;;29;1
;;;;;;;;;;;;;;;;;;;;;;;;21;1
;;;;;;;;;;;;;;;;;;;;;;;;25;1
;;;;;;;;;;;;;;;;;;;;;;;;25;1
;;;;;;;;;;;;;;;;;;;;;;;;20;1
;;;;;;;;;;;;;;;;;;;;;;;;22;1
;;;;;;;;;;;;;;;;;;;;;;;;25;1
;;;;;;;;;;;;;;;;;;;;;;;;24;1
;;;;;;;;;;;;;;;;;;;;;;;;26;1
;;;;;;;;;;;;;;;;;;;;;;;;19;1
;;;;;;;;;;;;;;;;;;;;;;;;25;1
;;;;;;;;;;;;;;;;;;;;;;;;30;1
;;;;;;;;;;;;;;;;;;;;;;;;20;1
;;;;;;;;;;;;;;;;;;;;;;;;25;1
;;;;;;;;;;;;;;;;;;;;;;;;25;1
;;;;;;;;;;;;;;;;;;;;;;;;20;1
;;;;;;;;;;;;;;;;;;;;;;;;29;1
;;;;;;;;;;;;;;;;;;;;;;;;20;1
;;;;;;;;;;;;;;;;;;;;;;;;25;1
;;;;;;;;;;;;;;;;;;;;;;;;25;1
;;;;;;;;;;;;;;;;;;;;;;;;25;1
;;;;;;;;;;;;;;;;;;;;;;;;30;1
;;;;;;;;;;;;;;;;;;;;;;;;25;1
;;;;;;;;;;;;;;;;;;;;;;;;30;1
;;;;;;;;;;;;;;;;;;;;;;;;26;1
;;;;;;;;;;;;;;;;;;;;;;;;29;1
;;;;;;;;;;;;;;;;;;;;;;;;30;1
;;;;;;;;;;;;;;;;;;;;;;;;30;1
;;;;;;;;;;;;;;;;;;;;;;;;30;1
;;;;;;;;;;;;;;;;;;;;;;;;25;1
;;;;;;;;;;;;;;;;;;;;;;;;30;1
;;;;;;;;;;;;;;;;;;;;;;;;26;1
;;;;;;;;;;;;;;;;;;;;;;;;23;1
;;;;;;;;;;;;;;;;;;;;;;;;30;1
;;;;;;;;;;;;;;;;;;;;;;;;30;1
;;;;;;;;;;;;;;;;;;;;;;;;20;1
;;;;;;;;;;;;;;;;;;;;;;;;26;1
;;;;;;;;;;;;;;;;;;;;;;;;30;1
;;;;;;;;;;;;;;;;;;;;;;;;30;1
;;;;;;;;;;;;;;;;;;;;;;;;30;1
;;;;;;;;;;;;;;;;;;;;;;;;25;1
;;;;;;;;;;;;;;;;;;;;;;;;30;1
;;;;;;;;;;;;;;;;;;;;;;;;23;1
;;;;;;;;;;;;;;;;;;;;;;;;22;1
;;;;;;;;;;;;;;;;;;;;;;;;25;1
;;;;;;;;;;;;;;;;;;;;;;;;28;1
;;;;;;;;;;;;;;;;;;;;;;;;22;1
;;;;;;;;;;;;;;;;;;;;;;;;24;1
;;;;;;;;;;;;;;;;;;;;;;;;26;1
;;;;;;;;;;;;;;;;;;;;;;;;25;1
;;;;;;;;;;;;;;;;;;;;;;;;30;1
;;;;;;;;;;;;;;;;;;;;;;;;25;1
;;;;;;;;;;;;;;;;;;;;;;;;25;1
;;;;;;;;;;;;;;;;;;;;;;;;25;1
;;;;;;;;;;;;;;;;;;;;;;;;30;1
;;;;;;;;;;;;;;;;;;;;;;;;30;1
;;;;;;;;;;;;;;;;;;;;;;;;30;1
;;;;;;;;;;;;;;;;;;;;;;;;30;1
;;;;;;;;;;;;;;;;;;;;;;;;24;1
;;;;;;;;;;;;;;;;;;;;;;;;26;1
;;;;;;;;;;;;;;;;;;;;;;;;24;1
;;;;;;;;;;;;;;;;;;;;;;;;25;1
;;;;;;;;;;;;;;;;;;;;;;;;25;1
;;;;;;;;;;;;;;;;;;;;;;;;28;1
;;;;;;;;;;;;;;;;;;;;;;;;22;1
;;;;;;;;;;;;;;;;;;;;;;;;30;1
;;;;;;;;;;;;;;;;;;;;;;;;29;1
;;;;;;;;;;;;;;;;;;;;;;;;29;1
;;;;;;;;;;;;;;;;;;;;;;;;24;1
;;;;;;;;;;;;;;;;;;;;;;;;25;1
;;;;;;;;;;;;;;;;;;;;;;;;25;1
;;;;;;;;;;;;;;;;;;;;;;;;30;1
;;;;;;;;;;;;;;;;;;;;;;;;30;1
;;;;;;;;;;;;;;;;;;;;;;;;25;1
;;;;;;;;;;;;;;;;;;;;;;;;30;1
;;;;;;;;;;;;;;;;;;;;;;;;28;1
;;;;;;;;;;;;;;;;;;;;;;;;0;0
;;;;;;;;;;;;;;;;;;;;;;;;0;0
;;;;;;;;;;;;;;;;;;;;;;;;0;0
;;;;;;;;;;;;;;;;;;;;;;;;0;0
;;;;;;;;;;;;;;;;;;;;;;;;6;1
;;;;;;;;;;;;;;;;;;;;;;;;24;1
;;;;;;;;;;;;;;;;;;;;;;;;21;1
;;;;;;;;;;;;;;;;;;;;;;;;26;1
;;;;;;;;;;;;;;;;;;;;;;;;25;1
;;;;;;;;;;;;;;;;;;;;;;;;20;1
;;;;;;;;;;;;;;;;;;;;;;;;26;1
;;;;;;;;;;;;;;;;;;;;;;;;25;1
;;;;;;;;;;;;;;;;;;;;;;;;25;1
;;;;;;;;;;;;;;;;;;;;;;;;25;1
;;;;;;;;;;;;;;;;;;;;;;;;19;1
;;;;;;;;;;;;;;;;;;;;;;;;22;1
;;;;;;;;;;;;;;;;;;;;;;;;23;1
;;;;;;;;;;;;;;;;;;;;;;;;25;1
;;;;;;;;;;;;;;;;;;;;;;;;25;1
;;;;;;;;;;;;;;;;;;;;;;;;25;1
;;;;;;;;;;;;;;;;;;;;;;;;30;1
;;;;;;;;;;;;;;;;;;;;;;;;20;1
;;;;;;;;;;;;;;;;;;;;;;;;25;1
;;;;;;;;;;;;;;;;;;;;;;;;25;1
;;;;;;;;;;;;;;;;;;;;;;;;24;1
;;;;;;;;;;;;;;;;;;;;;;;;26;1
;;;;;;;;;;;;;;;;;;;;;;;;20;1
;;;;;;;;;;;;;;;;;;;;;;;;25;1
;;;;;;;;;;;;;;;;;;;;;;;;30;1
;;;;;;;;;;;;;;;;;;;;;;;;25;1
;;;;;;;;;;;;;;;;;;;;;;;;25;1
;;;;;;;;;;;;;;;;;;;;;;;;30;1
;;;;;;;;;;;;;;;;;;;;;;;;30;1
;;;;;;;;;;;;;;;;;;;;;;;;30;1
;;;;;;;;;;;;;;;;;;;;;;;;30;1
;;;;;;;;;;;;;;;;;;;;;;;;30;1
;;;;;;;;;;;;;;;;;;;;;;;;30;1
;;;;;;;;;;;;;;;;;;;;;;;;25;1
;;;;;;;;;;;;;;;;;;;;;;;;30;1
;;;;;;;;;;;;;;;;;;;;;;;;24;1
;;;;;;;;;;;;;;;;;;;;;;;;30;1
;;;;;;;;;;;;;;;;;;;;;;;;30;1
;;;;;;;;;;;;;;;;;;;;;;;;30;1
;;;;;;;;;;;;;;;;;;;;;;;;30;1
;;;;;;;;;;;;;;;;;;;;;;;;28;1
;;;;;;;;;;;;;;;;;;;;;;;;30;1
;;;;;;;;;;;;;;;;;;;;;;;;27;1
;;;;;;;;;;;;;;;;;;;;;;;;28;1
;;;;;;;;;;;;;;;;;;;;;;;;27;1
;;;;;;;;;;;;;;;;;;;;;;;;28;1
;;;;;;;;;;;;;;;;;;;;;;;;21;1
;;;;;;;;;;;;;;;;;;;;;;;;27;1
;;;;;;;;;;;;;;;;;;;;;;;;25;1
;;;;;;;;;;;;;;;;;;;;;;;;26;1
;;;;;;;;;;;;;;;;;;;;;;;;30;1
;;;;;;;;;;;;;;;;;;;;;;;;30;1
;;;;;;;;;;;;;;;;;;;;;;;;25;1
;;;;;;;;;;;;;;;;;;;;;;;;29;1
;;;;;;;;;;;;;;;;;;;;;;;;21;1
;;;;;;;;;;;;;;;;;;;;;;;;25;1
;;;;;;;;;;;;;;;;;;;;;;;;30;1
;;;;;;;;;;;;;;;;;;;;;;;;30;1
;;;;;;;;;;;;;;;;;;;;;;;;29;1
;;;;;;;;;;;;;;;;;;;;;;;;30;1
;;;;;;;;;;;;;;;;;;;;;;;;30;1
;;;;;;;;;;;;;;;;;;;;;;;;30;1
;;;;;;;;;;;;;;;;;;;;;;;;30;1
;;;;;;;;;;;;;;;;;;;;;;;;23;1
;;;;;;;;;;;;;;;;;;;;;;;;30;1
;;;;;;;;;;;;;;;;;;;;;;;;29;1
;;;;;;;;;;;;;;;;;;;;;;;;30;1
;;;;;;;;;;;;;;;;;;;;;;;;25;1
;;;;;;;;;;;;;;;;;;;;;;;;25;1
;;;;;;;;;;;;;;;;;;;;;;;;25;1
;;;;;;;;;;;;;;;;;;;;;;;;25;1
;;;;;;;;;;;;;;;;;;;;;;;;18;1
;;;;;;;;;;;;;;;;;;;;;;;;25;1
;;;;;;;;;;;;;;;;;;;;;;;;25;1
;;;;;;;;;;;;;;;;;;;;;;;;30;1
;;;;;;;;;;;;;;;;;;;;;;;;24;1
;;;;;;;;;;;;;;;;;;;;;;;;24;1
;;;;;;;;;;;;;;;;;;;;;;;;17;1
;;;;;;;;;;;;;;;;;;;;;;;;22;1
;;;;;;;;;;;;;;;;;;;;;;;;28;1
;;;;;;;;;;;;;;;;;;;;;;;;22;1
;;;;;;;;;;;;;;;;;;;;;;;;30;1
;;;;;;;;;;;;;;;;;;;;;;;;25;1
;;;;;;;;;;;;;;;;;;;;;;;;20;1
;;;;;;;;;;;;;;;;;;;;;;;;30;1
;;;;;;;;;;;;;;;;;;;;;;;;29;1
;;;;;;;;;;;;;;;;;;;;;;;;30;1
;;;;;;;;;;;;;;;;;;;;;;;;25;1
;;;;;;;;;;;;;;;;;;;;;;;;25;1
;;;;;;;;;;;;;;;;;;;;;;;;30;1
;;;;;;;;;;;;;;;;;;;;;;;;27;1
;;;;;;;;;;;;;;;;;;;;;;;;27;1
;;;;;;;;;;;;;;;;;;;;;;;;25;1
;;;;;;;;;;;;;;;;;;;;;;;;25;1
;;;;;;;;;;;;;;;;;;;;;;;;24;1
;;;;;;;;;;;;;;;;;;;;;;;;22;1
;;;;;;;;;;;;;;;;;;;;;;;;28;1
;;;;;;;;;;;;;;;;;;;;;;;;20;1
;;;;;;;;;;;;;;;;;;;;;;;;25;1
;;;;;;;;;;;;;;;;;;;;;;;;25;1
;;;;;;;;;;;;;;;;;;;;;;;;24;1
;;;;;;;;;;;;;;;;;;;;;;;;24;1
;;;;;;;;;;;;;;;;;;;;;;;;20;1
;;;;;;;;;;;;;;;;;;;;;;;;30;1
;;;;;;;;;;;;;;;;;;;;;;;;30;1
;;;;;;;;;;;;;;;;;;;;;;;;26;1
;;;;;;;;;;;;;;;;;;;;;;;;28;1
;;;;;;;;;;;;;;;;;;;;;;;;26;1
;;;;;;;;;;;;;;;;;;;;;;;;25;1
;;;;;;;;;;;;;;;;;;;;;;;;30;1
;;;;;;;;;;;;;;;;;;;;;;;;30;1
;;;;;;;;;;;;;;;;;;;;;;;;30;1
;;;;;;;;;;;;;;;;;;;;;;;;24;1
;;;;;;;;;;;;;;;;;;;;;;;;30;1
;;;;;;;;;;;;;;;;;;;;;;;;30;1
;;;;;;;;;;;;;;;;;;;;;;;;29;1
;;;;;;;;;;;;;;;;;;;;;;;;25;1
;;;;;;;;;;;;;;;;;;;;;;;;23;1
;;;;;;;;;;;;;;;;;;;;;;;;21;1
;;;;;;;;;;;;;;;;;;;;;;;;17;1
;;;;;;;;;;;;;;;;;;;;;;;;28;1
;;;;;;;;;;;;;;;;;;;;;;;;24;1
;;;;;;;;;;;;;;;;;;;;;;;;23;1
;;;;;;;;;;;;;;;;;;;;;;;;24;1
;;;;;;;;;;;;;;;;;;;;;;;;25;1
;;;;;;;;;;;;;;;;;;;;;;;;25;1
;;;;;;;;;;;;;;;;;;;;;;;;25;1
;;;;;;;;;;;;;;;;;;;;;;;;30;1
;;;;;;;;;;;;;;;;;;;;;;;;25;1
;;;;;;;;;;;;;;;;;;;;;;;;25;1
;;;;;;;;;;;;;;;;;;;;;;;;30;1
;;;;;;;;;;;;;;;;;;;;;;;;25;1
;;;;;;;;;;;;;;;;;;;;;;;;25;1
;;;;;;;;;;;;;;;;;;;;;;;;25;1
;;;;;;;;;;;;;;;;;;;;;;;;25;1
;;;;;;;;;;;;;;;;;;;;;;;;28;1
;;;;;;;;;;;;;;;;;;;;;;;;25;1
;;;;;;;;;;;;;;;;;;;;;;;;25;1
;;;;;;;;;;;;;;;;;;;;;;;;30;1
;;;;;;;;;;;;;;;;;;;;;;;;20;1
;;;;;;;;;;;;;;;;;;;;;;;;28;1
;;;;;;;;;;;;;;;;;;;;;;;;21;1
;;;;;;;;;;;;;;;;;;;;;;;;26;1
;;;;;;;;;;;;;;;;;;;;;;;;26;1
;;;;;;;;;;;;;;;;;;;;;;;;25;1
;;;;;;;;;;;;;;;;;;;;;;;;30;1
;;;;;;;;;;;;;;;;;;;;;;;;24;1
;;;;;;;;;;;;;;;;;;;;;;;;25;1
;;;;;;;;;;;;;;;;;;;;;;;;25;1
;;;;;;;;;;;;;;;;;;;;;;;;30;1
;;;;;;;;;;;;;;;;;;;;;;;;25;1
;;;;;;;;;;;;;;;;;;;;;;;;25;1
;;;;;;;;;;;;;;;;;;;;;;;;23;1
;;;;;;;;;;;;;;;;;;;;;;;;21;1
;;;;;;;;;;;;;;;;;;;;;;;;30;1
;;;;;;;;;;;;;;;;;;;;;;;;18;1
;;;;;;;;;;;;;;;;;;;;;;;;19;1
;;;;;;;;;;;;;;;;;;;;;;;;25;1
;;;;;;;;;;;;;;;;;;;;;;;;20;1
;;;;;;;;;;;;;;;;;;;;;;;;25;1
;;;;;;;;;;;;;;;;;;;;;;;;23;1
;;;;;;;;;;;;;;;;;;;;;;;;25;1
;;;;;;;;;;;;;;;;;;;;;;;;30;1
;;;;;;;;;;;;;;;;;;;;;;;;30;1
;;;;;;;;;;;;;;;;;;;;;;;;30;1
;;;;;;;;;;;;;;;;;;;;;;;;21;1
;;;;;;;;;;;;;;;;;;;;;;;;26;1
;;;;;;;;;;;;;;;;;;;;;;;;22;1
;;;;;;;;;;;;;;;;;;;;;;;;23;1
;;;;;;;;;;;;;;;;;;;;;;;;30;1
;;;;;;;;;;;;;;;;;;;;;;;;24;1
;;;;;;;;;;;;;;;;;;;;;;;;20;1
;;;;;;;;;;;;;;;;;;;;;;;;29;1
;;;;;;;;;;;;;;;;;;;;;;;;20;1
;;;;;;;;;;;;;;;;;;;;;;;;20;1
;;;;;;;;;;;;;;;;;;;;;;;;29;1
;;;;;;;;;;;;;;;;;;;;;;;;20;1
;;;;;;;;;;;;;;;;;;;;;;;;25;1
;;;;;;;;;;;;;;;;;;;;;;;;30;1
;;;;;;;;;;;;;;;;;;;;;;;;30;1
;;;;;;;;;;;;;;;;;;;;;;;;30;1
;;;;;;;;;;;;;;;;;;;;;;;;30;1
;;;;;;;;;;;;;;;;;;;;;;;;29;1
;;;;;;;;;;;;;;;;;;;;;;;;30;1
;;;;;;;;;;;;;;;;;;;;;;;;30;1
;;;;;;;;;;;;;;;;;;;;;;;;25;1
;;;;;;;;;;;;;;;;;;;;;;;;25;1
;;;;;;;;;;;;;;;;;;;;;;;;30;1
;;;;;;;;;;;;;;;;;;;;;;;;26;1
;;;;;;;;;;;;;;;;;;;;;;;;30;1
;;;;;;;;;;;;;;;;;;;;;;;;30;1
;;;;;;;;;;;;;;;;;;;;;;;;30;1
;;;;;;;;;;;;;;;;;;;;;;;;30;1
;;;;;;;;;;;;;;;;;;;;;;;;24;1
;;;;;;;;;;;;;;;;;;;;;;;;23;1
;;;;;;;;;;;;;;;;;;;;;;;;29;1
;;;;;;;;;;;;;;;;;;;;;;;;30;1
;;;;;;;;;;;;;;;;;;;;;;;;23;1
;;;;;;;;;;;;;;;;;;;;;;;;30;1
;;;;;;;;;;;;;;;;;;;;;;;;24;1
;;;;;;;;;;;;;;;;;;;;;;;;25;1
;;;;;;;;;;;;;;;;;;;;;;;;30;1
;;;;;;;;;;;;;;;;;;;;;;;;30;1
;;;;;;;;;;;;;;;;;;;;;;;;30;1
;;;;;;;;;;;;;;;;;;;;;;;;30;1
;;;;;;;;;;;;;;;;;;;;;;;;29;1
;;;;;;;;;;;;;;;;;;;;;;;;30;1
;;;;;;;;;;;;;;;;;;;;;;;;25;1
;;;;;;;;;;;;;;;;;;;;;;;;25;1
;;;;;;;;;;;;;;;;;;;;;;;;20;1
;;;;;;;;;;;;;;;;;;;;;;;;30;1
;;;;;;;;;;;;;;;;;;;;;;;;30;1
;;;;;;;;;;;;;;;;;;;;;;;;30;1
;;;;;;;;;;;;;;;;;;;;;;;;25;1
;;;;;;;;;;;;;;;;;;;;;;;;25;1
;;;;;;;;;;;;;;;;;;;;;;;;25;1
;;;;;;;;;;;;;;;;;;;;;;;;20;1
;;;;;;;;;;;;;;;;;;;;;;;;21;1
;;;;;;;;;;;;;;;;;;;;;;;;29;1
;;;;;;;;;;;;;;;;;;;;;;;;25;1
;;;;;;;;;;;;;;;;;;;;;;;;30;1
;;;;;;;;;;;;;;;;;;;;;;;;30;1
;;;;;;;;;;;;;;;;;;;;;;;;30;1
;;;;;;;;;;;;;;;;;;;;;;;;25;1
;;;;;;;;;;;;;;;;;;;;;;;;25;1
;;;;;;;;;;;;;;;;;;;;;;;;25;1
;;;;;;;;;;;;;;;;;;;;;;;;25;1
;;;;;;;;;;;;;;;;;;;;;;;;25;1
;;;;;;;;;;;;;;;;;;;;;;;;20;1
;;;;;;;;;;;;;;;;;;;;;;;;29;1
;;;;;;;;;;;;;;;;;;;;;;;;26;1
;;;;;;;;;;;;;;;;;;;;;;;;30;1
;;;;;;;;;;;;;;;;;;;;;;;;24;1
;;;;;;;;;;;;;;;;;;;;;;;;25;1
;;;;;;;;;;;;;;;;;;;;;;;;24;1
;;;;;;;;;;;;;;;;;;;;;;;;26;1
;;;;;;;;;;;;;;;;;;;;;;;;30;1
;;;;;;;;;;;;;;;;;;;;;;;;25;1
;;;;;;;;;;;;;;;;;;;;;;;;22;1
;;;;;;;;;;;;;;;;;;;;;;;;23;1
;;;;;;;;;;;;;;;;;;;;;;;;25;1
;;;;;;;;;;;;;;;;;;;;;;;;25;1
;;;;;;;;;;;;;;;;;;;;;;;;28;1
;;;;;;;;;;;;;;;;;;;;;;;;27;1
;;;;;;;;;;;;;;;;;;;;;;;;30;1
;;;;;;;;;;;;;;;;;;;;;;;;20;1
;;;;;;;;;;;;;;;;;;;;;;;;29;1
;;;;;;;;;;;;;;;;;;;;;;;;22;1
;;;;;;;;;;;;;;;;;;;;;;;;25;1
;;;;;;;;;;;;;;;;;;;;;;;;25;1
;;;;;;;;;;;;;;;;;;;;;;;;20;1
;;;;;;;;;;;;;;;;;;;;;;;;29;1
;;;;;;;;;;;;;;;;;;;;;;;;22;1
;;;;;;;;;;;;;;;;;;;;;;;;26;1
;;;;;;;;;;;;;;;;;;;;;;;;29;1
;;;;;;;;;;;;;;;;;;;;;;;;21;1
;;;;;;;;;;;;;;;;;;;;;;;;25;1
;;;;;;;;;;;;;;;;;;;;;;;;30;1
;;;;;;;;;;;;;;;;;;;;;;;;25;1
;;;;;;;;;;;;;;;;;;;;;;;;25;1
;;;;;;;;;;;;;;;;;;;;;;;;25;1
;;;;;;;;;;;;;;;;;;;;;;;;30;1
;;;;;;;;;;;;;;;;;;;;;;;;25;1
;;;;;;;;;;;;;;;;;;;;;;;;30;1
;;;;;;;;;;;;;;;;;;;;;;;;25;1
;;;;;;;;;;;;;;;;;;;;;;;;30;1
;;;;;;;;;;;;;;;;;;;;;;;;25;1
;;;;;;;;;;;;;;;;;;;;;;;;25;1
;;;;;;;;;;;;;;;;;;;;;;;;24;1
;;;;;;;;;;;;;;;;;;;;;;;;26;1
;;;;;;;;;;;;;;;;;;;;;;;;22;1
;;;;;;;;;;;;;;;;;;;;;;;;27;1
;;;;;;;;;;;;;;;;;;;;;;;;25;1
;;;;;;;;;;;;;;;;;;;;;;;;25;1
;;;;;;;;;;;;;;;;;;;;;;;;29;1
;;;;;;;;;;;;;;;;;;;;;;;;30;1
;;;;;;;;;;;;;;;;;;;;;;;;25;1
;;;;;;;;;;;;;;;;;;;;;;;;25;1
;;;;;;;;;;;;;;;;;;;;;;;;23;1
;;;;;;;;;;;;;;;;;;;;;;;;27;1
;;;;;;;;;;;;;;;;;;;;;;;;22;1
;;;;;;;;;;;;;;;;;;;;;;;;25;1
;;;;;;;;;;;;;;;;;;;;;;;;30;1
;;;;;;;;;;;;;;;;;;;;;;;;25;1
;;;;;;;;;;;;;;;;;;;;;;;;25;1
;;;;;;;;;;;;;;;;;;;;;;;;25;1
;;;;;;;;;;;;;;;;;;;;;;;;25;1
;;;;;;;;;;;;;;;;;;;;;;;;25;1
;;;;;;;;;;;;;;;;;;;;;;;;25;1
;;;;;;;;;;;;;;;;;;;;;;;;24;1
;;;;;;;;;;;;;;;;;;;;;;;;26;1
;;;;;;;;;;;;;;;;;;;;;;;;30;1
;;;;;;;;;;;;;;;;;;;;;;;;30;1
;;;;;;;;;;;;;;;;;;;;;;;;26;1
;;;;;;;;;;;;;;;;;;;;;;;;30;1
;;;;;;;;;;;;;;;;;;;;;;;;28;1
;;;;;;;;;;;;;;;;;;;;;;;;20;1
;;;;;;;;;;;;;;;;;;;;;;;;25;1
;;;;;;;;;;;;;;;;;;;;;;;;25;1
;;;;;;;;;;;;;;;;;;;;;;;;30;1
;;;;;;;;;;;;;;;;;;;;;;;;30;1
;;;;;;;;;;;;;;;;;;;;;;;;30;1
;;;;;;;;;;;;;;;;;;;;;;;;24;1
;;;;;;;;;;;;;;;;;;;;;;;;24;1
;;;;;;;;;;;;;;;;;;;;;;;;29;1
;;;;;;;;;;;;;;;;;;;;;;;;14;1
;;;;;;;;;;;;;;;;;;;;;;;;22;1
;;;;;;;;;;;;;;;;;;;;;;;;25;1
;;;;;;;;;;;;;;;;;;;;;;;;19;1
;;;;;;;;;;;;;;;;;;;;;;;;24;1
;;;;;;;;;;;;;;;;;;;;;;;;26;1
;;;;;;;;;;;;;;;;;;;;;;;;27;1
;;;;;;;;;;;;;;;;;;;;;;;;18;1
;;;;;;;;;;;;;;;;;;;;;;;;30;1
;;;;;;;;;;;;;;;;;;;;;;;;30;1
;;;;;;;;;;;;;;;;;;;;;;;;30;1
;;;;;;;;;;;;;;;;;;;;;;;;26;1
;;;;;;;;;;;;;;;;;;;;;;;;27;1
;;;;;;;;;;;;;;;;;;;;;;;;20;1
;;;;;;;;;;;;;;;;;;;;;;;;24;1
;;;;;;;;;;;;;;;;;;;;;;;;25;1
;;;;;;;;;;;;;;;;;;;;;;;;23;1
;;;;;;;;;;;;;;;;;;;;;;;;27;1
;;;;;;;;;;;;;;;;;;;;;;;;28;1
;;;;;;;;;;;;;;;;;;;;;;;;26;1
;;;;;;;;;;;;;;;;;;;;;;;;23;1
;;;;;;;;;;;;;;;;;;;;;;;;26;1
;;;;;;;;;;;;;;;;;;;;;;;;25;1
;;;;;;;;;;;;;;;;;;;;;;;;25;1
;;;;;;;;;;;;;;;;;;;;;;;;24;1
;;;;;;;;;;;;;;;;;;;;;;;;22;1
;;;;;;;;;;;;;;;;;;;;;;;;25;1
;;;;;;;;;;;;;;;;;;;;;;;;21;1
;;;;;;;;;;;;;;;;;;;;;;;;24;1
;;;;;;;;;;;;;;;;;;;;;;;;26;1
;;;;;;;;;;;;;;;;;;;;;;;;25;1
;;;;;;;;;;;;;;;;;;;;;;;;25;1
;;;;;;;;;;;;;;;;;;;;;;;;20;1
;;;;;;;;;;;;;;;;;;;;;;;;27;1
;;;;;;;;;;;;;;;;;;;;;;;;23;1
;;;;;;;;;;;;;;;;;;;;;;;;22;1
;;;;;;;;;;;;;;;;;;;;;;;;26;1
;;;;;;;;;;;;;;;;;;;;;;;;19;1
;;;;;;;;;;;;;;;;;;;;;;;;24;1
;;;;;;;;;;;;;;;;;;;;;;;;25;1
;;;;;;;;;;;;;;;;;;;;;;;;25;1
;;;;;;;;;;;;;;;;;;;;;;;;21;1
;;;;;;;;;;;;;;;;;;;;;;;;30;1
;;;;;;;;;;;;;;;;;;;;;;;;26;1
;;;;;;;;;;;;;;;;;;;;;;;;24;1
;;;;;;;;;;;;;;;;;;;;;;;;30;1
;;;;;;;;;;;;;;;;;;;;;;;;20;1
;;;;;;;;;;;;;;;;;;;;;;;;30;1
;;;;;;;;;;;;;;;;;;;;;;;;25;1
;;;;;;;;;;;;;;;;;;;;;;;;20;1
;;;;;;;;;;;;;;;;;;;;;;;;27;1
;;;;;;;;;;;;;;;;;;;;;;;;28;1
;;;;;;;;;;;;;;;;;;;;;;;;30;1
;;;;;;;;;;;;;;;;;;;;;;;;30;1
;;;;;;;;;;;;;;;;;;;;;;;;13;1
;;;;;;;;;;;;;;;;;;;;;;;;0;0
;;;;;;;;;;;;;;;;;;;;;;;;0;0
;;;;;;;;;;;;;;;;;;;;;;;;15;1
;;;;;;;;;;;;;;;;;;;;;;;;30;1
;;;;;;;;;;;;;;;;;;;;;;;;30;1
;;;;;;;;;;;;;;;;;;;;;;;;22;1
;;;;;;;;;;;;;;;;;;;;;;;;23;1
;;;;;;;;;;;;;;;;;;;;;;;;25;1
;;;;;;;;;;;;;;;;;;;;;;;;30;1
;;;;;;;;;;;;;;;;;;;;;;;;24;1
;;;;;;;;;;;;;;;;;;;;;;;;29;1
;;;;;;;;;;;;;;;;;;;;;;;;21;1
;;;;;;;;;;;;;;;;;;;;;;;;30;1
;;;;;;;;;;;;;;;;;;;;;;;;30;1
;;;;;;;;;;;;;;;;;;;;;;;;20;1
;;;;;;;;;;;;;;;;;;;;;;;;25;1
;;;;;;;;;;;;;;;;;;;;;;;;24;1
;;;;;;;;;;;;;;;;;;;;;;;;25;1
;;;;;;;;;;;;;;;;;;;;;;;;30;1
;;;;;;;;;;;;;;;;;;;;;;;;21;1
;;;;;;;;;;;;;;;;;;;;;;;;28;1
;;;;;;;;;;;;;;;;;;;;;;;;20;1
;;;;;;;;;;;;;;;;;;;;;;;;29;1
;;;;;;;;;;;;;;;;;;;;;;;;26;1
;;;;;;;;;;;;;;;;;;;;;;;;30;1
;;;;;;;;;;;;;;;;;;;;;;;;24;1
;;;;;;;;;;;;;;;;;;;;;;;;25;1
;;;;;;;;;;;;;;;;;;;;;;;;25;1
;;;;;;;;;;;;;;;;;;;;;;;;27;1
;;;;;;;;;;;;;;;;;;;;;;;;24;1
;;;;;;;;;;;;;;;;;;;;;;;;25;1
;;;;;;;;;;;;;;;;;;;;;;;;25;1
;;;;;;;;;;;;;;;;;;;;;;;;30;1
;;;;;;;;;;;;;;;;;;;;;;;;24;1
;;;;;;;;;;;;;;;;;;;;;;;;30;1
;;;;;;;;;;;;;;;;;;;;;;;;21;1
;;;;;;;;;;;;;;;;;;;;;;;;24;1
;;;;;;;;;;;;;;;;;;;;;;;;25;1
;;;;;;;;;;;;;;;;;;;;;;;;30;1
;;;;;;;;;;;;;;;;;;;;;;;;25;1
;;;;;;;;;;;;;;;;;;;;;;;;25;1
;;;;;;;;;;;;;;;;;;;;;;;;24;1
;;;;;;;;;;;;;;;;;;;;;;;;25;1
;;;;;;;;;;;;;;;;;;;;;;;;30;1
;;;;;;;;;;;;;;;;;;;;;;;;30;1
;;;;;;;;;;;;;;;;;;;;;;;;25;1
;;;;;;;;;;;;;;;;;;;;;;;;24;1
;;;;;;;;;;;;;;;;;;;;;;;;25;1
;;;;;;;;;;;;;;;;;;;;;;;;25;1
;;;;;;;;;;;;;;;;;;;;;;;;25;1
;;;;;;;;;;;;;;;;;;;;;;;;25;1
;;;;;;;;;;;;;;;;;;;;;;;;25;1
;;;;;;;;;;;;;;;;;;;;;;;;25;1
;;;;;;;;;;;;;;;;;;;;;;;;25;1
;;;;;;;;;;;;;;;;;;;;;;;;30;1
;;;;;;;;;;;;;;;;;;;;;;;;25;1
;;;;;;;;;;;;;;;;;;;;;;;;25;1
;;;;;;;;;;;;;;;;;;;;;;;;25;1
;;;;;;;;;;;;;;;;;;;;;;;;30;1
;;;;;;;;;;;;;;;;;;;;;;;;24;1
;;;;;;;;;;;;;;;;;;;;;;;;20;1
;;;;;;;;;;;;;;;;;;;;;;;;30;1
;;;;;;;;;;;;;;;;;;;;;;;;30;1
;;;;;;;;;;;;;;;;;;;;;;;;25;1
;;;;;;;;;;;;;;;;;;;;;;;;25;1
;;;;;;;;;;;;;;;;;;;;;;;;24;1
;;;;;;;;;;;;;;;;;;;;;;;;25;1
;;;;;;;;;;;;;;;;;;;;;;;;25;1
;;;;;;;;;;;;;;;;;;;;;;;;21;1
;;;;;;;;;;;;;;;;;;;;;;;;24;1
;;;;;;;;;;;;;;;;;;;;;;;;30;1
;;;;;;;;;;;;;;;;;;;;;;;;30;1
;;;;;;;;;;;;;;;;;;;;;;;;25;1
;;;;;;;;;;;;;;;;;;;;;;;;25;1
;;;;;;;;;;;;;;;;;;;;;;;;25;1
;;;;;;;;;;;;;;;;;;;;;;;;25;1
;;;;;;;;;;;;;;;;;;;;;;;;25;1
;;;;;;;;;;;;;;;;;;;;;;;;26;1
;;;;;;;;;;;;;;;;;;;;;;;;30;1
;;;;;;;;;;;;;;;;;;;;;;;;25;1
;;;;;;;;;;;;;;;;;;;;;;;;21;1
;;;;;;;;;;;;;;;;;;;;;;;;24;1
;;;;;;;;;;;;;;;;;;;;;;;;25;1
;;;;;;;;;;;;;;;;;;;;;;;;26;1
;;;;;;;;;;;;;;;;;;;;;;;;24;1
;;;;;;;;;;;;;;;;;;;;;;;;24;1
;;;;;;;;;;;;;;;;;;;;;;;;25;1
;;;;;;;;;;;;;;;;;;;;;;;;25;1
;;;;;;;;;;;;;;;;;;;;;;;;22;1
;;;;;;;;;;;;;;;;;;;;;;;;26;1
;;;;;;;;;;;;;;;;;;;;;;;;24;1
;;;;;;;;;;;;;;;;;;;;;;;;26;1
;;;;;;;;;;;;;;;;;;;;;;;;25;1
;;;;;;;;;;;;;;;;;;;;;;;;25;1
;;;;;;;;;;;;;;;;;;;;;;;;30;1
;;;;;;;;;;;;;;;;;;;;;;;;30;1
;;;;;;;;;;;;;;;;;;;;;;;;30;1
;;;;;;;;;;;;;;;;;;;;;;;;30;1
;;;;;;;;;;;;;;;;;;;;;;;;30;1
;;;;;;;;;;;;;;;;;;;;;;;;22;1
;;;;;;;;;;;;;;;;;;;;;;;;23;1
;;;;;;;;;;;;;;;;;;;;;;;;20;1
;;;;;;;;;;;;;;;;;;;;;;;;30;1
;;;;;;;;;;;;;;;;;;;;;;;;25;1
;;;;;;;;;;;;;;;;;;;;;;;;25;1
;;;;;;;;;;;;;;;;;;;;;;;;24;1
;;;;;;;;;;;;;;;;;;;;;;;;21;1
;;;;;;;;;;;;;;;;;;;;;;;;30;1
;;;;;;;;;;;;;;;;;;;;;;;;20;1
;;;;;;;;;;;;;;;;;;;;;;;;30;1
;;;;;;;;;;;;;;;;;;;;;;;;24;1
;;;;;;;;;;;;;;;;;;;;;;;;25;1
;;;;;;;;;;;;;;;;;;;;;;;;25;1
;;;;;;;;;;;;;;;;;;;;;;;;25;1
;;;;;;;;;;;;;;;;;;;;;;;;30;1
;;;;;;;;;;;;;;;;;;;;;;;;29;1
;;;;;;;;;;;;;;;;;;;;;;;;30;1
;;;;;;;;;;;;;;;;;;;;;;;;5;1
;;;;;;;;;;;;;;;;;;;;;;;;25;1
;;;;;;;;;;;;;;;;;;;;;;;;25;1
;;;;;;;;;;;;;;;;;;;;;;;;25;1
;;;;;;;;;;;;;;;;;;;;;;;;30;1
;;;;;;;;;;;;;;;;;;;;;;;;25;1
;;;;;;;;;;;;;;;;;;;;;;;;25;1
;;;;;;;;;;;;;;;;;;;;;;;;30;1
;;;;;;;;;;;;;;;;;;;;;;;;20;1
;;;;;;;;;;;;;;;;;;;;;;;;25;1
;;;;;;;;;;;;;;;;;;;;;;;;25;1
;;;;;;;;;;;;;;;;;;;;;;;;25;1
;;;;;;;;;;;;;;;;;;;;;;;;25;1
;;;;;;;;;;;;;;;;;;;;;;;;19;1
;;;;;;;;;;;;;;;;;;;;;;;;30;1
;;;;;;;;;;;;;;;;;;;;;;;;25;1
;;;;;;;;;;;;;;;;;;;;;;;;21;1
;;;;;;;;;;;;;;;;;;;;;;;;29;1
;;;;;;;;;;;;;;;;;;;;;;;;20;1
;;;;;;;;;;;;;;;;;;;;;;;;22;1
;;;;;;;;;;;;;;;;;;;;;;;;28;1
;;;;;;;;;;;;;;;;;;;;;;;;0;0
;;;;;;;;;;;;;;;;;;;;;;;;0;0
;;;;;;;;;;;;;;;;;;;;;;;;0;0
;;;;;;;;;;;;;;;;;;;;;;;;0;0
;;;;;;;;;;;;;;;;;;;;;;;;0;0
;;;;;;;;;;;;;;;;;;;;;;;;0;0
;;;;;;;;;;;;;;;;;;;;;;;;12;1
;;;;;;;;;;;;;;;;;;;;;;;;28;1
;;;;;;;;;;;;;;;;;;;;;;;;27;1
;;;;;;;;;;;;;;;;;;;;;;;;25;1
;;;;;;;;;;;;;;;;;;;;;;;;25;1
;;;;;;;;;;;;;;;;;;;;;;;;25;1
;;;;;;;;;;;;;;;;;;;;;;;;25;1
;;;;;;;;;;;;;;;;;;;;;;;;26;1
;;;;;;;;;;;;;;;;;;;;;;;;24;1
;;;;;;;;;;;;;;;;;;;;;;;;23;1
;;;;;;;;;;;;;;;;;;;;;;;;20;1
;;;;;;;;;;;;;;;;;;;;;;;;25;1
;;;;;;;;;;;;;;;;;;;;;;;;30;1
;;;;;;;;;;;;;;;;;;;;;;;;25;1
;;;;;;;;;;;;;;;;;;;;;;;;19;1
;;;;;;;;;;;;;;;;;;;;;;;;30;1
;;;;;;;;;;;;;;;;;;;;;;;;25;1
;;;;;;;;;;;;;;;;;;;;;;;;26;1
;;;;;;;;;;;;;;;;;;;;;;;;29;1
;;;;;;;;;;;;;;;;;;;;;;;;30;1
;;;;;;;;;;;;;;;;;;;;;;;;28;1
;;;;;;;;;;;;;;;;;;;;;;;;22;1
;;;;;;;;;;;;;;;;;;;;;;;;23;1
;;;;;;;;;;;;;;;;;;;;;;;;27;1
;;;;;;;;;;;;;;;;;;;;;;;;25;1
;;;;;;;;;;;;;;;;;;;;;;;;25;1
;;;;;;;;;;;;;;;;;;;;;;;;25;1
;;;;;;;;;;;;;;;;;;;;;;;;23;1
;;;;;;;;;;;;;;;;;;;;;;;;22;1
;;;;;;;;;;;;;;;;;;;;;;;;25;1
;;;;;;;;;;;;;;;;;;;;;;;;25;1
;;;;;;;;;;;;;;;;;;;;;;;;25;1
;;;;;;;;;;;;;;;;;;;;;;;;30;1
;;;;;;;;;;;;;;;;;;;;;;;;30;1
;;;;;;;;;;;;;;;;;;;;;;;;30;1
;;;;;;;;;;;;;;;;;;;;;;;;30;1
;;;;;;;;;;;;;;;;;;;;;;;;30;1
;;;;;;;;;;;;;;;;;;;;;;;;30;1
;;;;;;;;;;;;;;;;;;;;;;;;30;1
;;;;;;;;;;;;;;;;;;;;;;;;29;1
;;;;;;;;;;;;;;;;;;;;;;;;30;1
;;;;;;;;;;;;;;;;;;;;;;;;30;1
;;;;;;;;;;;;;;;;;;;;;;;;30;1
;;;;;;;;;;;;;;;;;;;;;;;;21;1
;;;;;;;;;;;;;;;;;;;;;;;;25;1
;;;;;;;;;;;;;;;;;;;;;;;;20;1
;;;;;;;;;;;;;;;;;;;;;;;;30;1
;;;;;;;;;;;;;;;;;;;;;;;;29;1
;;;;;;;;;;;;;;;;;;;;;;;;30;1
;;;;;;;;;;;;;;;;;;;;;;;;30;1
;;;;;;;;;;;;;;;;;;;;;;;;30;1
;;;;;;;;;;;;;;;;;;;;;;;;30;1
;;;;;;;;;;;;;;;;;;;;;;;;26;1
;;;;;;;;;;;;;;;;;;;;;;;;25;1
;;;;;;;;;;;;;;;;;;;;;;;;30;1
;;;;;;;;;;;;;;;;;;;;;;;;30;1
;;;;;;;;;;;;;;;;;;;;;;;;25;1
;;;;;;;;;;;;;;;;;;;;;;;;25;1
;;;;;;;;;;;;;;;;;;;;;;;;25;1
;;;;;;;;;;;;;;;;;;;;;;;;30;1
;;;;;;;;;;;;;;;;;;;;;;;;20;1
;;;;;;;;;;;;;;;;;;;;;;;;30;1
;;;;;;;;;;;;;;;;;;;;;;;;23;1
;;;;;;;;;;;;;;;;;;;;;;;;22;1
;;;;;;;;;;;;;;;;;;;;;;;;30;1
;;;;;;;;;;;;;;;;;;;;;;;;25;1
;;;;;;;;;;;;;;;;;;;;;;;;25;1
;;;;;;;;;;;;;;;;;;;;;;;;25;1
;;;;;;;;;;;;;;;;;;;;;;;;25;1
;;;;;;;;;;;;;;;;;;;;;;;;25;1
;;;;;;;;;;;;;;;;;;;;;;;;30;1
;;;;;;;;;;;;;;;;;;;;;;;;28;1
;;;;;;;;;;;;;;;;;;;;;;;;9;1
